raw_term,frequency
salt,7934
water,5731
sugar,4906
citric acid,2423
riboflavin,1876
folic acid,1865
niacin,1713
wheat flour,1713
natural flavor,1435
reduced iron,1353
soybean oil,1273
sea salt,1234
soy lecithin,1217
spices,1189
thiamine mononitrate,1120
xanthan gum,1031
corn syrup,1007
dextrose,998
enzymes,964
yeast,886
natural flavors,850
garlic,818
vinegar,776
milk,753
canola oil,727
thiamin mononitrate,719
maltodextrin,709
palm oil,707
guar gum,698
ascorbic acid,695
cream,687
malted barley flour,680
corn starch,675
yeast extract,658
whey,622
sodium bicarbonate,611
high fructose corn syrup,608
onion powder,601
baking soda,600
caramel color,569
modified corn starch,555
garlic powder,552
monocalcium phosphate,546
vegetable oil,541
potassium sorbate,537
lactic acid,512
eggs,478
sodium acid pyrophosphate,475
onion,471
enriched wheat flour,454
leavening,439
spice,438
butter,417
honey,417
distilled vinegar,404
cornstarch,400
sunflower oil,399
red 40,387
modified food starch,384
cane sugar,371
onions,370
yellow 5,365
iron,359
carrots,357
paprika,351
blue 1,350
sodium benzoate,350
black pepper,349
cocoa butter,346
artificial flavor,345
wheat gluten,341
vitamin a palmitate,335
pasteurized milk,334
flour,329
calcium propionate,328
cellulose gum,323
tomato paste,323
calcium sulfate,321
celery,319
yellow 6,319
natural and artificial flavor,318
enriched flour,315
carrageenan,312
peanuts,312
sodium phosphate,311
sodium nitrite,306
filtered water,298
beef,291
lemon juice concentrate,291
brown sugar,290
nonfat milk,290
cheese cultures,288
mono- and diglycerides,286
skim milk,282
soybean,281
monosodium glutamate,276
turmeric,274
cheese culture,264
sodium citrate,263
molasses,262
natural and artificial flavors,258
wheat,258
almonds,254
corn,248
calcium chloride,246
preservatives,246
soybeans,246
olive oil,240
nonfat dry milk,239
pyridoxine hydrochloride,237
sodium erythorbate,237
bleached wheat flour,234
walnuts,234
cinnamon,229
monoglycerides,223
wheat starch,216
locust bean gum,214
pectin,214
carnauba wax,209
chocolate,209
pork,209
niacinamide,208
rice flour,208
spinach,207
mono and diglycerides,206
parsley,205
milk chocolate,204
potato starch,201
sodium stearoyl lactylate,201
carbonated water,200
rice,200
corn syrup solids,199
lactose,199
titanium dioxide,199
sodium diacetate,195
lemon juice,194
soy flour,194
for color,191
fumaric acid,185
baking powder,184
vitamin d3,183
beta carotene,182
broccoli,181
coconut oil,180
corn flour,180
egg whites,180
egg yolks,179
gum arabic,178
tomatoes,178
calcium disodium edta,176
dehydrated onion,175
whole wheat flour,175
carob bean gum,172
soy sauce,172
chicken fat,171
cashews,169
sodium aluminum phosphate,165
potatoes,164
calcium carbonate,163
ferrous sulfate,160
gum acacia,160
sardines,160
vitamin b12,160
confectioner's glaze,158
shrimp,158
ginger,157
milkfat,155
red 40 lake,155
invert sugar,154
annatto,153
extra virgin olive oil,153
food starch-modified,152
mayonnaise,152
polysorbate 60,151
sorbic acid,151
sodium ascorbate,150
datem,149
dehydrated garlic,149
disodium inosinate,149
modified cornstarch,149
vegetable shortening,149
tapioca starch,148
organic cane sugar,146
pineapple,144
malic acid,143
enzyme,142
palm,142
polysorbate 80,142
yellow 5 lake,142
blue 2,137
blueberries,137
disodium guanylate,135
whey powder,135
parmesan cheese,134
cheddar cheese,133
sodium tripolyphosphate,133
an emulsifier,131
gelatin,130
zinc oxide,129
sunflower lecithin,128
sunflower seeds,128
to preserve freshness,128
autolyzed yeast extract,127
carrot,127
to protect flavor,127
dextrin,126
palm kernel oil,124
yellow corn flour,124
avocado,123
cilantro,123
contains or less of: salt,123
flavoring,123
seasoning,123
rice vinegar,122
wheat bran,122
yellow 6 lake,122
artificial flavors,121
blue 2 lake,121
whole eggs,121
hydrolyzed soy protein,120
pasteurized cream,120
red 3,119
sodium phosphates,119
sucralose,119
canola,118
flavorings,118
potassium chloride,118
cod,117
whey protein concentrate,117
margarine,116
mustard seed,116
cultures,115
enriched bleached flour,115
potassium lactate,115
chickpeas,113
natural flavoring,112
egg yolk,110
vitamin d,109
corn oil,108
buttermilk,106
cream cheese,106
strawberries,106
chicken broth,105
sodium propionate,105
alcohol,104
vanilla extract,104
annatto extract,103
contains less than of salt,103
sorbitol,103
potato flour,102
tomato puree,102
apple juice concentrate,100
dough conditioner,100
peanut oil,100
hydrolyzed corn protein,99
apples,98
cottonseed,98
egg,98
sodium aluminum sulfate,97
soy,96
artificial color,95
red pepper,95
bread crumbs,94
pineapple juice,94
mustard,93
disodium phosphate,92
dried garlic,92
fruit pectin,91
sesame seeds,91
chocolate liquor,90
cucumber,90
lentils,90
silicon dioxide,89
raisins,88
to maintain freshness,88
unbleached wheat flour,88
cocoa processed with alkali,87
enriched bleached wheat flour,87
natural flavorings,87
blue 1 lake,86
mono & diglycerides,86
sour cream,86
turkey,85
vital wheat gluten,85
beef stock,84
sodium caseinate,83
cucumbers,82
peas,82
pepper,82
sunflower,82
vitamin b2,82
a preservative,81
cultured dextrose,81
cumin,81
sodium metabisulfite,81
whole milk,81
barley,80
cocoa,80
vanilla,80
vitamin b6,79
apple cider vinegar,78
coloring,78
dough conditioners,78
potato flakes,78
processed with alkali,78
tartaric acid,78
granulated garlic,77
jalapeno peppers,76
tomato,76
distilled monoglycerides,75
tuna,75
carrot juice concentrate,74
chili pepper,74
malt,74
propylene glycol,74
vanillin,74
yogurt powder,74
grain vinegar,73
vitamin b1,73
white pepper,73
chia seeds,72
expeller pressed canola oil,72
oregano,72
phosphoric acid,72
popcorn,72
quinoa,72
dried onion,71
flavor,71
glycerin,71
organic carrots,71
to retain moisture,71
acetic acid,70
organic chia seeds,70
paprika extract,69
powdered cellulose,69
sesame oil,69
seaweed,67
vitamin c,67
whole milk powder,67
ammonium bicarbonate,66
color,66
bananas,65
basil,65
rosemary extract,65
sorbitan monostearate,65
chicken stock,64
coconut,64
color added,64
oat fiber,64
pasteurized milk and cream,64
beta-carotene,63
fructose,63
sodium alginate,63
agar,62
cultured wheat flour,62
extractives of paprika,62
sodium lactate,62
bacterial culture,61
colors,61
contains or less of salt,61
mustard flour,61
unbleached enriched flour,61
flaxseed,60
kelp extract,60
organic wheat flour,60
sushi vinegar,60
calcium lactate,59
mixed tocopherols,59
red bell peppers,59
ammonium sulfate,58
artificial colors,58
hydrogenated starch hydrolysates,58
natamycin,58
organic sugar,58
potassium benzoate,58
rennet,58
whole grain rolled oats,58
cyanocobalamin,57
glucose syrup,57
green peas,57
skim milk powder,57
brown rice,56
oleoresin paprika,56
tomato powder,56
white rice,56
corn meal,55
disodium inosinate and disodium guanylate,55
lime juice,55
modified tapioca starch,55
rice starch,55
vitamin e,55
calcium phosphate,54
cultured pasteurized milk,54
maltitol,54
mechanically separated turkey,54
nutmeg,54
tricalcium phosphate,54
avocado oil,53
cultured milk,53
organic sunflower oil,53
pea protein,53
pickled ginger,53
salmon,53
tapioca dextrin,53
cocoa powder,52
fish,52
natural smoke flavor,52
romano cheese,52
spice extractives,52
bht,51
calcium pantothenate,51
caramel,51
lecithin,51
torula yeast,51
acesulfame potassium,50
chili powder,50
cranberries,50
ferric orthophosphate,50
iceberg lettuce,50
organic garlic,50
red bell pepper,50
romaine lettuce,50
artificial and natural flavors,49
beef fat,49
cocoa mass,49
contains milk,49
culture,49
cultured whey,49
grape juice concentrate,49
milk fat,49
natural & artificial flavors,49
orange juice concentrate,49
organic onions,49
pasteurized cow's milk,49
potassium sorbate and sodium benzoate,49
soy protein concentrate,49
tapioca,49
tocopherols,49
tomato juice,49
dehydrated onions,48
lime juice concentrate,48
mango,48
organic spices,48
potato,48
sodium hexametaphosphate,48
stabilizers,48
thyme,48
to prevent caking,48
brown rice syrup,47
garlic*,47
includes blue 1 lake,47
milk protein concentrate,47
organic coconut oil,47
rolled oats,47
and salt,46
cayenne pepper,46
celery seed,46
concentrated lemon juice,46
contains less than of the following: salt,46
dicalcium phosphate,46
green leaf lettuce,46
kosher salt,46
ricotta cheese,46
interesterified soybean oil,45
organic celery,45
organic honey,45
sodium benzoate and potassium sorbate,45
vitamin b,45
contains less than of: salt,44
green onion,44
heavy cream,44
palm kernel,44
preservative,44
red peppers,44
sodium bisulfite,44
beef broth,43
bleached enriched wheat flour,43
cornmeal,43
hydrogenated palm kernel oil,43
interesterified and hydrogenated soybean oils,43
malted barley,43
modified potato starch,43
mozzarella cheese,43
onion*,43
potassium iodate,43
whole grain oat flour,43
whole grain wheat flour,43
brown rice flour,42
contains one or more of the following: corn,42
firming agent,42
flavors,42
iodized salt,42
mango puree,42
natural & artificial flavor,42
oats,42
onion juice concentrate,42
organic onion powder,42
red cabbage,42
shellac,42
unbleached enriched wheat flour,42
black beans,41
chili peppers,41
dehydrated parsley,41
from milk,41
hydrogenated soybean oil,41
microcrystalline cellulose,41
oleoresin of paprika,41
organic garlic powder,41
peanut,41
tapioca flour,41
to promote color retention,41
yellow #6,41
celery juice concentrate,40
natural vanilla flavor,40
tbhq,40
vegetable broth,40
yogurt coating,40
cabbage,39
chicken,39
chickpea flour,39
less than - corn syrup,39
thiamine hydrochloride,39
dried blueberries,38
enriched with niacin,38
glycerine,38
green beans,38
horseradish,38
lamb,38
lettuce,38
orange peel,38
pasteurized part-skim milk,38
potassium citrate,38
red quinoa,38
shortening,38
cider vinegar,37
coriander,37
fd&c red #40,37
lemon oil,37
turkey broth,37
white distilled vinegar,37
banana puree,36
barley malt extract,36
cellulose,36
cultured cream,36
dill,36
erythritol,36
mushrooms,36
mustard seeds,36
organic soybeans,36
yogurt flavored coating,36
cured with water,35
dehydrated vegetables,35
distilled white vinegar,35
fd&c yellow #5,35
l-cysteine,35
mono-and diglycerides,35
peppers,35
preserves freshness,35
pretzels,35
pure cane sugar,35
unsweetened chocolate,35
vegetable oils,35
as a preservative,34
ascorbic acid added as a dough conditioner,34
beeswax,34
cauliflower,34
concentrated orange juice,34
confectioners glaze,34
cookies,34
cream of tartar,34
cultured skim milk,34
glucose,34
jalapeno pepper,34
less than of: salt,34
natural butter flavor,34
strawberry puree,34
yellow #5,34
and calcium propionate and sorbic acid,33
emulsifier,33
enriched unbleached wheat flour,33
organic extra virgin olive oil,33
pineapple juice concentrate,33
sesame seed,33
added to preserve freshness,32
celery powder,32
egg white,32
orange juice,32
organic lentils,32
paprika oleoresin,32
pumpkin seeds,32
sushi rice,32
tomato sauce,32
vitamin a,32
white wine,32
apple juice,31
breadcrumbs,31
citrus fiber,31
cottonseed oil,31
defatted soy flour,31
emulsifiers,31
hydrogenated cottonseed oil,31
modified starch,31
pearled barley,31
red onion,31
rice syrup,31
rosemary,31
rye flour,31
turmeric extract,31
acacia gum,30
bha,30
calcium silicate,30
dates,30
extract of paprika,30
organic canola oil,30
safflower oil,30
seasoning blend,30
stabilizer,30
whole grain oats,30
whole grain wheat,30
a b vitamin,29
acidity regulator,29
bleached enriched flour,29
corn maltodextrin,29
dipotassium phosphate,29
ester gum,29
lactic acid starter culture,29
methylcellulose,29
milk powder,29
nisin preparation,29
organic quinoa,29
partially hydrogenated soybean oil,29
pasteurized part skim milk,29
red #40,29
soy protein isolate,29
sweet cream,29
thiamin,29
tomato pulp,29
turkey stock,29
whole egg,29
as preservatives,28
barley malt,28
calcium peroxide,28
canola and/or soybean oil,28
cholecalciferol,28
milkfat and nonfat milk,28
organic tapioca starch,28
pgpr,28
raw salmon,28
sweet cream buttermilk,28
thiamine,28
to retain freshness,28
yogurt,28
zinc,28
as preservative,27
blue #1,27
dehydrated potatoes,27
dried parsley,27
durum wheat flour,27
grape juice,27
hydrolyzed corn,27
includes red 40,27
l. acidophilus,27
l. bulgaricus,27
leeks,27
maple syrup,27
microbial enzymes,27
mold inhibitor,27
organic guar gum,27
powdered sugar,27
sucrose,27
tapioca syrup,27
to retard spoilage,27
turkey fat,27
vegetable stock,27
caffeine,26
carrot powder,26
dijon mustard,26
fd&c yellow #6,26
feta cheese,26
gellan gum,26
glucono delta lactone,26
granulated onion,26
hydrolyzed vegetable protein,26
ingredients: water,26
lard,26
nonfat milk powder,26
onions*,26
organic black pepper,26
organic lemon juice,26
pinto beans,26
raw tuna,26
soybean lecithin,26
sulfur dioxide,26
unsalted butter,26
water chestnuts,26
an artificial flavor,25
anti-caking agent,25
balsamic vinegar,25
basmati rice,25
biotin,25
blackeye peas,25
chia seed,25
dried whey,25
food starch,25
garlic puree,25
less than - palm oil,25
mechanically separated chicken,25
mineral oil,25
organic brown rice syrup,25
potassium phosphate,25
radicchio,25
riboflavin and folic acid,25
smoke flavor,25
sunflower kernels,25
thiamin hydrochloride,25
to make free flowing,25
whey solids,25
white quinoa,25
white vinegar,25
a natural mold inhibitor,24
annatto color,24
beef extract,24
buttermilk powder,24
chicory root fiber,24
chili,24
chives,24
contains or less of the following: salt,24
fd&c blue #1,24
granulated sugar,24
liquid sugar,24
mixed tocopherols . vitamins and minerals: calcium carbonate,24
mononitrate,24
or canola oil,24
organic chickpea flour,24
organic spinach,24
palm and palm kernel oil,24
palmitate,24
pasteurized whole milk,24
pecans,24
s. thermophilus,24
textured soy flour,24
tripotassium phosphate,24
vinegar powder,24
whole eggs and egg yolks,24
alpha tocopherol acetate,23
atlantic salmon,23
celery seeds,23
contains or less: salt,23
diced tomatoes,23
edamame,23
evaporated cane juice,23
glucose-fructose syrup,23
grape juice from concentrate,23
kale,23
millet,23
monk fruit extract,23
organic soy lecithin,23
organic sunflower seeds,23
organic vinegar,23
pasteurized cultured milk and cream,23
safflower,23
sage,23
smoke flavoring,23
soybean and/or canola oil,23
tomato concentrate,23
yellowfin tuna,23
zinc sulfate,23
anticaking agent,22
apple,22
artificial flavoring,22
bay leaf,22
cellulose gel,22
chicken base,22
chicken flavor,22
dried cranberries,22
for tartness,22
high oleic sunflower oil,22
natural vanilla extract,22
organic chickpeas,22
organic expeller pressed canola oil,22
organic white quinoa,22
partially hydrogenated palm kernel oil,22
potassium acetate,22
potassium bromate,22
red wine vinegar,22
sesame tahini,22
tahini,22
textured vegetable protein,22
turkey breast,22
turmeric and annatto,22
vegetable oil shortening,22
calcium stearoyl lactylate,21
cane sugar*,21
contains one or more of the following: canola,21
contains or less of: leavening,21
contains or less of: soy lecithin,21
cultured celery powder,21
dehydrated bell peppers,21
dimethyl silicone,21
disodium inosinate and guanylate,21
enriched unbleached flour,21
green peppers,21
lemon,21
lime,21
medium chain triglycerides,21
milk solids,21
milled corn,21
nonfat milk solids,21
onion flakes,21
organic apple cider vinegar,21
organic whole wheat flour,21
parsley*,21
pasteurized whey,21
reduced mineral whey powder,21
soy protein,21
sugar*,21
wasabi,21
artificial vanilla flavor,20
aspartame,20
barley malt powder,20
bell peppers,20
carrots*,20
degerminated yellow corn flour,20
disodium dihydrogen pyrophosphate,20
dried yeast,20
dry whole milk,20
fd&c red 40,20
filling,20
flavor enhancers,20
for anti-foaming,20
hass avocado,20
inulin,20
light cream,20
modified whey,20
mono- & diglycerides,20
organic onion,20
organic tomato paste,20
organic turmeric,20
pea protein isolate,20
polyglycerol esters of fatty acids,20
potassium bicarbonate,20
purified water,20
sauce,20
tamarind,20
unsweetened chocolate and vanilla,20
used to protect quality,20
and folic acid,19
and/or sunflower oil,19
azodicarbonamide,19
banana,19
calcium stearate,19
canola oil*,19
chick peas,19
chicken powder,19
cloves,19
coconut milk,19
ethoxylated mono- and diglycerides,19
ethyl alcohol,19
folic acid},19
for freshness,19
jalapeno,19
made from corn,19
modified wheat starch,19
natural spices,19
organic almonds,19
organic brown rice,19
organic peas,19
organic tomato puree,19
palm kernel oil and/or palm oil,19
rapeseed oil,19
roasted garlic,19
scallions,19
smoked paprika,19
sodium chloride,19
soy bean oil,19
starch,19
sugar alcohol,19
sulfites,19
trisodium phosphate,19
watermelon,19
whole oat flour,19
yellow prussiate of soda,19
a milk derivative,18
amylase,18
and yeast,18
apple juice from concentrate,18
bacon,18
calcium propionate and sorbic acid,18
crushed garlic,18
enriched flour bleached,18
extra virgin olive oil*,18
extractive of paprika,18
fd&c yellow 5,18
flax seeds,18
food starch modified,18
garlic extract,18
green bell peppers,18
icing sugar,18
light tuna,18
monterey jack cheese,18
nisin,18
oat bran,18
organic cashews,18
organic corn starch,18
organic flaxseed,18
organic palm oil,18
organic vanilla extract,18
pink himalayan salt,18
red leaf lettuce,18
rendered chicken fat,18
roasted almonds,18
sodium polyphosphates,18
sodium silicoaluminate,18
soluble corn fiber,18
soya lecithin,18
soybean oil and/or canola oil,18
tetrasodium pyrophosphate,18
vegetable glycerin,18
vegetable monoglycerides,18
vitamin a palmitate added,18
allspice,17
artichokes,17
beans,17
beef and pork,17
cheese,17
contains or less of: sugar,17
cultured nonfat milk,17
cultured whey and nonfat milk,17
enriched durum flour,17
expeller-pressed canola oil,17
fresh cucumbers,17
green lentils,17
ground sesame,17
hydrolyzed corn gluten,17
malt extract,17
modified cellulose,17
mushroom,17
natural orange flavor,17
natural smoke flavoring,17
nonfat yogurt powder,17
organic natural flavor,17
organic rice flour,17
organic tomatoes,17
propellant,17
rice bran oil,17
sesame,17
shallot,17
soy and wheat protein,17
to help protect flavor,17
to maintain color,17
tomatillo,17
unbleached,17
yellow corn meal,17
allulose,16
and citric acid,16
arborio rice,16
brown sugar syrup,16
butter oil,16
canola and/or corn oil,16
celery*,16
contains or less of: soybean oil,16
cultured wheat starch,16
egg white lysozyme,16
enriched high gluten flour,16
flaxseeds,16
fruit and vegetable juice,16
gadus macrocephalus,16
garbanzo beans,16
garlic oil,16
glycerol ester of rosin,16
green bell pepper,16
hydrolyzed soy,16
hydrolyzed soy and corn protein,16
in a natural lamb casing,16
isolated soy protein,16
kosher gelatin,16
maintains freshness,16
mint,16
natural banana flavor,16
natural casing,16
oil,16
orange juice from concentrate,16
orange pulp,16
organic refined coconut oil,16
pear juice concentrate,16
pink salmon,16
pork and/or lamb,16
propionic acid,16
raisin juice concentrate,16
reb a,16
riboflavin {vitamin b2},16
salt},16
semolina flour,16
smoked salmon,16
sodium acetate,16
sorbic acid and calcium disodium edta,16
soybean oil and hydrogenated soybean oil,16
spinach powder,16
to protect quality,16
tocopherol,16
tomatillos,16
vegetable base,16
vegetable color,16
vitamin e acetate,16
yeast nutrients,16
agar-agar,15
bifidus,15
butter lettuce,15
calcium acetate,15
celery salt,15
chicken fat*,15
concord grape juice,15
dairy whey,15
degerminated yellow corn meal,15
dried whole eggs,15
durum wheat semolina,15
fractionated palm kernel oil,15
gluten free soy sauce,15
green onions,15
himalayan pink salt,15
hydrolyzed wheat gluten,15
includes beta carotene,15
ingredients: sugar,15
lemon juice from concentrate,15
lemon peel,15
olives,15
organic potatoes,15
peanut butter,15
raw cashews,15
red lentils,15
stevia extract,15
sunflower seed oil,15
vegetable juice,15
vegetable protein,15
whole milk solids,15
annatto and turmeric,14
baby spinach,14
calcium disodium edta added to protect flavor,14
coconut oil*,14
cooked beef,14
cooked chickpeas,14
cooked shrimp,14
corn masa flour,14
dark chocolate,14
degermed yellow corn meal,14
dill weed,14
dried onions,14
enriched wheat flour bleached,14
graham flour,14
hydrogenated coconut oil,14
hydrogenated vegetable oil,14
leek,14
mangoes,14
mizuna,14
non fat milk,14
oat extract,14
organic carrot juice concentrate,14
organic cinnamon,14
organic pumpkin seeds,14
organic soybean oil,14
pasteurized part-skim cow's milk,14
poppy seeds,14
propylene glycol alginate,14
rapeseed,14
refined coconut oil,14
rice malt,14
salted sake,14
sesame seed oil,14
sodium pyrophosphate,14
soybean and/or canola,14
spices*,14
spirulina,14
standardized with dextrose,14
stevia leaf extract,14
swiss cheese,14
tango,14
vanilla flavor,14
vegetable oil blend,14
vegetables,14
watermelon juice,14
watermelon juice concentrate,14
wheat germ,14
white sesame seeds,14
added to retain moisture,13
almond,13
artificial butter flavor,13
bleached wheat flour enriched,13
buttermilk solids,13
calcium disodium edta to protect flavor,13
calcium propionate and potassium sorbate,13
capers,13
carmine,13
contains less than of natural and artificial flavor,13
contains or less : corn syrup,13
contains or less of each of the following: salt,13
contains or less of natural flavors,13
cracked wheat,13
dressing,13
dried cane syrup,13
durum flour,13
evaporated cane syrup,13
fd&c yellow 6,13
ferric phosphate,13
flavor enhancer,13
flaxseed oil,13
from concentrate,13
glycerol,13
ham,13
l-cysteine hydrochloride,13
lecithin as emulsifier,13
less than of salt,13
lime oil,13
lipase,13
magnesium oxide,13
malt flavor,13
maple sugar,13
microbial enzyme,13
mono-diglycerides,13
nutritional yeast,13
organic broccoli,13
organic evaporated cane juice,13
palm shortening,13
parsley flakes,13
pearl barley,13
potassium sorbate and calcium propionate,13
refined olive oil,13
roasted peanuts,13
salad dressing,13
salt. vitamins and minerals: ferric orthophosphate,13
semolina,13
sheep's milk,13
sodium nitrate,13
strawberry juice,13
strawberry juice concentrate,13
sunflower oil*,13
thiamine mononitrate {vitamin b1},13
to acidify,13
turmeric oleoresin,13
vanillin: an artificial flavor,13
vegetable mono & diglycerides,13
white mineral oil,13
white rice flour,13
wine vinegar,13
added to make free flowing,12
albacore tuna,12
almond flour,12
anchovies,12
and enzymes,12
and natural flavor,12
and yellow 5,12
artichoke,12
artichoke hearts,12
autolyzed yeast,12
beef base,12
beer,12
bell pepper,12
cane molasses,12
cashew,12
coconut cream,12
contains one or more of the following: canola oil,12
contains or less of black pepper,12
contains or less of the following: soybean oil,12
contains sulfites,12
"cornstarch, less than of: palm oil",12
crust,12
dehydrated red bell pepper,12
disodium edta,12
dried apples,12
dry roasted peanuts,12
enriched corn meal,12
green chard,12
hops,12
leavening agent,12
lolla rosa,12
magnesium stearate,12
mangos,12
natural color,12
natural hickory smoke flavor,12
neufchatel cheese,12
organic baby spinach,12
organic barley,12
organic black chia seeds,12
organic caramel color,12
organic cornstarch,12
organic green lentils,12
organic molasses,12
organic potato starch,12
organic red quinoa,12
organic rice starch,12
organic spice,12
pacific cod,12
pasteurized cultured milk,12
quinoa brown rice,12
red chard,12
shallots,12
sodium benzoate and potassium sorbate as preservatives,12
sodium carbonate,12
spice extract,12
spices & flavorings,12
steamed chickpeas,12
streptococcus thermophilus,12
sugars,12
tapioca maltodextrin,12
vitamin d2,12
wild rice,12
zucchini,12
aluminum sodium sulfate,11
amaranth,11
and garlic oil,11
arabic gum,11
arugula,11
bay leaves,11
beet juice,11
beet powder,11
calcium hydroxide,11
calcium iodate,11
carrot puree,11
citrus extract,11
concord grapes,11
contains citric acid,11
contains or less of the following: yeast,11
contains or less of: mono- and diglycerides,11
contains or less of: onions,11
cooked chicken,11
cucumber juice,11
cultured milk and cream,11
cultured whey protein concentrate,11
dehydrated bell pepper,11
dried carrots,11
dried vinegar,11
evaporated cane sugar,11
fd&c red #3,11
flaxseed meal,11
frisee,11
from corn,11
ginger puree,11
grill flavor,11
hard cooked eggs,11
hass avocados,11
idaho potatoes,11
includes the oat bran,11
jalapenos,11
kidney beans,11
lamb casing,11
leavening blend,11
live active cultures,11
low-moisture part-skim mozzarella cheese,11
malt syrup,11
malted wheat flour,11
microbial rennet,11
natural flavour,11
natural vanilla,11
nonfat yogurt,11
or sunflower,11
organic coconut sugar,11
organic corn,11
organic paprika,11
organic sunflower lecithin,11
organic unbleached wheat flour,11
organic virgin coconut oil,11
palm kernel oil and palm oil,11
potato maltodextrin,11
powdered cellulose added to prevent caking,11
prepared chick peas,11
psyllium husk,11
red leaf,11
red oak,11
reduced iron and zinc oxide,11
ricotta,11
roasted chickpeas,11
sodium metabisulphite,11
sorghum flour,11
soy oil,11
soy sauce powder,11
spice extractive,11
stevia,11
sunflower or canola oil,11
tara gum,11
tbhq and citric acid,11
trace of lime,11
turbinado sugar,11
vanillin },11
white cheddar cheese,11
xanthan and guar gum,11
a mold inhibitor,10
added to prevent caking,10
alum,10
antioxidants,10
arrowroot powder,10
avocados,10
beef gelatine,10
blueberry flavored nuggets,10
bread: enriched wheat flour,10
breading,10
butter flavor,10
butterfat,10
carboxymethylcellulose,10
carrot juice,10
cashew butter,10
chicken breast with rib meat,10
citric acid preservative,10
citric acid*,10
clarified pineapple juice concentrate,10
clove,10
cod fillets,10
contains less than of each of the following: salt,10
contains less than of soy lecithin,10
contains one or more of the following: sodium stearoyl lactylate,10
contains or less of each of the following: yeast,10
contains or less of leavening,10
contains or less of the following: natural flavor,10
cooked brown rice,10
cooked rice,10
corn bran,10
cow's milk,10
creamer,10
crisp rice,10
crushed pineapple,10
crushed wheat,10
cultured wheat,10
dark brown sugar,10
dehydrated chicken,10
dehydrated garlic and onion,10
dehydrated potato flakes,10
disodium edta added to promote color retention,10
dried egg whites,10
dry buttermilk,10
enriched wheat flour {wheat flour,10
enzymes},10
fd&c blue 1,10
ferrous fumarate,10
folic acid],10
food starch - modified,10
fried shallot,10
glycerol ester of wood rosin,10
green oak,10
ground beef,10
imitation blueberry bits,10
isolated pea product,10
lemon juice solids,10
liquid soybean oil,10
liquid whole eggs,10
mango juice,10
mango pulp,10
marjoram,10
mustard powder,10
natural smoke,10
naturally derived citric acid,10
onion juice,10
onion powder*,10
organic agave syrup,10
organic alcohol,10
organic bananas,10
organic carrot,10
organic cilantro,10
organic eggs,10
organic ginger,10
organic lemon juice concentrate,10
organic palm fruit oil,10
organic soy flour,10
organic tapioca syrup,10
organic whole rolled oats,10
palm fruit,10
palm fruit oil,10
palm oil shortening,10
panko,10
pasta,10
pasteurized,10
pickles,10
potassium sorbate added to maintain freshness,10
pure vanilla extract,10
salted butter,10
sherry wine,10
shrimp powder,10
succinic acid,10
sweetened condensed milk,10
sweetener,10
tatsoi,10
titanium dioxide color,10
tomato paste from vine-ripened tomatoes,10
tuna salad,10
veal,10
vegetable fat,10
vegetable fats,10
wheat protein,10
whey protein isolate,10
white grape juice concentrate,10
white onion,10
worcestershire sauce,10
xanthan,10
yellow corn,10
american cheese,9
anticaking,9
banana chips,9
black chia seeds,9
caramel coloring,9
carbohydrate gum,9
carbon dioxide,9
carrageenan gum,9
carrot extract,9
chicken meat including chicken juices,9
clarified mango juice concentrate,9
coconut and canola oil,9
concentrate,9
condensed skim milk,9
contains less than of baking soda,9
contains less than of sugar,9
contains less than of: citric acid,9
contains or less of dextrose,9
contains or less of: fruit pectin,9
contains or less of: sea salt,9
cooked turkey meat including natural turkey juices,9
cream and nonfat milk,9
cured with: water,9
curry powder,9
dehydrated potato,9
dietary fiber,9
dimethylpolysiloxane,9
dried glucose syrup,9
dried vegetables,9
dry nonfat yogurt,9
dry roasted cashews,9
elderberry juice concentrate,9
enrichment,9
fd&c red no. 40,9
fractionated coconut oil,9
fresh garlic,9
fruit & vegetable juice,9
fruit juice,9
fruit juice concentrate,9
garlic salt,9
grade a cultured cream,9
grain alcohol,9
granola,9
grated coconut,9
gravy flavor base,9
green chile peppers,9
green tea,9
green tea extract,9
ground cinnamon,9
herbs,9
herring,9
hot sauce,9
including extractives of paprika,9
including mustard,9
ingredients: peanuts,9
iron as ferrous sulfate,9
lac-resin,9
leavening agents,9
liquid smoke,9
lycopene,9
milled rice,9
natural casing derived from lamb,9
natural mango flavor,9
nisin preparation and spices,9
non-fat dry milk,9
non-gmo expeller pressed canola oil,9
oatmeal,9
oleoresin turmeric,9
organic apple juice concentrate,9
organic basil,9
organic butter,9
organic chicken flavor,9
organic cultured wheat flour,9
organic distilled vinegar,9
organic lime juice,9
organic parsley,9
organic vegetable oil,9
organic whole eggs,9
organic whole golden flaxseed,9
palm and soybean oils,9
parmesan,9
part-skim milk,9
pasteurized process cheddar cheese,9
pepitas,9
poblano pepper,9
pollock,9
prevents sticking,9
pure filtered water,9
radishes,9
red #3,9
red potatoes,9
red wine,9
rice bran,9
salt and enzymes,9
salt and water,9
sardina pilchardus,9
seasoning mix,9
sodium alginate and sodium bicarbonate,9
sodium sulfite,9
soy bean,9
soybean and/or sunflower seed,9
spice oils,9
strawberry,9
sugarcane molasses,9
sunflower and/or canola oil,9
sunflower seed,9
sweet potatoes,9
to protect freshness,9
tomato paste*,9
turkey flavor,9
vanilla bean extractives,9
vegan spicy mayo,9
vitamin b3,9
water and salt,9
white corn flour,9
whole flaxseed,9
whole grain popping corn,9
wine,9
added to maintain freshness,8
added to protect flavor,8
agave syrup,8
aged cayenne red peppers,8
and turmeric,8
and/or soybean oil,8
annatto extract color,8
aspergillus oryzae,8
b2,8
baking soda and/or calcium phosphate,8
banana flavor,8
beef flavor,8
black pepper*,8
broccoli florets,8
buckwheat,8
canola and olive oil,8
cardamom,8
carob bean,8
cashews*,8
cellulose fiber,8
chicken meat,8
chipotle peppers,8
color added through feed,8
colored with,8
concentrated apple juice,8
condensed milk,8
contains less than of: beef fat,8
contains natural beef juices,8
contains one or more of the following: palm oil,8
contains or less of chocolate,8
contains or less of each of the following: soybean oil,8
contains or less of soy lecithin,8
contains or less of sugar,8
contains or less of: corn starch,8
contains or less salt,8
contains soy,8
corn sugar,8
crisped rice,8
crushed red pepper,8
crushed tomatoes,8
cultured pasteurized milk and cream,8
cultured sugar,8
dehydrated chives,8
dehydrated onion and garlic,8
diced tomatoes in juice,8
disodium succinate,8
dried soy sauce,8
dried yeast. vitamins and minerals: reduced iron,8
egg white powder,8
elderberry juice,8
endive,8
expeller pressed sunflower oil,8
extractives of turmeric,8
fd&c yellow no. 6,8
fenugreek,8
fermented wheat protein,8
filling ingredients: ricotta cheese,8
for flavor,8
fractionated palm oil,8
garlic juice,8
glucono delta-lactone,8
glucono-delta-lactone,8
grade a milk,8
grade a pasteurized skim milk,8
half & half,8
hydrogenated palm oil,8
including red pepper,8
invertase,8
lactic acid powder,8
lactobacillus delbrueckii sub sp. bulgaricus,8
lentil flour,8
low moisture part skim mozzarella cheese,8
malt powder,8
mango powder,8
mild cheddar cheese,8
minced garlic,8
minced onion,8
modified palm oil,8
natural banana flavoring,8
natural blueberry flavor,8
non stick agent,8
non-gmo,8
orange puree,8
organic bell peppers,8
organic black beans,8
organic brown rice flour,8
organic brown sugar,8
organic cocoa,8
organic extra virgin coconut oil,8
organic maltodextrin,8
organic nonfat milk,8
organic potato flour,8
organic powdered sugar,8
organic soy sauce,8
organic wheat bran,8
organic yeast extract,8
palm and palm kernel,8
palm kernel and/or palm,8
pasteurized apple juice from u.s. grown fresh apples,8
pasteurized cow's and/or sheep's milk,8
pasteurized eggs,8
pasteurized organic milk,8
pasteurized sheep's milk,8
pea,8
pear,8
pepper sauce,8
pie shell,8
poblano peppers,8
pork stock,8
potassium carbonate,8
potassium sorbate and enzyme,8
prepared blackeye peas,8
propylene glycol monoesters,8
puffed quinoa,8
raw,8
red chili puree,8
riboflavin folic acid,8
scallion,8
seasoned beef,8
seasonings,8
slat,8
sockeye salmon,8
sodium benzoate as a preservative,8
sodium carboxymethylcellulose,8
soy beans,8
soybean and/or peanut oil,8
stevia leaf sweetener,8
steviol glycosides,8
tamarind extract,8
toasted wheat crumbs,8
unbleached unenriched wheat flour,8
usa,8
vegetable fiber,8
vegetable juice concentrate,8
vinegar solids,8
vitamin a acetate,8
vitamin e added to preserve freshness,8
vitamins and minerals: calcium carbonate,8
wheat fiber,8
wheat protein isolate,8
white beans,8
white wine vinegar,8
whole grain brown rice flour,8
whole rolled oats,8
xanthan gum),8
yeast nutrient,8
yellow 5 & 6,8
yellow mustard,8
zinc gluconate,8
#1 grade mustard seed,7
a source of calcium,7
acacia,7
acid,7
adipic acid,7
almond extract,7
alpha amylase,7
aluminum sulfate,7
and natural flavors,7
and vanilla,7
and wheat protein,7
and/or sunflower,7
annatto extract for color,7
apple filling,7
ascorbyl palmitate,7
b1,7
bacon bits,7
bacterial cultures,7
barley malt syrup,7
bay leaves*,7
beef gelatin,7
benzoic acid,7
beta carotene color,7
beta carotene for color,7
black chia seed,7
black sesame seeds,7
blue cheese,7
blueberry,7
blueberry bits,7
boneless,7
broccoli*,7
brominated vegetable oil,7
butteroil,7
calcium,7
calcium propionate and sorbic acid to extend freshness,7
carob bean and/or xanthan and/or guar gums,7
cassava flour,7
celery root and carrot,7
cheese seasoning,7
chickpeas*,7
chicory root extract,7
chili flavor,7
chilli,7
chipotle pepper,7
cider and white,7
citric,7
citrus flour,7
coconut flakes,7
concentrates of onion,7
contains less than of black pepper,7
contains less than of citric acid,7
contains less than of guar gum,7
contains one or more of the following: cottonseed oil,7
contains or less of the following: natural and artificial flavors,7
contains or less of: onion powder,7
contains or less of: water,7
cooked black beans,7
cooked pinto beans,7
corn and wheat proteins,7
cottage cheese,7
cracker meal,7
cultured pasteurized grade a milk,7
cultured pasteurized grade a nonfat milk,7
cultured pasteurized nonfat milk,7
d-calcium pantothenate,7
dehydrated butter,7
dehydrated carrots,7
dehydrated soy sauce,7
dextrose*,7
diced onions,7
diced tomatoes in tomato juice,7
disodium inosinate & disodium guanylate,7
dough improver,7
e442,7
egg salad,7
enriched wheat flour water,7
enriched yellow corn,7
enzyme modified butter,7
ethoxylated mono and diglycerides,7
expeller pressed high oleic safflower and/or sunflower oil,7
filling: water,7
flax seed,7
from sunflower oil,7
gelling agent,7
ground cumin,7
guar,7
gum tragacanth,7
hazelnuts,7
honey powder,7
icing,7
includes yellow 5,7
ingredients: beef,7
ingredients: pineapple,7
ingredients: salt,7
invert sugar syrup,7
jalapeno puree,7
l-cysteine monohydrochloride,7
lactobacillus acidophilus,7
lactobacillus casei,7
lactobacillus paracasei,7
less than of: spices,7
malted barley syrup. vitamins and minerals: reduced iron,7
milk and cream,7
milk protein isolate,7
mineral nutrients,7
mixed tocopherols for freshness,7
modified food starch*,7
molasses powder,7
mono- and diglycerides of fatty acids,7
monopotassium phosphate,7
mushroom extract,7
natural extractives of turmeric and annatto,7
natural flavor and artificial flavor,7
natural mustard oil,7
natural wood smoke,7
non gluten,7
non-gmo canola oil,7
non-gmo corn starch,7
nonfat dry milk solids,7
oat flour,7
one or more of the following: corn,7
orange,7
organic arugula,7
organic chicken stock,7
organic cocoa butter,7
organic coconut milk,7
organic distilled white vinegar,7
organic expeller pressed soybean oil,7
organic flavor,7
organic flaxseeds,7
organic goji berry powder,7
organic hemp seeds,7
organic lucuma powder,7
organic mizuna,7
organic natural flavors,7
organic olive oil,7
organic rice extract,7
organic skim milk,7
organic sweet rice flour,7
organic tatsoi,7
organic whole flaxseed,7
oyster,7
palm fat,7
palm olein,7
partially hydrogenated vegetable oil,7
pineapple juice from concentrate,7
polydextrose,7
popping corn,7
pork broth,7
potassium sorbate and sodium propionate,7
potassium sorbate to maintain freshness,7
potato starch and powdered cellulose added to prevent caking,7
potatoes*,7
pumpkin,7
purified stevia leaf extract,7
quinoa flour,7
red chili peppers,7
reduced lactose whey,7
refined,7
refined olive oil and extra virgin olive oil,7
relish,7
riboflavin-b2,7
roasted red pepper,7
rye,7
sake,7
sardine,7
shea,7
sodium,7
soy lecithin and vanillin,7
soy lecithin {emulsifier},7
soybean or canola oil,7
spirulina extract,7
spread,7
sprinkles,7
stone ground whole wheat flour,7
sulphur dioxide,7
sweet relish,7
sweet whey,7
tabasco sauce,7
tapioka sapp,7
textured soy protein,7
thiamine mononitrate-b1,7
to protect taste,7
tomato extract,7
tri-calcium phosphate,7
triple filtered carbonated water,7
tuna fish,7
unsweetened coconut,7
vegetable juice for color,7
vitamins and minerals: reduced iron,7
wasabi powder,7
wildflower honey,7
xantham gum,7
yellow #5 & #6,7
yellow onion,7
*organic,6
*spices,6
acesulfame k,6
acidifier,6
acidity regulator: citric acid,6
added as a preservative only,6
and extractives of paprika,6
and gum arabic,6
and less than of the following: corn starch,6
and potassium sorbate,6
and sodium bicarbonate,6
and/or canola oil,6
annato extract and beta carotene,6
annatto and turmeric extract,6
anti-oxidant,6
apple cider vinegar*,6
as antioxidant,6
as leavening,6
b6,6
baby butter lettuce,6
baby kale,6
bacon fat,6
bakers yeast extract,6
barley flakes,6
bbq sauce,6
beet juice concentrate,6
beta-carotene color,6
black barley,6
black quinoa,6
black sesame seed,6
blueberry puree,6
brewer's yeast,6
brominated soybean oil,6
brown flaxseed,6
brown parboiled long grain rice,6
brown rice protein,6
cabbage*,6
cage free eggs,6
calcium acid phosphate,6
canola and/or soybean,6
canola oil and olive oil,6
canola/soybean oil,6
caramel color added,6
caramel color. vitamins and minerals: reduced iron,6
caramelized onion,6
carmel color,6
carrot*,6
casein,6
celeriac,6
cherry powder,6
chicken breast,6
chicken broth concentrate,6
chicken flavor concentrate,6
chicken meat including natural chicken juices,6
chocolate processed with alkali,6
color . vitamins and minerals: calcium sulfate,6
colored with turmeric and annatto,6
colour,6
concentrated lime juice,6
confectioner's sugar,6
contains less than : salt,6
contains less than of egg yolk,6
contains less than of sea salt,6
contains less than of the following: sugar,6
contains less than of whey,6
contains one or more of the following: canola and/or palm oil,6
contains or less black pepper,6
contains or less of each: salt,6
contains or less of modified cornstarch,6
contains or less of the following: guar gum,6
contains or less of yellow corn flour,6
contains or less of: beta-carotene,6
contains or less of: cellulose gum,6
contains or less of: corn syrup,6
contains or less of: dextrose,6
contains or less of: wheat gluten,6
contains or less: yeast,6
contains phenylalanine,6
contains potassium iodate,6
contains wheat,6
cooked quinoa,6
cooked vegetables,6
corn meal. spread: vegetable oil blend,6
corn protein,6
corn starch-modified,6
crust: flour,6
cultured celery juice powder,6
cultured pasteurized grade a lowfat milk,6
dark red kidney beans,6
dehydrated chicken broth,6
dehydrated vinegar,6
diluted with water to acidity,6
disodium diphosphate,6
disodium inosinate/disodium guanylate,6
disodium pyrophosphate,6
dried banana,6
dried basil,6
dried sweetened cranberries,6
dry roasted almonds,6
edta,6
enriched semolina flour,6
ethyl vanillin,6
expeller pressed sunflower seed oil,6
farina,6
fava beans,6
fennel seed,6
ferrous gluconate,6
ferrous sulfate or reduced iron,6
fish sauce,6
fruit and vegetable juice for color,6
gluten free flour blend,6
grape juice concentrate and water,6
grape must,6
great northern beans,6
green chiles,6
green pepper,6
green romaine,6
ground almonds,6
ground black pepper,6
ground ginger,6
ground mustard,6
ground nutmeg,6
gum blend,6
hemp seeds,6
high gluten wheat flour,6
high oleic canola oil and hydrogenated cottonseed oil,6
hulled sunflower seeds,6
hydrogenated lard,6
hydrolyzed beef stock,6
hydrolyzed plant protein,6
hydroxypropyl methylcellulose,6
ingredients: canola oil,6
ingredients: corn syrup,6
instant yeast,6
iron phosphate,6
juice concentrate,6
koji,6
l. casei,6
leeks*,6
lemon concentrate juice,6
lemon juice*,6
lemon puree,6
less than of: onion powder,6
less than salt,6
light brown sugar,6
liquid coconut oil,6
liquid whole egg,6
litopenaeus vannamei,6
made from milk,6
magnesium chloride,6
malted barley extract,6
maltitol syrup,6
mango puree concentrate,6
mango puree from concentrate,6
mannitol,6
may contain bha or citric acid,6
may contain one or more of the following: corn,6
meringue making powder,6
milk cream,6
milled cane sugar,6
mini pretzel twists,6
mirepoix,6
modified tapioca food starch,6
monkfruit extract,6
mono diglycerides,6
monoand diglycerides,6
msg,6
mustard bran,6
mustard oil,6
natural and artificial flavoring,6
natural beef flavor,6
natural cheese flavor,6
natural parmesan cheese flavor,6
natural sea salt,6
navy beans,6
neotame,6
niacinamide*,6
non fat dry milk,6
non-gmo oil blend,6
non-hydrogenated,6
oat flakes,6
onion and garlic powder,6
or less of corn oil,6
or less of malic acid,6
oranges,6
organic,6
organic apples,6
organic carrot powder,6
organic chia seed,6
organic chicken broth,6
organic cranberries,6
organic cream,6
organic cucumber juice,6
organic evaporated cane syrup,6
organic flax seeds,6
organic garbanzo beans,6
organic garlic puree,6
organic green chard,6
organic lolla rosa,6
organic lowfat milk,6
organic milk,6
organic mushroom powder,6
organic palm oil*,6
organic pearled barley,6
organic raisins,6
organic red chard,6
organic red mustard,6
organic tango,6
organic tomato pulp,6
organic tomato pure,6
organic vanilla,6
organic vegetable flavor,6
organic walnuts,6
organic whole grain oats,6
organic whole oat flour,6
organic whole soybeans,6
oyster extractives,6
parmesan cheese flavor,6
part skim milk,6
partially defatted peanut flour,6
pasteurized milk & cream,6
pasteurized organic sweet cream,6
pasteurized sheep's and cow's milk,6
pasteurized whole eggs,6
peanut and/or canola and/or cottonseed oil,6
pecorino romano cheese,6
pineapple and pineapple juice,6
potassium,6
potassium salt,6
potato puree,6
prepared blackeyed peas,6
prepared pinto beans,6
prevents caking,6
propyl gallate,6
propylene glycol esters of fatty acids,6
provolone cheese,6
pyridoxine hydrochloride*,6
raising agents,6
red 40 and blue 1,6
red kidney beans,6
red romaine,6
reduced fat milk,6
rehydrated potatoes,6
rendered bacon fat,6
riboflavin*,6
romano cheese made from cow's milk,6
rosemary extract for freshness,6
rosemary*,6
salmo salar,6
salt enzymes,6
salt),6
salvia hispanica,6
sauteed vegetables,6
serrano peppers,6
sodium carboxymethyl cellulose,6
sorbic acid *,6
sorbitan tristearate,6
sorghum,6
soy lecithin},6
soybean and/or palm,6
soybean paste,6
spinach extract,6
spinach*,6
spring water,6
sucrose acetate isobutyrate,6
sweet pickle relish,6
sweetcream buttermilk,6
tempura crunch,6
textured soy protein concentrate,6
thunnus albacares,6
to preserve color,6
toasted barley,6
toasted sesame oil,6
tortilla,6
trisodium citrate,6
triticale,6
turkey meat,6
turmeric & annatto,6
turmeric powder,6
vanilla extract*,6
vegetable enzymes,6
vegetable juice color,6
vegetable mono and diglycerides,6
vit. b3,6
vit. b5,6
vit. b6,6
water and orange juice concentrate,6
white sesame seed,6
white tuna,6
whole rye flour,6
with bht,6
yeast extract*,6
yellow no. 5,6
yellow onions,6
yogurt culture,6
yogurt flavored confectionery coating,6
acidity regulator: lactic acid,5
added as a preservative,5
aged red cayenne peppers,5
almond flavor,5
almond juice,5
ammonium aluminum sulfate,5
and less than of the following: salt,5
and salt. disodium edta added to promote color retention,5
and sea salt,5
and silicon dioxide,5
and soy lecithin,5
and/or corn oil,5
and/or soybean,5
annatto and turmeric extracts for color,5
annatto extract . bht added to preserve freshness. vitamins and minerals: reduced iron,5
anti-caking,5
antioxidant: ascorbic acid,5
apocarotenal,5
apple essence,5
apple powder,5
artificial coloring,5
artificial mango flavor,5
ascorbic acid to promote color retention,5
asiago cheese,5
aspartame*,5
avocado chunks,5
avocado puree,5
baby arugula,5
baby beet tops,5
baby chard,5
baby green leaf lettuce,5
baby green oak lettuce,5
baby lettuces,5
baby lollo rossa lettuce,5
baby mizuna,5
baby pak choi,5
baby red leaf lettuce,5
baby red oak lettuce,5
baby tango lettuce,5
baby tatsoi,5
banana peppers,5
batter mix,5
beef hearts,5
bht for freshness,5
bifidobacterium lactis,5
bifidus and l. casei,5
blue no. 1,5
blueberry bit,5
bread crumb,5
bread flour,5
butternut squash,5
calcium acid pyrophosphate,5
calcium citrate,5
cane syrup,5
canola and/or sunflower oil,5
caraway,5
carbonated spring water,5
carob bean and/or guar gums,5
carob gum,5
cashew nuts,5
celery extract,5
celery juice powder,5
cheddar,5
cherries,5
chia seeds*,5
chili paste,5
chili pepper extract,5
chocolate chips,5
chromium chloride,5
cilantro*,5
citric acid e330,5
clarified pineapple juice from concentrate,5
coarse salt,5
cocoa butter*,5
cocoa liquor,5
cocoa powder processed with alkali,5
coconut sugar,5
coffee,5
colored with titanium dioxide,5
com starch,5
contains gluten,5
contains lemon,5
contains less than of fruit pectin,5
contains less than of orange juice concentrate,5
"contains less than of the following, salt",5
contains less than of the following: leavening,5
contains less than of: sea salt,5
contains less than of: wheat flour,5
contains niacin,5
contains or less of corn flour,5
contains or less of each of the following: leavening,5
contains or less of iodized salt,5
contains or less of mono- and diglycerides,5
contains or less of the following: calcium propionate,5
contains or less of the following: sea salt,5
contains or less of water,5
contains or less of: butter,5
contains or less of: egg yolks,5
contains or less of: modified corn starch,5
contains or less: potassium lactate,5
contains or less: sugar,5
contains pure filtered water,5
cooked ground beef including natural juices,5
cookies {sugar,5
coriander leaves,5
cottonseed and/or canola oil,5
cream cheese filling,5
crumb,5
crust: enriched wheat flour,5
crystallized lemon,5
cultured celery extract,5
cultured grade a non fat milk,5
cultured pasteurized grade a low fat milk,5
cultured pasteurized part skim milk,5
cultured pasteurized part-skim milk,5
cumin seeds,5
dehydrated cilantro,5
dehydrated tomato,5
desiccated coconut,5
dextrose+,5
diacetyl tartaric acid esters of mono and diglycerides,5
distilled monoglyceride,5
dried chili peppers,5
dried eggs,5
dried honey,5
dried oregano,5
dried potato,5
dried red bell pepper,5
dried spinach,5
dry honey,5
dry yeast,5
electrolyte,5
enriched long grain parboiled rice,5
enriched pasta,5
enzyme blend,5
enzymes],5
evaporated apples,5
expeller pressed palm oil,5
expeller pressed safflower oil,5
extra virgin coconut oil,5
extractives of paprika and turmeric,5
farm raised shrimp,5
fenugreek leaves,5
fiber,5
filling: ricotta cheese,5
filtered water and orange juice concentrate,5
flax flour,5
folic acid b9,5
for uniform spray,5
fresh carrots,5
fresh cilantro,5
fresh onion,5
fried out pork fat with attached skin,5
fruit pectin and citric acid,5
fruit puree,5
garlic and onion powder,5
garlic powder*,5
glaze,5
gluconic acid,5
glutinous rice,5
glycine,5
grade a pasteurized whole milk,5
granulated onions,5
greek yogurt,5
greek yogurt powder,5
green chili,5
green leaf,5
green mustard,5
green split peas,5
ground corn,5
ground flax seeds,5
ground flaxseed,5
ground lamb,5
ground white pepper,5
gums,5
habanero peppers,5
high oleic canola oil,5
honey solids,5
hot pepper sauce,5
hot peppers,5
hydrolyzed,5
hydrolyzed soy and corn proteins,5
hydroxypropyl cellulose,5
inactive yeast,5
including milk,5
ingredients: cashews,5
ingredients: soybean oil,5
invert syrup,5
isolated soy product,5
kalamata olives,5
koji {aspergillus oryzae},5
l. rhamnosus,5
l.bulgaricus,5
lecithin from soybeans,5
lemongrass,5
lentils*,5
less than,5
less than of: sugar,5
lettuce. soy sauce,5
lima beans,5
live and active cultures,5
live cultures,5
locust bean,5
mace,5
maltodextrins,5
mango base,5
mango flavor,5
methyl cellulose,5
microbial enzymes. spread: soybean oil,5
milk chocolate {sugar,5
milk protein,5
milk*,5
milled flaxseed,5
modified food starches,5
modified vegetable gum,5
mono - and diglycerides,5
mono calcium phosphate,5
monoglycerides of fatty acids,5
mushroom base,5
mushroom powder,5
nacin,5
natural,5
natural & artificial blueberry flavor,5
natural cane sugar,5
natural hardwood smoke,5
natural hickory smoke concentrate,5
natural mushroom flavor,5
natural vitamin e,5
niacin b3,5
niacin reduced iron,5
non-dairy,5
non-fat milk,5
oat,5
okra,5
oleoresin paprika & annatto,5
onion extract,5
onion salt,5
orange oil,5
organic agave nectar,5
organic annatto,5
organic apple juice,5
organic balsamic vinegar,5
organic beef,5
organic beef stock,5
organic brown flaxseed,5
organic butter lettuce,5
organic carrot puree,5
organic chocolate liquor,5
organic coconut,5
organic crisp brown rice,5
organic dates,5
organic diced tomatoes,5
organic dry roasted soybeans,5
organic egg yolks,5
organic evaporated cane sugar,5
organic expeller pressed sunflower oil,5
organic golden flaxseed,5
organic green beans,5
organic green chiles,5
organic green oak,5
organic green romaine,5
organic high oleic safflower and/or sunflower oil,5
organic high oleic sunflower oil,5
organic hulled sunflower seeds,5
organic kale,5
organic locust bean gum,5
organic malt extract,5
organic mango puree,5
organic mustard seed,5
organic palm kernel oil,5
organic pinto beans,5
organic quinoa flakes,5
organic red bell peppers,5
organic red leaf,5
organic red lentils,5
organic red oak,5
organic red romaine,5
organic rice,5
organic rolled oats,5
organic rosemary extract,5
organic thyme,5
organic vegetable stock,5
organic wheat gluten,5
organic whey,5
oyster sauce,5
palm and soybean oils with tbhq and citric acid to protect flavor,5
palm kernel and palm oils,5
palm oil and/or soy shortening,5
palm oil with monoglycerides,5
part-skimmed cow's milk,5
partially hydrogenated soybean and cottonseed oil,5
partially hydrogenated soybean and/or cottonseed oil,5
pasteurized cage-free whole eggs,5
pasteurized cultured cream,5
pasteurized cultured milk & cream,5
pasteurized sweet cream,5
peach,5
pineapples,5
pink and/or keta salmon,5
polyglycerol polyricinoleate,5
pork fat,5
portobello mushrooms,5
potassium iodide,5
potassium metabisulfite,5
potassium sorbate and citric acid,5
potassium sorbate to protect flavor,5
potassium sorbate* and calcium disodium edta,5
potato granules,5
potato protein,5
potato starch and powdered cellulose,5
precooked quinoa,5
prepared chickpeas,5
preservative: potassium sorbate,5
preserve freshness,5
preserved with sulfur dioxide,5
propionibacterium freudenreichii shermanii,5
propylene glycol mono- and diesters of fatty acids,5
psyllium,5
pumpkin seed kernels,5
radish,5
raspberries,5
raw cane sugar,5
raw honey,5
raw organic chia seeds,5
red chili pepper,5
red jalapeno peppers,5
red pepper powder,5
refined avocado oil,5
refined lard,5
resistant wheat starch,5
riboflavin b2,5
rice concentrate,5
rice cooking wine,5
rice oil,5
rice paper,5
roasted red peppers,5
rolled oats*,5
rye meal,5
s.thermophilus,5
salmon fillets,5
salt and vanilla,5
sardinella gibbosa,5
savory flavor,5
sesame seed paste,5
shiitake mushroom,5
silicone dioxide,5
skimmed milk powder,5
skipjack tuna,5
sliced almonds,5
sodium aluminosilicate,5
sodium benzoate and sorbic acid,5
sodium nitirte,5
sodium propionate and potassium sorbate,5
sodium silico aluminate,5
sorbic acid as a preservative,5
soy fiber,5
soy lecithin - an emulsifier,5
soybean and palm oil,5
soybean and/or cottonseed oil,5
soybean oil and olive oil,5
soybean oil*,5
spelt,5
spice & coloring,5
spice extractives including paprika,5
spice extracts,5
spices and flavorings,5
spices and salt added,5
spirit vinegar,5
splenda brand,5
spring mix,5
star anise,5
sun-dried tomatoes,5
sunflower and/or safflower oil,5
sunflower oil and/or canola oil,5
sunflower oil and/or cottonseed oil,5
sunflower or canola or rice oil,5
sweet potato,5
sweeteners,5
tbhq and citric acid added to help preserve freshness,5
tbhq and citric acid added to protect flavor,5
thiamine mononitrate b1,5
thyme*,5
tragacanth gum,5
turmeric and paprika,5
turmeric for color,5
unbleached hard wheat flour,5
unbleached unbromated enriched wheat flour,5
unbromated flour,5
unfiltered juice from certified organic apples,5
vanilla beans,5
vegetable gum,5
vegetable gums,5
vegetable oil and salt,5
vegetable proteins,5
vegetable shortening contains or less of the following: sugar,5
virgin coconut oil,5
virgin olive oil,5
water enriched wheat flour beef beans vegetable oil contains or less textured vegetable protein,5
wheat flour vitamin enriched with,5
wheat gluten isolate,5
white balsamic vinegar,5
white chocolate,5
white flour,5
white meat chicken,5
whole wheat,5
xylitol,5
yellow fin tuna,5
yellow mustard seeds,5
yogurt cultures,5
zero-waste almonds*,5
& stevia leaf reb m,4
*dehydrated,4
*dried,4
*garlic powder,4
*lemon juice,4
1/10 of sodium benzoate,4
a natural preservative,4
a source of iron,4
added for color,4
alaska cod,4
almond butter,4
almond milk,4
alpha-tocopherol acetate,4
aluminum-free baking powder,4
ammonium carbonate,4
ammonium chloride,4
ammonium glutamate,4
anchovy,4
and artificial colors,4
and ascorbic acid,4
and blue 1,4
and honeycomb,4
and paprika,4
and xanthan gum,4
annatto {color},4
antioxidant,4
apple puree concentrate,4
artificial and natural flavor,4
artificial colors including: yellow 6,4
artificial flavors and colors,4
artificial strawberry flavor,4
artificial watermelon flavor,4
as a processing aid,4
as acidity regulator,4
as an anti-caking agent,4
ascorbic acid *,4
ascorbic acid added as dough conditioner,4
ascorbic acid and citric acid,4
ascorbyl palmatate,4
avocado pulp,4
b.bifidus,4
b3,4
barley flour,4
batter,4
beef tallow,4
bees wax,4
beet juice color,4
beetroot,4
benzoyl peroxide,4
berries,4
beta,4
black lentils,4
black olives,4
black tea,4
blackstrap molasses,4
bleached flour,4
blend of oils,4
blend of plant-based oils,4
blueberries and/or raspberries,4
blueberry flavor,4
blueberry solids,4
bonito extract,4
bread,4
brown cane sugar,4
butter powder,4
butter {cream,4
butter*,4
calcium ascorbate,4
calcium caseinate,4
canola and/or soy,4
canola oil or soybean oil,4
capelin roe,4
carageenan,4
caramel color. vitamins and minerals: ferric orthophosphate,4
carob bean gum and potassium sorbate,4
carrot stock,4
cayenne,4
cayenne pepper sauce,4
celery juice,4
celery stock,4
cellulose powder,4
chamoy,4
chardonnay wine,4
cheddar & blue cheese,4
cheddar cheese seasoning,4
cheddar cheese*,4
cheese blend,4
cheese powder,4
cheese whey,4
chicken including natural juices,4
chickpea,4
chile pepper,4
chili sauce,4
chill,4
chorizo seasoning,4
cilantro essential oil,4
cinnamon and cloves,4
citric acid and ascorbic acid,4
citric acid and yellow 5,4
citric acid to regulate acidity,4
clarified butter,4
coconut and/or cottonseed,4
concentrated grape must,4
contains canola oil,4
contains celery,4
contains less than : cooked turkey,4
contains less than : natural flavor,4
contains less than of each of the following: cultured wheat flour,4
contains less than of each of the following: food starch-modified,4
contains less than of each of the following: soybean oil,4
contains less than of leavening,4
contains less than of modified food starch,4
contains less than of natural flavor,4
contains less than of onion*,4
contains less than of the following: modified corn starch,4
contains less than of the following: nonfat milk,4
contains less than of water,4
contains less than of: chicken fat,4
contains live active & probiotic cultures,4
contains one or more of the following: corn oil,4
contains one or more of the following: soybean oil,4
contains or less modified food starch,4
contains or less of dehydrated parsley,4
contains or less of each of the following: natural flavors,4
contains or less of molasses,4
contains or less of seasoning,4
contains or less of the following: yellow corn flour,4
contains or less of wheat flour,4
contains or less of: citric acid,4
contains or less of: garlic,4
contains or less of: spice,4
contains tbhq,4
controls acidity,4
cooked,4
cooked barley,4
cooked red quinoa,4
copper gluconate,4
corn and wheat gluten,4
corn and/or soybean,4
corn starch*,4
corn syrup*,4
cottonseed oil and/or soybean oil and/or canola oil,4
crab extract,4
cracked black pepper,4
cranberry,4
cream powder,4
cream*,4
croissant,4
crust: water,4
cucumber powder,4
culinary cream,4
cultured buttermilk,4
cultured grade a low fat milk,4
cultured grade a milk,4
cultured organic wheat starch and organic whole wheat flour,4
cultured pasteurized grade a skim milk,4
cultured pasteurized light cream,4
cultured skim milk and cream,4
cultured whey & nonfat milk,4
cumin powder,4
curing salt,4
currants,4
dark turkey,4
date paste,4
defatted wheat germ,4
dehydrated granulated garlic,4
dehydrated green onion,4
dehydrated lemon peel,4
dehydrated oregano,4
dehydrated pork broth,4
dehydrated spinach,4
derived from coffee beans,4
diced tomato,4
distilled and cider vinegar,4
dl-malic acid,4
dough,4
dried bananas,4
dried bell pepper,4
dried black beans,4
dried egg white,4
dried figs,4
dried green peas,4
dried mushroom,4
dried orange pulp,4
dried potato flakes,4
dried rosemary,4
dried shrimp,4
dried whole egg,4
dry cream,4
dry nonfat yogurt {cultured skim milk},4
durum semolina flour,4
dutched cocoa,4
e476,4
edamame beans,4
egg shade color,4
egg yolks with salt,4
eggs and egg yolks,4
electrolytes,4
enriched,4
enriched bleached and unbleached flour,4
enriched degermed yellow corn meal,4
enriched yellow corn flour*,4
enzyme modified soy protein,4
evaporated milk,4
expeller - pressed canola oil,4
extra virgin avocado oil,4
extracts of lemon,4
faba bean protein,4
farmed salmon*,4
fd&c blue #2,4
fd&c blue no. 1,4
fd&c red no.40,4
fd&c yellow no.5,4
fermented potato flour,4
filling: cabbage,4
filling: pork,4
filtered carbonated water,4
fire roasted tomatoes,4
flavourings,4
flow aid,4
folic acid),4
food grade lac resin,4
for moisture retention,4
french fried onions,4
fresh potato,4
fresh yeast,4
from wheat or corn,4
fruit & vegetable juice for color,4
fruit acid,4
fruit juice concentrates for color,4
fully refined canola oil,4
fully refined soybean oil,4
"fumaric acid (as preservative, enzymes, rice flour, potassium sorbate , guar gum, l-cysteine, contains traces of wheat. margarine shortening",4
garlic and spices,4
garlic flavor,4
gluten-free oats,4
glyceryl monooleate,4
golden raisins,4
grade a pasteurized milk,4
grapes,4
grass-fed lamb,4
green butter lettuce,4
green chile,4
green chile puree,4
green olives,4
ground mustard seed,4
ground oregano,4
ground turkey,4
ground yellow corn,4
guargum,4
gulf shrimp,4
gum base,4
habanero,4
half and half,4
hard cooked egg,4
hazelnut,4
high oleic low linoleic canola oil,4
high oleic oil,4
highly refined soybean oil,4
himalayan salt,4
homemade vegetable broth,4
huito,4
hydrolyzed protein,4
hydrolyzed proteins,4
hydrolyzed torula and brewer's yeast protein,4
hydrolyzed wheat protein,4
if colored,4
imitation vanilla flavor,4
inactive dry yeast,4
includes beta-carotene,4
includes non-gmo maize starch,4
including celery seed,4
including fd&c red 40,4
including paprika,4
including turmeric,4
ingredients: dextrose,4
ingredients: enriched flour,4
ingredients: pork,4
ingredients: rice,4
ingredients: sardines,4
ingredients: turkey,4
ingredients: wheat flour,4
inositol,4
isolated soy protein product,4
isomalt,4
jaggery,4
jalapeo peppers,4
juniper berries,4
kale*,4
karaya gum,4
kombucha culture,4
konjac,4
kosher beef,4
l.acidophilus,4
l.casei,4
lac resin,4
lactase enzyme,4
lactic acid*,4
leaf lettuce,4
lemon juice powder,4
lemon zest,4
less than of spices,4
less than sodium benzoate,4
lobster,4
lobster meat,4
locust bean gum*,4
long grain brown rice,4
lymph nodes and fat,4
m&m's minis milk chocolate candies,4
magnesium carbonate,4
magnesium carbonate { maximum},4
malted barley syrup,4
maltodextrin*,4
maltose,4
mango flavor with other natural flavors,4
mango juice concentrate,4
marshmallows,4
masago,4
mashed potatoes,4
may contain one or more of the following: canola,4
may contain one or more of: sodium stearoyl lactylate,4
may contain sulfites,4
milk and vitamin d3,4
milk blend,4
milk proteins,4
millet flour,4
mirin,4
modified com starch,4
modified rice starch,4
molasses*,4
monk fruit,4
mono,4
monobasic calcium phosphate,4
monoglyceride,4
monoglycerides and diglycerides,4
mozzarella,4
multigrain crust,4
mushroom concentrate,4
natural and artificial flavour,4
natural colors,4
natural cream flavor,4
natural cucumber flavor,4
natural extractives of paprika,4
natural flavor],4
natural lemon flavor,4
natural lemon juice concentrate,4
natural sweetener,4
naturally wood smoked brisling sardines,4
nisin preparation and hot pepper sauce,4
nixtamalized corn masa,4
non gmo canola oil,4
non-gmo pure cane sugar,4
non-gmo soy sauce,4
non-gmo soybean oil,4
nonfat dry milk powder,4
nonfat milk and whey,4
nonfat milk*,4
nonfat milk},4
nonfat yogurt powder {cultured whey,4
oatmilk,4
oats*,4
oil of orange,4
olive pomace oil,4
onion puree,4
or less of eggs,4
or less of natural flavors,4
or less of salt,4
or less of soybean oil,4
organic annatto extract color,4
organic banana puree,4
organic cashew butter,4
organic cayenne pepper,4
organic corn flour,4
organic cultured dextrose,4
organic cumin,4
organic dehydrated garlic,4
organic dried cranberries,4
organic enriched wheat flour,4
organic ginger puree,4
organic granulated garlic,4
organic grape juice concentrate,4
organic malted barley flour,4
organic non-fat dry milk,4
organic oat flour,4
organic oats,4
organic oregano,4
organic palm* oil,4
organic pasteurized milk,4
organic quinoa flour,4
organic radicchio,4
organic raw cashews,4
organic rice concentrate,4
organic rice syrup,4
organic rye flour,4
organic sesame seeds,4
organic stevia,4
organic sunflower kernels,4
organic sunflower oil and/or organic safflower oil,4
organic tahini,4
organic tofu,4
organic tomato powder,4
organic wheat,4
organic white pepper,4
palm and/or corn oil,4
palm oil and soybean oil,4
palm oil*,4
panko bread crumbs,4
panko breadcrumbs,4
parboiled long grain rice,4
parsnip,4
part-skim mozzarella cheese,4
pasta: enriched durum wheat semolina,4
pea fiber,4
pea flour,4
pea protein*,4
peach puree,4
peaches,4
peanut oil and/or soy oil,4
peanut oil and/or sunflower oil,4
pear juice from concentrate,4
pecan,4
pectins,4
pickle relish,4
pineapple powder,4
piquillo pepper,4
poke sauce,4
potassium hydroxide,4
potassium metabisulfite added to enhance freshness,4
potassium sorbate & sodium benzoate,4
potassium sorbate and sodium benzoate as preservatives,4
powder,4
powdered milk,4
preserved with calcium propionate,4
preserves color,4
prewashed quinoa,4
propolis,4
propylene glycol mono and diesters,4
propylene glycol mono- and diesters of fats and fatty acids,4
protease,4
protein blend,4
pure olive oil,4
pure vanilla,4
purified carbonated water,4
pyridoxine hcl,4
raw honey containing pollen,4
real sugar,4
rebaudioside a,4
red #40 lake,4
red and green bell pepper,4
red and green oak,4
red chili powder,4
red mustard,4
red no. 3,4
red no. 40,4
red rice,4
refined soybean oil,4
refined sunflower oil,4
release agent,4
rice flour*,4
rice koji,4
rice wine,4
roasted beef and concentrated beef stock,4
roasted cashews,4
roasted in peanut,4
roasted unsalted peanuts,4
romano,4
rye flakes,4
safflower and/or canola oil,4
sal,4
salt and spice,4
salt sugar,4
salted rice wine,4
sauteed onion,4
seaweed extract,4
sesame paste,4
sharp cheddar cheese,4
shrimp stock,4
silicon dioxide as anticaking agent,4
skim milk*,4
sodium aluminum sulphate,4
sodium benzoate & potassium sorbate,4
sodium benzoate added as a preservative,4
sodium bicarbonate and/or ammonium bicarbonate,4
sodium metbisulfite,4
sodium molybdate,4
soluble tapioca fiber,4
sorbic acid and potassium sorbate,4
sour culture,4
soy flour grits,4
soy lecithin {an emulsifier},4
soy protein and wheat gluten,4
soybean and/or sunflower,4
soybean extract,4
soybean oil and/or coconut oil and/or canola oil,4
spice blend,4
spices and herbs,4
spices. dough ingredients: extra fancy durum flour,4
starter culture,4
strawberry flavor,4
sugar and salt,4
sugar syrup,4
sunflower oil and extra virgin olive oil,4
sweet bell pepper,4
sweet paprika,4
sweetened dried cranberries,4
tamari soy sauce,4
tamarind pulp,4
tamarind seed gum,4
taurine,4
thiamine mononitrate*,4
thickener,4
titanium dioxide {color},4
toasted coconut,4
tocopherols preservative,4
tomato juice*,4
tomato ketchup,4
tomato sauce and salt,4
tomato sauce which is made from tomato paste and water,4
tomatoes*,4
tree nuts,4
trehalose,4
turmeric*,4
unbleached unbromated wheat flour,4
unbromated,4
unenriched wheat flour,4
unrefined,4
unrefined sea salt,4
vegetable,4
vegetable and fruit juice for color,4
vegetable extracts,4
vegetable oil and/or palm,4
vegetable protein. spread: vegetable oil blend,4
vegetable shortening non-hydrogenated,4
vit. b12,4
vitamin b12 . bht added to packaging to help preserve freshness,4
vitamin d3 added,4
vitamins and minerals: calcium sulfate,4
water chestnut,4
whey l-cysteine hydrochloride salt,4
whey powder {milk},4
whey protein,4
white,4
white chips,4
white corn,4
white sugar,4
white whole wheat flour,4
whole milk ricotta cheese,4
whole pasteurized eggs,4
wild blueberries,4
with mono and diglycerides added. colored with annatto. calcium disodium edta added as preservative. artificial butter flavor. vitamin a palmitate added,4
with niacin,4
worcestershire powder,4
worcestershire sauce powder,4
wrapper,4
yeast food,4
yellow #5 lake,4
yellow corn grits,4
yellow no.5,4
yogurt flavored confectionary,4
#1 mustard seed,3
*,3
*black pepper,3
1,3
88 acres seed blend,3
a b-vitamin,3
acesulfame-k,3
acetate,3
acetic,3
acidic sodium aluminum phosphate,3
active cultures,3
active yogurt cultures,3
ada,3
added to help prevent caking,3
added to promote color retention,3
agave nectar,3
aged red peppers and aged tabasco peppers,3
ahi tuna,3
alanine,3
alaska pollock,3
alaskan cod,3
all purpose flour,3
almond protein,3
almondmilk,3
aluminum free baking powder,3
amaranth flour,3
ammonium alginate,3
an anticaking agent,3
an artificial flavoring,3
anchovy extract,3
and bifidobacterium,3
and contains or less of salt,3
and cyanocobalamin,3
and datem,3
and disodium guanylate,3
and fd&c red #40,3
and l. casei,3
and less than of malic acid,3
and mixed tocopherols,3
and natural hardwood smoke,3
and olive oils,3
and propionic acid,3
and silicon dioxide added to prevent caking,3
and soybean oils,3
and vanillin,3
and wheat proteins,3
and/or safflower oil,3
and/or tripoly,3
animal shortening and vegetable oil with preservative,3
annatto and oleoresin paprika color,3
annatto extract and turmeric,3
annatto vegetable color,3
anticake,3
antioxidants to maintain freshness,3
apo-8'-carotenal,3
apo-carotenal,3
apple juice concentrate*,3
apricot kernels,3
apricots,3
artificial butter flavors,3
artificial colors including,3
artificial flavor vanilla,3
artificial flavour,3
artificial grape flavor,3
artificial sour cream flavor,3
artificially flavored,3
as an emulsifier,3
ascorbic acid as a dough conditioner,3
ascorbic acid as dough conditioner,3
ascorbic acid e300,3
ascorbic acid {vitamin c},3
aspartame**,3
aspartame+,3
astaxanthin from panaferd*,3
atlantic cod,3
avocado ranch dressing,3
b12,3
baby greens,3
bacillus coagulans gbi-30 6086,3
baker's yeast extract,3
barley and rice protein,3
barley*,3
bay,3
benzoic acid and phosphoric acid,3
beta- carotene,3
beta-carotene*,3
bha and bht,3
bht preservative,3
bht to maintain freshness,3
bicarbonate of soda,3
black bean,3
black salt,3
blanched almond flour,3
bleached whole wheat flour,3
blend of vegetable oils,3
blended oil,3
blue #1 lake,3
blue #2 lake,3
blueberry flakes,3
blueberry flavored bits,3
blueberry juice concentrate,3
brazil,3
brazil nut,3
breadstick: enriched wheat flour,3
brown,3
brown rice crisps,3
bulgur,3
butter cream,3
butter peas,3
butter solids,3
cacao butter,3
cage-free whole egg,3
cake base,3
calcium alginate,3
calcium disodium edta added to help promote color retention,3
calcium lactate*,3
calcium propionate & potassium sorbate,3
calcium propionate preservative,3
cane sugar+,3
cane vinegar,3
canola oil and/or modified palm oil and/or soybean oil,3
canola oil and/or safflower oil and/or sunflower oil,3
canola oil and/or soybean oil,3
capsicum,3
caramelized onions,3
caramelized sugar,3
caramelized sugar syrup,3
caraway seeds,3
carbon monoxide,3
carmine color,3
carrot and onion juice concentrates,3
cauliflower flour,3
cayenne pepper puree,3
celeriac juice concentrate,3
centrifuge extracted virgin unrefined organic coconut oil,3
cereal binder,3
certified confectioner's glaze,3
certified gluten-free oats,3
certified organic chia seed,3
cheddar cheese base,3
cheddar cheese concentrate,3
cheddar cheese {pasteurized milk,3
cheese culture salt,3
cheese filling,3
cherry,3
cherry tomatoes,3
chewing gum base,3
chicken bone broth,3
chicken broth base,3
chicken broth powder,3
chicken fat**,3
chicken fat+,3
chicken glace,3
chipotle,3
chipotle chili pepper,3
chipotle pepper powder,3
chipotle puree,3
chive,3
chives*,3
chloride,3
chocolate cookies,3
chocolate drops,3
chocolate liquor*,3
chunk light tuna,3
cider flavored vinegar,3
citric acid & natural flavor,3
citric acid and natural flavors,3
citric acid and sodium citrate,3
citric acid to preserve freshness,3
citric acid},3
citrus pulp,3
clarified lemon and watermelon juice concentrates,3
clover honey,3
coarse cracked wheat,3
cochineal extract,3
cocoa beans,3
cocoa {processed with alkali},3
coconut extract,3
coconut flavor,3
coconut milk powder,3
coconut nectar,3
coconut water,3
cold-pressed virgin coconut oil,3
colorante de achiote,3
colored with annatto,3
colored with beta carotene,3
colour . milk chocolate: milk solids minimum.contains vegetable fats in addition to cocoa butter,3
com syrup,3
compound chocolate,3
concentrated chicken stock,3
concentrated fruit and vegetable juice,3
concentrated fruit juices,3
concentrated pineapple juice,3
concord grape puree,3
confectionary coating,3
confectioners sugar,3
consisting of one or more of the following: corn,3
contains bleached wheat flour,3
contains glucose syrup,3
contains less than distilled vinegar,3
contains less than of corn syrup,3
contains less than of food starch modified,3
contains less than of lemon juice concentrate,3
contains less than of modified corn starch,3
contains less than of mono and diglycerides,3
contains less than of the following: molasses,3
contains less than of the following: whey protein concentrate,3
contains less than of the following: yeast,3
contains less than of: ascorbic acid,3
contains less than of: modified food starch,3
contains less than of: mono- and diglycerides,3
contains less than of: monosodium glutamate,3
contains less than of: natural flavor,3
contains less than of: natural flavors,3
contains less than of: whey,3
contains less than salt,3
contains lipolyzed cream,3
contains maltodextrin,3
contains milk ingredients,3
contains mustard,3
contains one or more of the following oils: canola,3
contains one or more of the following: organic sunflower,3
contains one or more of the following: soybean,3
contains one or more of the following: tallow,3
contains or less of calcium chloride,3
contains or less of corn syrup,3
contains or less of dehydrated onion,3
contains or less of each of the following: cultured wheat flour,3
contains or less of each of the following: egg whites,3
contains or less of each of the following: vital wheat gluten,3
contains or less of each of the following: whey and sour cream solids,3
contains or less of each: leavening,3
contains or less of orange juice concentrate,3
contains or less of the following: beef,3
contains or less of the following: brown sugar,3
contains or less of the following: corn flour,3
contains or less of the following: leavening,3
contains or less of the following: sugar,3
contains or less of vinegar,3
contains or less of: baking powder,3
contains or less of: high fructose corn syrup,3
contains or less of: molasses,3
contains or less of: natural and artificial flavors,3
contains or less of: natural flavors,3
contains or less of: orange juice,3
contains or less of: organic cane sugar,3
contains or less of: soybean oil and/or canola oil,3
contains or less of: spices,3
contains or less of: yeast,3
contains or less of: yellow corn flour,3
contains or less seasoning,3
contains or less: corn syrup,3
contains organic carrot,3
contains salt,3
contains sunflower oil,3
contains up to of a solution of water,3
contains water,3
cooked chicken powder,3
cooked dried chick peas,3
cooked seasoned beef,3
cooked turkey,3
cooked white rice,3
cookie pieces,3
copper sulfate,3
corn cereal,3
corn cider vinegar,3
corn fiber,3
corn glucose,3
corn grits,3
corn startch,3
corn sweeteners,3
corn syrup and salt,3
corn*,3
cornmeal. spread: soybean oil,3
costa rica,3
cottonseed and peanut oil,3
crackermeal,3
crystallized cane juice,3
cucumber extract,3
cultured organic wheat flour,3
cultures and lactic acid,3
cure,3
dark chocolate {sugar,3
date powder,3
dates*,3
deactivated yeast,3
decorating sugar,3
degermed yellow corn flour,3
dehydrated carrot,3
dehydrated carrot flakes,3
dehydrated celery,3
dehydrated green bell pepper,3
dehydrated mushroom,3
dehydrated onion & garlic,3
dehydrated onion and parsley,3
dehydrated onion*,3
dehydrated toasted onion,3
dehydrated tomatoes,3
derived from milk,3
diacetyl tartaric acid esters of mono-diglycerides,3
diced potatoes,3
diced red peppers,3
dill relish,3
dill weed*,3
disodium edta to promote color retention,3
distilled vinegar and water,3
distilled water,3
dl-alpha tocopheryl acetate,3
dl-alpha-tocopheryl acetate,3
donut covering,3
dough: flour,3
dried carrot flake,3
dried chives,3
dried dill,3
dried green onion,3
dried mango,3
dried onion and garlic,3
dried potatoes,3
dried purple sweet potato,3
dried spices,3
dried tomato,3
dried turkey,3
dry blend,3
dry curd cottage cheese,3
dry milk,3
dry parsley,3
dry potato mix,3
e110,3
e211,3
edta to protect color,3
egg albumen,3
egg wash,3
eggplant,3
emulsifiers lecithins,3
enriched durum semolina,3
enriched flour {wheat flour,3
enriched high-gluten flour,3
enriched wheat flour*,3
enriched white corn meal*,3
enriched with iron,3
enriched yellow corn meal,3
enriched yellow corn meal*,3
enzyme preparation,3
enzymes and or less of ascorbic acid,3
erythorbic acid,3
expeller pressed canola oil*,3
expeller pressed high oleic sunflower oil,3
expeller pressed non-gmo canola oil,3
expeller pressed refined organic coconut oil,3
extract of rosemary,3
extracted from tilapia fish,3
extractive of turmeric,3
fd&c yellow no. 5,3
fed with astaxanthin,3
fennel,3
fermented soybean,3
fermented soybean powder,3
fermented wheat flour,3
figs,3
filberts,3
filling: blueberries,3
filling: potatoes,3
filling: shrimp,3
flaked corn,3
flatbread,3
flavored and colored fruit pieces,3
flavoring extracts,3
flow agent,3
folicacid,3
fondant filling,3
food grade,3
for color retention,3
fresh celery,3
fresh eggs,3
fresh potatoes,3
fresh steamed chickpeas,3
fresh vine-ripened california tomatoes,3
fried onions,3
from corn and barley,3
from green coffee beans,3
from seaweed,3
frozen,3
fructan,3
fruit and vegetable extracts,3
fruit juice concentrate added for color,3
fruit juice concentrates,3
fumaric acid and calcium propionate and sorbic acid,3
gelatine,3
ghost pepper,3
gluten free,3
gluten free certified oats,3
gluten-free flour blend,3
glyceryl monostearate,3
golden flaxseed,3
grape,3
grape jelly,3
grape tomatoes,3
grapefruit,3
green,3
green bell pepper powder,3
green chillies,3
ground corn treated with lime,3
ground red pepper,3
ground tomatoes,3
guar and/or xanthan and/or carob bean and/or locust bean and/or carrageenan gums,3
guar gum and carob bean gum,3
guar gum*,3
guar gum. topping: red pepper,3
guar gum. vitamins and minerals: calcium sulfate,3
halal,3
hard boiled egg,3
hardwood smoke,3
heavy whipping cream,3
hexameta,3
high oleic soybean oil,3
hiyashi chuka,3
honey coating,3
honey*,3
horse-radish,3
hulled hemp seeds,3
hydrochloride,3
hydrogenated,3
hydrolyzed corn gluten and wheat gluten,3
hydroxylated soy lecithin,3
hydroxypropyl distarch phosphate,3
hydroxypropyl starch,3
ice cream: milk,3
ice cream: skim milk,3
ii,3
imitation crab,3
imitation crab meat,3
imitation vanilla,3
imparts color,3
in beef collagen casing,3
including black pepper,3
including chili pepper,3
including soybeans,3
including yellow 5,3
ingredients may vary by season,3
ingredients: chicken broth,3
ingredients: chicken meat including natural chicken juices,3
ingredients: cucumbers,3
ingredients: enriched bleached flour,3
ingredients: enriched wheat flour,3
ingredients: mechanically separated chicken,3
ingredients: mechanically separated turkey,3
ingredients: milk,3
ingredients: milk chocolate,3
ingredients: popcorn,3
ingredients: potatoes,3
ingredients: roasted beef and concentrated beef stock,3
ingredients: strawberries,3
ingredients: tomatoes,3
ingredients: unbleached enriched flour,3
instant nonfat dry milk,3
inter-esterified palm oil,3
interesterified palm oil,3
italian dressing,3
jalapeno pepper powder,3
jasmine rice,3
kernels,3
key lime juice,3
koji starter,3
l-theanine,3
l. cremoris,3
lactase,3
lamb stock,3
leavenings,3
leaving,3
leek powder,3
lemon concentrate,3
lemon flavor,3
lemon juice concentrate*,3
lemon powder,3
lemon pulp,3
lemon vinaigrette,3
less than of citric acid,3
less than of natural flavors,3
less than of: modified corn starch,3
light corn syrup,3
lime juice powder,3
lime juice solids,3
liquid egg,3
liquid egg yolk,3
liquid eggs,3
lite mayonnaise,3
live and active cultures: s. thermophilus,3
lodized salt,3
long grain parboiled rice,3
low moisture mozzarella cheese,3
macadamia nut,3
made from cows milk,3
made from: enriched wheat flour,3
magnesium lactate,3
magnesium phosphate,3
magnesium sulfate,3
malic acid and ascorbic acid,3
maltodextrin tapioca,3
maltol,3
maltose syrup,3
masa,3
mashed granules,3
may contain smoke flavoring,3
may contain some or all of the following organic baby whole leaf varieties: organic green leaf,3
mexico,3
mint extract,3
mirin wine,3
mixed tocopherols . vitamins and minerals: vitamin c,3
mixed tocopherols added to protect flavor,3
mixed triglycerides,3
modified cellulose gum,3
modified milk ingredients,3
modified potato starch*,3
mono and di-glycerides,3
mono and diglycerides of fatty acids,3
mono and diglycerides with citric acid,3
mushroom juice concentrate,3
mushrooms*,3
natural and artifical flavor,3
natural and artificial blueberry flavor,3
natural and artificial vanilla flavor,3
natural apple cider flavoring,3
natural bacon flavor,3
natural blue cheese flavor,3
natural chicken flavor,3
natural chicken flavors,3
natural enzymes,3
natural flavor & extractives of carrot,3
natural flavor and vanilla,3
natural flavor),3
natural flavoring},3
natural flavours,3
natural food stabilizer,3
natural garlic flavor,3
natural lamb casings,3
natural mesquite smoke flavor,3
natural mineral salt,3
natural mold inhibitor,3
natural non-dairy butter flavor and lactic acid,3
natural preservative,3
natural sediment may occur,3
natural smoke flavors,3
natural vanilla flavoring,3
natural vitamin e to maintain freshness,3
natural whole grain rolled oats,3
naturally colored sugar,3
nigari,3
no chlorofluorocarbons,3
non fat dried milk,3
non-gmo lemon juice,3
non-gmo sesame tahini,3
non-gmo sugar,3
non-gmo*,3
non-hydrogenated canola oil,3
non-stick agent,3
nonfat buttermilk,3
not from concentrate,3
not more than silicon dioxide added to prevent caking,3
not roasted,3
nut oil blend,3
nutmeg powder,3
nutmeg. pasta ingredients: durum wheat flour,3
oat hull fiber,3
oils,3
oleoresin paprika color,3
oleoresin paprika*,3
oligofructose,3
olive oil blend,3
onion stock,3
onion},3
or less of autolyzed yeast extract,3
or less of egg whites,3
or less of modified cornstarch,3
or less of potato starch,3
or less of the following: flavorings,3
or less of: dextrose,3
or organic canola oil,3
or soybean oil,3
orange flavor,3
organic agave inulin,3
organic almond butter,3
organic avocados,3
organic baby butter lettuce,3
organic baby lettuces,3
organic barley flour,3
organic barley grass,3
organic beef flavor,3
organic beef stock concentrate,3
organic beet top,3
organic black chia seed,3
organic black quinoa,3
organic black sesame seeds,3
organic brown jasmine rice,3
organic buckwheat,3
organic butternut squash,3
organic caffeine,3
organic cane sugar*,3
organic carob bean gum,3
organic celeriac juice concentrate,3
organic cheddar cheese,3
organic chocolate liquor*,3
organic cocoa powder,3
organic coriander,3
organic cracked wheat,3
organic currants,3
organic dark red kidney beans,3
organic dehydrated onions,3
organic dehydrated vegetables,3
organic dextrose,3
organic dried cane syrup,3
organic dried parsley,3
organic edamame,3
organic erythritol,3
organic ethyl alcohol,3
organic expeller pressed vegetable oil,3
organic farro,3
organic green leaf lettuce,3
organic green tea extract,3
organic guarana extract,3
organic guayusa extract,3
organic gum arabic,3
organic jersey cow whole milk,3
organic kombucha,3
organic lentil beans,3
organic maple sugar,3
organic milled cane sugar,3
organic millet,3
organic mirepoix,3
organic mushrooms,3
organic mustard seeds,3
organic panax ginseng extract,3
organic pasta,3
organic pea hull fiber,3
organic pork,3
organic raw sunflower kernels,3
organic red pepper,3
organic rice vinegar,3
organic romaine lettuce,3
organic rosemary,3
organic safflower,3
organic safflower oil,3
organic sage,3
organic seasoning,3
organic spinach powder,3
organic stone ground white corn,3
organic strawberries,3
organic strawberry puree,3
organic swiss chard,3
organic tomato juice,3
organic turkey,3
organic unrefined extra virgin coconut oil,3
organic unrefined virgin coconut oil,3
organic vanilla flavor,3
organic vegetable base,3
organic vital wheat gluten,3
organic watermelon juice,3
organic wheat starch,3
organic white chia seeds,3
organic white rice flour,3
organic white vinegar,3
organic whole chia seeds,3
organic whole grain oat flour,3
oven roasted turkey breast,3
palm and modified palm oil,3
palm and palm kernel oils,3
palm and/or fractionated palm oil,3
palm and/or palm kernel,3
palm and/or sunflower seed,3
palm kernel and palm oil,3
palm oil & fractionated palm oil,3
palm oil and fractionated palm oil,3
palm oil margarine,3
papaya,3
paprika powder,3
parmesan hard grating cheese,3
part-skim cow's milk,3
partially hydrogenated canola oil,3
partially hydrogenated soybean and cottonseed oils,3
partially skimmed milk,3
pasteurized milk and cream cheese culture,3
pasteurized milk cheese cultures,3
pasteurized milk cream,3
pasteurized skim milk,3
pea and carrot,3
pea protein isolate and pea protein,3
pea starch,3
peach juice concentrate,3
pear juice,3
pears,3
pectine e440,3
pepper jack cheese,3
pepper powder,3
philippines,3
phosphates,3
phosphoric acid*,3
pine nut,3
pineapple syrup,3
pink salmon and salt,3
pistachio,3
pistachios,3
plant based,3
pollock and/or whiting,3
ponzu soy,3
poppy seed,3
pork base,3
pork cured with water,3
potassium diacetate,3
potassium sorbate added as a preservative,3
potassium sorbate and natamycin,3
potassium sorbate and sodium benzoate added as preservatives,3
potassium sorbate as preservative,3
potassium sorbate preservative,3
potassium sorbate red 3,3
potassium sorbate {preservative},3
powdered cellulose to prevent caking,3
powdered cooked chicken,3
pre-cooked yellow corn flour,3
precooked barley,3
pregelatinized corn flour,3
prepared beans,3
prepared black beans,3
prepared garbanzo beans,3
prepared lima beans,3
preservative],3
prevents caking],3
product contains: cashews,3
propionibacterium freudenreichii,3
propylene glycol mono-and diesters of fats and fatty acids,3
propylene glycol monostearate,3
propylparaben,3
protein-mix,3
provides tartness,3
prunes,3
psyllium husk powder,3
puffed millet,3
pure coconut oil,3
pure mango pulp,3
pure soya,3
pure water,3
purified water and natural flavors,3
pyrophosphate,3
quiche filling,3
quick release pan spray,3
quinoa seeds,3
raising agent,3
raw almonds,3
raw sugar,3
raw sunflower seeds,3
raw unsalted pumpkin seeds,3
raw vegan cane sugar,3
real corn syrup,3
reconstituted potatoes,3
red #40 and blue #1,3
red and green bell peppers,3
red and green romaine,3
red beet concentrate,3
red bell pepper powder,3
red bell pepper*,3
red butter lettuce,3
red onions,3
red#3,3
reduced,3
riboflavin & folic acid,3
riboflavin. folic acid,3
rice cereal,3
rice protein,3
rice syrup solids,3
rice wine vinegar,3
ripe olives,3
roasted onions,3
roasted peanut,3
roasted sunflower seeds,3
roasted turkey breast,3
rose solution,3
rosemary oleoresin,3
s,3
s. cremoris,3
s. diacetylactis,3
s. lactis,3
saccharin,3
saffron,3
salt added,3
salt and paprika,3
salt and sodium tripolyphosphate,3
salt and spices,3
salt and xanthan gum,3
salt. dough: flour,3
salt. less than of: modified food starch,3
salt. sugar,3
salt],3
salted egg yolk,3
savory,3
scrambled eggs,3
selected cucumbers,3
serrano pepper,3
shermanii,3
sherry cooking wine,3
sherry wine solids,3
shiitake extract,3
shortening powder,3
shrimp meat with salt added,3
sicilian sea salt,3
silica,3
silicon dioxide . *dried,3
skinless chicken breast meat and thigh meat,3
smoke,3
smoked flavor,3
sodium acid pyrophosphate and sodium bicarbonate,3
sodium acid sulfate,3
sodium aluminium phosphate,3
sodium aluminium sulphate,3
sodium benzoate 100ppm,3
sodium benzoate and potassium sorbate added to protect flavor,3
sodium benzoate preservative,3
sodium bisulfate,3
sodium carbonates,3
sodium carboxy methyl cellulose,3
sodium erythorbate and sodium nitrite,3
sodium hydroxide,3
sodium metabisulfite and potassium sorbate as preservative,3
sodium metabisulfite and sodium sulfite,3
sodium nitrite. may also contain dextrose,3
sodium selenite,3
sodium tripolyphosphate (for moisture retention,3
soft red wheat flour,3
soft red winter wheat flour,3
sorbate,3
sorbic acid and sodium benzoate,3
sorbic acid preservative,3
sour cream powder,3
sourdough,3
sourdough culture,3
sourdough starter,3
soy and wheat proteins,3
soy grits,3
soy lecithin and vanilla,3
soy lecithin-an emulsifier,3
soy meal,3
soy protein isolates,3
soy sauce solids,3
soy sauce sugar,3
soybean and canola,3
soybean and palm kernel oils,3
soybean and/or cottonseed oils,3
soybean oil and olive pomace oil with annatto oil for coloring,3
soybean oil and palm oil,3
soybean oil and salt,3
soybean oil and/or palm oil,3
soybean/canola oil,3
soylecithin,3
spearmint,3
spices and parsley,3
spices and salt,3
spices including turmeric,3
split peas,3
spring onion,3
squash,3
sriracha chili sauce,3
sriracha sauce,3
ssl,3
stabilized and emulsified by mono and diglycerides,3
stabilizer blend,3
steam pasteurized,3
steel cut oats,3
stevia leaf reb m,3
stick: wheat flour enriched,3
stoneground corn masa flour,3
strawberry filling,3
strawberry yogurt,3
stuffed in natural lamb casing,3
sucrose fatty acid esters,3
sugar & beef extract,3
sugar and/or high fructose corn syrup,3
sugar cane,3
sugar corn syrup,3
sugar salt,3
sugar snap peas,3
sugared egg yolks,3
sulfite free coconut,3
sunflower and/or cottonseed oil,3
sunflower seeds and salt,3
sunflower seeds*,3
sushi rice water,3
sustainable palm oil,3
sweet chili peanut sauce,3
sweet dairy whey,3
sweet potato flour,3
sweet red peppers,3
syrup,3
tamari,3
tapioca syrup*,3
tartrazine,3
tasteless smoke,3
tea,3
thiamin mononitrate {vitamin b1},3
thiamine and folic acid,3
thickeners,3
tilapia,3
to control ph value,3
to preserve quality,3
to protect color,3
to retain fish moisture,3
toasted onion,3
toasted onion powder,3
tocopherols to maintain freshness,3
tofu,3
tomatoes and citric acid,3
tomatoes and less than of: sea salt,3
tomatoes in juice,3
treated with sulfur dioxide to preserve color,3
tumeric,3
turkey base,3
turkey breast meat,3
turmeric & annatto extract,3
turmeric & paprika,3
turmeric color,3
unbleached flour,3
unbleached unbromated enriched white flour,3
unbromated wheat flour,3
unlbeached wheat flour,3
unrefined organic coconut oil,3
unrefined salt,3
unsweetened bananas,3
vanilla bean,3
vanilla flavoring,3
vanillin and artificial flavors,3
vegan,3
vegetable glycerine,3
vegetable juice concentrates,3
vegetable lecithin,3
vegetable oil preserved by tbhq,3
vegetable seasoning,3
vegetable soup mix,3
vinegar and salt,3
vinegar*,3
vinegar**,3
vit. c,3
vit. d3,3
vitamine b1,3
vitamins a & d added,3
walnut,3
water salt,3
water sugar,3
watermelon juice powder,3
watermelon juice*,3
well water,3
wheat & malt barley flour,3
wheat and soy protein,3
wheat and/or corn,3
wheat bread,3
wheat flour enriched,3
wheat flour*,3
wheat starch. vitamins and minerals: ferric orthophosphate,3
whey {milk},3
whipped topping,3
whipping cream,3
white chicken meat,3
white chocolate flavored coating,3
white chocolate {sugar,3
white confectionery coating,3
white corn flour with lime,3
white grain sorghum extract,3
white grape juice from concentrate,3
white kidney beans,3
whole blueberries,3
whole egg solids,3
whole grain brown rice,3
whole grain oat flakes,3
whole pasteurized eggs. filling: cheese,3
whole wheat bread,3
whole wheat flour*,3
whole wheat/graham flour,3
wild,3
with ascorbic acid,3
with other natural flavors,3
with water,3
without salt,3
worcestershire sauce concentrate,3
xanthan and/or carob bean and/or guar gums,3
xanthum gum,3
xylanase,3
yeast extract and xanthan gum,3
yeast powder,3
yellow 5 & yellow 6,3
yellow bell peppers,3
yellow corn flour. breading set in vegetable oil,3
yogurt blend,3
yuzu citrus juice,3
yuzu kosho,3
yuzu orange,3
& enzymes,2
& folic acid,2
* butter,2
* contains less than of food starch-modified,2
* potassium sorbate and sodium benzoate*,2
* salt,2
* tapioca maltodextrin,2
* xanthan gum,2
*apple cider vinegar,2
*avocado,2
*cage-free egg yolks,2
*cage-free salted egg yolks,2
*garlic,2
*high oleic sunflower oil,2
*lactic acid,2
*lime juice,2
*mustard,2
*mustard seeds,2
*nutritional yeast,2
*olive juice,2
*olive solids,2
*onion,2
*onion powder,2
*organic certified,2
*organic ingredients,2
*psyllium husk powder,2
*salt,2
*sea salt,2
*smoked paprika,2
*soy lecithin,2
*sunflower seeds,2
*vinegar,2
*whole egg,2
1 count,2
100:1,2
1:1,2
20:1,2
a natural vitamin to help preserve flavor,2
aceite de soya,2
acerola powder,2
acidity corrector,2
acidity regulators,2
active dry yeast,2
added as an emulsifier,2
added as preservative,2
added for clarity,2
added to promote firmness,2
added to stabilize color,2
additional enzyme,2
agar agar,2
agave nectar*,2
aged jalapeo and aged tabasco peppers,2
agua,2
alaskan pollock,2
alaskan salmon,2
algin,2
alkalized cocoa,2
almond oil,2
alpha tocopheryl acetate,2
aluminum free leavening,2
aluminum sodium phosphate,2
aluminum-free leavening,2
amino acid,2
ammonium bicarbonate and sodium pyrophosphate,2
ammonium carbonates,2
ammonium hydroxide,2
ammonium phosphate,2
amylase enzymes,2
an anti-foaming agent added,2
an enzyme,2
anaheim chili pepper,2
ancho pepper,2
and annatto,2
and annatto color,2
and artificial flavor,2
and ascorbic acid as dough conditioners,2
and ascorbic acid to promote color retention,2
and beef fat,2
and calcium disodium edta,2
and calcium propionate,2
and carob bean gum,2
and citric acid. vitamin and mineral blend,2
and clarified pineapple juice from concentrate,2
and color . vitamins and minerals: calcium sulfate,2
and conditioner,2
and diglycerides,2
and fructose,2
and guar gum,2
and hydrogenated lard with tocopherol and bht added to help protect flavor,2
and l. casei cultures,2
and less than of the following: artificial & natural flavors,2
and less than of the following: egg whites,2
and less than of the following: hydrolyzed corn and wheat gluten,2
and less than of the following: modified corn starch,2
and less than silicon dioxide,2
and natural and artificial flavor,2
and natural extractives of black pepper,2
and natural vanilla flavor,2
and not more than sunflower oil* added as a processing aid,2
and or less of the following: guar gum,2
and or less of yeast,2
and organic malted barley flour,2
and powdered cellulose,2
and rice concentrate,2
and sodium ascorbate,2
and sodium phosphate,2
and soy proteins,2
and sugar,2
and sunflower oil,2
and tenderloin,2
and tree nuts,2
and vinegar,2
and water,2
and wheat protein with sunflower oil,2
and yellow 6,2
and/or canola,2
and/or cottonseed oil,2
and/or cream,2
and/or guar gums,2
angus beef,2
anhydrous,2
anhydrous dextrose,2
animal shortening,2
anise seed,2
annato,2
annatto and turmeric extracts,2
annatto coloring,2
annatto coloring and citric acid,2
annatto extract . vitamins and minerals: vitamin c,2
annatto for color,2
anthocyanins,2
anti caking agent,2
anticaking agents,2
antifoaming agent,2
antimicrobial blend,2
antioxidant: tocopherols,2
apple cider,2
apple concentrate,2
apple puree from concentrate,2
apple puree*,2
"apple strawberry pieces , less than of: guar gum",2
aquaresin of carrot,2
aquaresin paprika,2
aroma,2
arrowroot flour,2
artesian water,2
artifical flavor,2
artificial & natural flavors,2
artificial banana flavor,2
artificial color fd&c red no.40,2
artificial color fd&c yellow no.6,2
artificial flavor and artificial color: fd&c red no. 40,2
artificial flavor. peanuts: peanuts,2
artificial food grade color fd&c yellow no.6,2
artificial vanilla,2
as a dough conditioner,2
as an anticaking agent,2
as color,2
as coloring,2
as defatted peanut flour,2
ascorbic acid * and natural flavors*,2
ascorbic acid **,2
ascorbic acid and pectin,2
ascorbic acid preservative,2
ascorbic acid to maintain color,2
ascorbic acid to maintain freshness,2
ascorbic acid to protect color,2
ashwagandha root,2
asiago,2
aspartame potassium,2
aspartame* and acesulfame potassium,2
atlantic salmon color added through feed,2
baby carrots,2
baking soda sodium acid pyrophosphate,2
bamboo extract,2
banana powder,2
barley and tea extracts,2
barley extract,2
barley groats,2
barley malt flour,2
barley rice,2
barleymilk,2
basil pesto sauce,2
bay leaf*,2
bb brine,2
bean and cheese burrito filling,2
beef broth flavor,2
beef contains up to of a flavoring solution of water,2
beef fat with tocopherol,2
beef fat*,2
beef flavor concentrate,2
beef salivary glands,2
beef stock concentrate,2
beef water,2
beet powder color,2
beet powder {color},2
beet sugar,2
beet tops,2
bell pepper*,2
bellavitano cheese,2
beta carotene*,2
betacarotene,2
bha and tbhq,2
bifidobacterium,2
bifidobacterium breve,2
bifidobacterium longum,2
black beans*,2
black cumin seed,2
black imperial rice,2
black pepper powder,2
black pepper),2
black peppercorn,2
black peppercorns,2
black rice,2
black soybean,2
blackberries,2
bleached and deodorized palm oil,2
blended olive oil,2
blended vinegar,2
blue corn nixtamal,2
blue no.1,2
blue ridge mtn well water,2
blueberry and carrot {for color},2
blueberry flavoring,2
blueberry juice,2
blueberry puree concentrate,2
boiled,2
boneless skinless chicken,2
bonito,2
bovine,2
bran,2
brandy,2
brazil nuts,2
bread base,2
bread crumbs salt,2
bread: enriched flour,2
brewed vinegar,2
brightening agent,2
brisling sardines,2
broccolli,2
bromate,2
bronze chief whole wheat flour,2
brown flax seeds,2
brown rice flour*,2
brown rice syrup*,2
brown teff flour,2
brushed on top for browning,2
buckwheat flour,2
bulgar wheat,2
bulgur wheat,2
burgundy wine,2
butter croissant,2
butter extractives,2
butter fat,2
butter flavoring,2
butter flavoring and salt,2
butter sauce,2
butter**,2
buttercrunch toffee with almonds - ingredients: sugar,2
buttermilk*,2
cabbage powder,2
cacao liquor,2
cacao mass,2
cacao nibs,2
caffeine from natural green tea,2
cage-free egg yolks,2
cage-free eggs,2
cajun seasoning,2
calcium chloride added as a firming agent,2
calcium chloride and citric acid,2
calcium d pantothenate,2
calcium disodium,2
calcium disodium edta and citric acid to preserve freshness,2
calcium gluconate,2
calcium panthothenate,2
calcium propionate. potassium sorbate,2
calcium silicate & garlic oil,2
calcium silicate and garlic oil,2
calcium source,2
calcium sulphate,2
calendula flower*,2
california raisins,2
california shelled walnuts,2
canada,2
candied walnuts,2
cane juice molasses,2
cane sugar**,2
cannellini beans,2
canola and/or cottonseed,2
canola and/or palm,2
canola and/or peanut oil,2
canola and/or soya,2
canola and/or soybean and/or palm oil,2
canola lecithin,2
canola oil and extra virgin olive oil,2
canola oil and/or olive oil,2
canola oil and/or peanut oil,2
canola oil or sunflower oil,2
canola/olive oil blend,2
capsicum extract,2
caramel color and salt,2
caramel color. vitamins & minerals: vitamin b1,2
caramel colors,2
caramel powder,2
caramelized onion seasoning*,2
carbonated coconut water,2
cardamom*,2
cardamon,2
cardava,2
carotene,2
carrot cake,2
carrot flavored pieces,2
carrot powder and turmeric,2
carrot powder*,2
carrots and peas extracts,2
cassava root fiber,2
cassava root syrup,2
cassava starch,2
cauliflower puree,2
cayenne chili pepper*,2
cayenne*,2
celery and onion stocks,2
celery flakes,2
celery root,2
celery},2
cellulose & guar gum,2
cellulose gel and gum,2
cellulose gum and carrageenan,2
cellulose powder added to prevent caking,2
cereal and honey,2
certified food color,2
certified gluten free oats,2
certified non-gmo canola oil,2
certified organic wheat flour,2
chablis,2
charlock,2
cheddar cheese flavor,2
cheddar cheese {milk,2
cheese cultures & cellulose to prevent caking,2
cheese cultures enzymes,2
cheese cultures salt,2
cheese flavor,2
cheese sauce,2
cheese sauce dry blend,2
cheese sauce mix,2
chia,2
chick pea paste,2
chicken bones,2
chicken breast meat with rib meat,2
chicken flavor base,2
chickpea flour*,2
chicory root inulin,2
chile powder,2
chile sauce,2
chili pepper and salt,2
chili spice extract,2
chinese chives,2
chinese dressing,2
chipotle chile pepper powder,2
chipotle powder,2
chlorophyll,2
chocolate cookie crumb,2
chocolate sandwich cookie pieces,2
chocolate sandwich cookies,2
chocolate yogurt flavored coating,2
choline chloride,2
chopped almonds,2
chopped garlic,2
cider,2
cilantro salt,2
cinnamon stick,2
cinnamon*,2
citric acid added as a preservative,2
citric acid and natural flavor,2
citric acid and phosphates,2
citric acid and potassium sorbate,2
citric acid and sodium benzoate as preservative,2
citric acid and sodium sulfite to preserve color,2
citric acid and trisodium citrate - acidity regulators,2
citric acid and vitamin e to preserve freshness,2
citric acid as conservative,2
citric acid ascorbic acid,2
citric acid {preservative},2
citric acid),2
citrus pectin,2
clove*,2
coated with organic sunflower oil,2
cocoa butter and soy lecithin,2
cocoa butter*+,2
cocoa confectionery coating,2
cocoa paste,2
coconut fat,2
coconut flour,2
coconut milk*,2
coconut oil and salt,2
coconut oil**,2
coffee beans*,2
coho,2
colarabbi,2
cold-brew coffee*,2
collagen peptides,2
color . vitamins and minerals: calcium phosphate,2
colored distilled vinegar,2
colored with annatto/turmeric,2
colored with extracts of annatto and turmeric,2
colored with fruit juice,2
colored with: carmines,2
colours,2
com,2
com syrup solids,2
concentrate lemon juice,2
concentrated beef stock,2
concentrated crushed tomatoes,2
concentrated pork stock,2
concord grape concentrate,2
concord grape juice concentrate,2
confectionery coating,2
confectionery glaze,2
contains 2 percent or less of each of the following: salt,2
contains bay leaf,2
contains beef extract,2
contains less than : baking soda,2
contains less than : phosphoric acid,2
contains less than of acesulfame potassium,2
contains less than of artificial flavor,2
contains less than of ascorbic acid,2
contains less than of autolyzed yeast extract,2
contains less than of calcium propionate,2
contains less than of cheddar concentrate,2
contains less than of cheese sauce base,2
contains less than of cooked turkey meat,2
contains less than of dehydrated carrots,2
contains less than of dehydrated onion,2
contains less than of each of the following: baking soda,2
contains less than of each of the following: organic cane syrup,2
contains less than of each of the following: sea salt,2
contains less than of extra virgin olive oil,2
contains less than of green bell peppers,2
contains less than of magnesium oxide,2
contains less than of mono- and diglycerides,2
contains less than of organic chicken concentrate,2
contains less than of organic cornstarch,2
contains less than of sodium phosphate,2
contains less than of soybeans,2
contains less than of spices,2
contains less than of the following: artificial flavors,2
contains less than of the following: eggs,2
contains less than of the following: garlic,2
contains less than of the following: invert sugar,2
contains less than of the following: natural and artificial flavor,2
contains less than of the following: yellow corn flour,2
contains less than of the following: yogurt powder,2
contains less than of yeast extract,2
contains less than of: baking soda,2
contains less than of: calcium carbonate,2
contains less than of: natural and artificial flavor,2
contains less than of: natural and artificial flavors,2
contains less than of: nonfat milk,2
contains less than of: organic chicken flavor,2
contains less than of: organic spinach,2
contains less than of: sugar,2
contains less than of: turkey,2
contains less than of: vegetable mono- and diglycerides,2
contains less than of: water,2
contains less than of: wheat gluten,2
contains malted barley flour as a natural enzyme additive,2
contains mustard and celery,2
contains one or more of the following: canola and/or safflower oil,2
contains one or more of the following: cottonseed,2
contains one or more of the following: palm,2
contains one or more of the following: palm kernel,2
contains one or more of the following: sunflower,2
contains one or more of the following: yeast,2
contains or less,2
contains or less guar gum,2
contains or less of artificial and natural flavor,2
contains or less of beef fat,2
contains or less of chicken fat,2
contains or less of chili flavor,2
contains or less of cilantro,2
contains or less of dipotassium phosphate,2
contains or less of each of the following: cinnamon,2
contains or less of each of the following: citric acid,2
contains or less of each of the following: hydrolyzed corn,2
contains or less of each of the following: potato flour,2
contains or less of each of the following: salted butter,2
contains or less of each of the following: wheat gluten,2
contains or less of each of: cream of tartar,2
contains or less of each: wheat gluten,2
contains or less of eggs,2
contains or less of high fructose corn syrup,2
contains or less of honey,2
contains or less of lemon juice concentrate,2
contains or less of locust bean gum,2
contains or less of modified food starch,2
contains or less of natural flavor,2
contains or less of salt. vitamins and minerals: iron,2
contains or less of sea salt,2
contains or less of sodium aluminum phosphate,2
contains or less of the following: artificial flavor,2
contains or less of the following: jalapeno peppers,2
contains or less of the following: modified corn starch,2
contains or less of the following: modified food starch,2
contains or less of the following: molasses,2
contains or less of the following: romano cheese,2
contains or less of the following: vinegar,2
contains or less of the following: whole wheat flour,2
contains or less of: artificial flavor,2
contains or less of: canola oil,2
contains or less of: dehydrated parsley,2
contains or less of: dehydrated potatoes,2
contains or less of: flavoring,2
contains or less of: modified cornstarch,2
contains or less of: modified food starch,2
contains or less of: natural flavor,2
contains or less of: nutritional yeast,2
contains or less of: palm oil,2
contains or less of: potassium lactate,2
contains or less of: sweet cream buttermilk,2
contains or less of: tomato paste,2
contains or less of: vegetable monoglycerides,2
contains or less of: whey,2
contains or less textured vegetable protein,2
contains or less: cream cheese,2
contains or less: modified corn starch,2
contains or less: modified cornstarch,2
contains or less: soybean oil,2
contains or less: textured vegetable protein,2
contains rosemary extract,2
contains the following live cultures: lactobacillus bulgaricus,2
contains: carbonated water,2
cooked basmati rice,2
cooked beans,2
cooked black barley,2
cooked boneless pork sirloin,2
cooked bulgur,2
cooked dark red kidney beans,2
cooked dehydrated chicken meat,2
cooked diced seasoned beef and modified food starch product,2
cooked dried chickpeas,2
cooked eggs,2
cooked farro,2
cooked kidney beans,2
cooked lentils,2
cooked organic black barley,2
cooked organic farro,2
cooked organic quinoa,2
cooked potatoes,2
cooked turkey roll,2
cooked vegetable stock,2
cooked vegetables {carrot,2
cooked white chicken meat,2
cooked white quinoa,2
cooked wild rice,2
cookie,2
cookie crunch,2
cooking sherry,2
cooking wine,2
coriander leaf,2
coriander powder,2
coriander*,2
corn & roasted corn,2
corn and rice flour,2
corn and wheat protein,2
corn starch and soy lecithin,2
corn starch. contains or less of each of the following: color,2
corn treated with lime water,2
cornstarch*,2
cornstarch. contains or less of sea salt,2
cosmopolitan lettuce,2
cottonseed and soybean,2
cottonseed and/or canola oils,2
cottonseed and/or soybean,2
cottonseed fiber,2
cow's and/or sheep's milk,2
crab,2
crab flavor,2
cracked flaxseed,2
cream & milk,2
cream cheese culture,2
cream of mushroom soup,2
cream salt,2
crepe: water,2
crimini mushrooms,2
crushed red chili,2
csl,2
cucumber essence,2
cucumber juice concentrate,2
cucumbers water,2
cultured cane sugar,2
cultured celery juice,2
cultured grade a reduced fat milk,2
cultured milk and skim milk,2
cultured non-fat milk,2
cultured pasteurized grade a skim milk and enzymes,2
cultured pasteurized lowfat milk,2
cultured pasteurized nonfat grade a milk,2
cultured whey powder,2
cultured whey protein concentrate and cultured skim milk,2
cultured whole milk,2
cumin seed*,2
cumin*,2
cupric sulfate,2
curcumin,2
cured cucumbers,2
curry leaf,2
curry leaves,2
d-glucose,2
dairy cream,2
dark turkey meat,2
date paste*,2
de-oiled sunflower lecithin,2
dehulled barley,2
dehydrated apples,2
dehydrated cheddar cheese,2
dehydrated diced onion,2
dehydrated garlic*,2
dehydrated jalapeno pepper,2
dehydrated lime juice,2
dehydrated mango,2
dehydrated pineapple,2
dehydrated red bell peppers,2
dehydrated romano cheese,2
dehydrated spearmint leaves,2
dehydrated vegetable,2
dehydrated vegetable blend,2
deionized water,2
demerara sugar,2
deodorized,2
deodorized lard,2
derived from fruit,2
dessicated coconut,2
dha,2
diacetyl tartaric acid esters of mono-and diglycerides,2
diced celery,2
diced green chile,2
diced jalapenos,2
diglycerides,2
diglycerides of fatty acids {emulsifier},2
dill seed,2
diluted to acidity with water,2
diphosphate,2
disodium inosinate & guanylate,2
disodium5'-guanylate,2
disodium5'-inosinate,2
dl-alanine,2
docosahexaenoic acid,2
dough conditioner blend,2
dough mixture: enriched durum flour,2
dough mixture: organic durum flour,2
dough soft,2
dough softener,2
dough: tapioca flour,2
drained,2
dressing hard cooked peeled eggs sugar,2
dried,2
dried bamboo shoot,2
dried beef stock,2
dried broccoli,2
dried cane juice,2
dried carrot,2
dried chicken broth,2
dried citrus pulp,2
dried corn,2
dried cranberry,2
dried cranberry crumbles,2
dried egg,2
dried egg yolks,2
dried herbs,2
dried lemon peel,2
dried mangoes,2
dried mangos cayenne pepper,2
dried orange peel,2
dried pineapple,2
dried plums,2
dried red bell peppers,2
dried red chile,2
dried red pepper,2
dried savory,2
dried strawberries,2
dried turkey broth,2
dried unsweetened coconut,2
dry,2
dry egg whites,2
dry molasses,2
dry roasted pistachios,2
dry skim milk,2
dry whey,2
dumplings,2
durum semolina wheat flour,2
dusted with rice flour,2
e127,2
e202,2
edamame soybeans,2
edta to protect flavor,2
egg powder,2
egg whites. filling mixture: whole milk ricotta cheese,2
egg yolk powder,2
eggs with sodium silicoaluminate,2
elderberry juice concentrate for color,2
electrolytic iron,2
encapsulated lactic acid,2
encapsulated sorbic acid,2
english peas,2
enriched durum wheat flour,2
enriched flour . water,2
enriched flour wheat flour,2
enriched macaroni product,2
enriched wheat flour salt,2
enriched wheat flour whey,2
enriched yellow corn flour,2
enzimas,2
enzyme modified egg yolk,2
enzymes and annatto,2
enzymes and natamycin,2
ethoxylated mono & diglycerides,2
ethyl acetate,2
evaporated cane sugar*,2
expeller,2
expeller pressed,2
expeller pressed baking powder,2
expeller pressed non gmo canola oil,2
expeller pressed refined avocado oil,2
expeller pressed safflower or sunflower oil,2
expeller pressed soybean oil,2
expeller pressed sunflower seed oil and/or expeller pressed safflower seed oil,2
expeller pressed vegetable oil,2
expeller pressed: canola and/or safflower oil,2
expeller- pressed canola oil,2
expeller-pressed organic oil blend,2
extract,2
extractives of annatto and turmeric,2
extractives of celery,2
extractives of garlic,2
extractives of paprika and annatto,2
extractives of turmeric and paprika,2
extractives of turmeric. crust: enriched wheat flour,2
extracts of carabao mangos,2
extracts of strawberries,2
farm raised penaeus vannamei pacific white shrimp,2
fat replacer,2
fava bean protein,2
fd & c yellow #6,2
fd&c,2
fd&c blue #1 and fd&c red #40 lake,2
fd&c colors,2
fd&c red #40 and blue #1,2
fd&c red 3,2
fd&c red no. 3,2
fd&c red#40,2
fd&c yellow #5 & #6,2
fd&c yellow #5 & 6,2
fd&c yellow no.6,2
fennel seeds,2
fennel*,2
fermented organic zinc,2
fermented pea and brown rice protein,2
fermented quinoa,2
fermented rye flour,2
fermented soybeans,2
ferrous,2
ferrous sulphate,2
filling . pasta,2
filling crust: cocina 54 blend,2
filling: beef,2
filling: berkshire pork,2
filling: chicken,2
filling: light cream,2
filling: organic spinach,2
filling: parmesan cheese,2
filling: spinach,2
filling: turkey broth,2
filtered water and apple juice concentrate,2
first cold pressed organic canola oil,2
fish protein,2
fish stock,2
flavorings and modified potato starch,2
flaxseed*,2
flounder,2
flour blend,2
flour predust,2
flour treatment agent,2
flour. egg,2
folate,2
folic acid*,2
fontina cheese,2
food enzymes,2
food preservative,2
food starch- modified,2
fos,2
fractionated palm kernel and palm oils,2
free flow agent,2
free range,2
freeze dried blueberries,2
french bread: enriched unbleached wheat flour,2
french green lentils,2
fresh basil,2
fresh jalapeno peppers,2
fresh lemon juice,2
fresh parsley,2
fresh part-skim cow's milk,2
fresh plum juice concentrate,2
fresh red bell peppers,2
fresh tomatoes,2
fresh vine-ripened tomatoes*,2
freshly ground organic wheat,2
freshly ground wheel of domestic romano cheese,2
freshly ground whole white peppercorn,2
fried in vegetable oil,2
fried onion rings,2
from beets,2
from citrus,2
from potato flour,2
from wheat and corn,2
fruit,2
fruit juices from concentrate,2
fruit sugar,2
full cream milk powder,2
fully hydrogenated palm oil,2
fully hydrogenated soybean oil,2
fumaric acid and sorbic acid added to preserve freshness,2
fumed silica,2
gadus morhua,2
galangal,2
garden blend,2
garlic and spices. sweet & mild sauce: red bell pepper,2
garlic granules,2
garlic herb cheese spread,2
garlic including dehydrated,2
garlic powder. coated with black pepper,2
garlic powder. tortilla: enriched flour,2
garlic power,2
geranium extract,2
ghee,2
gherkins,2
ginger juice,2
ginger powder,2
ginger root,2
ginger water,2
ginger*,2
glacial acetic acid,2
glutamic acid,2
gluten,2
gluten free oats,2
gluten free rolled oats,2
"glycerol, less than of: natural and artificial flavors",2
glyceryl abietate,2
goat cheese,2
golden quinoa,2
gos,2
gouda cheese,2
grade a amber,2
grade a cultured pasteurized whole milk & skim milk,2
grains,2
grana padano cheese,2
granulated cane sugar,2
granulated roasted garlic,2
grape concentrate,2
grape skin extract,2
grass fed lamb shoulder,2
grass-fed beef bones,2
grated desiccated coconut,2
grated parmesan cheese,2
gravy,2
greek yogurt coating,2
green & red bell peppers,2
green and red bell peppers,2
green asparagus,2
green bell pepper puree,2
green cabbage,2
green chile pepper,2
green chili peppers,2
green chilies,2
green color,2
green jalapeno puree,2
green leeks,2
green lentils*,2
green oak lettuce,2
green pea powder,2
green peas*,2
green pepper powder,2
green plantain,2
green romaine lettuce,2
green tango lettuce,2
grilled salmon,2
ground annatto seed,2
ground chia seeds,2
ground cloves,2
ground flax seed,2
ground vanilla beans,2
gruyere cheese,2
guacamole,2
guajillo pepper,2
guar and/or carob bean and /or locust bean and/or xanthan gums,2
guar gm,2
guar gum and xanthan gum - stabilizers,2
guar gum),2
gum,2
gumming solution,2
haas avocado,2
habanero pepper,2
halal lamb,2
ham base,2
ham cured with water,2
hard candy,2
hard cooked peeled eggs,2
hard red wheat,2
harina de trigo,2
harissa,2
hazelnut paste,2
heat treated after culturing,2
heat-treated after culturing,2
hellmann's mayonnaise,2
herbs and spices,2
hi-oleic sunflower,2
hickory smoke flavor,2
high fructose corn sweetener,2
high fructose corn syrup and or less of each of the following: concentrated juices,2
high fructose rice syrup,2
high oleic safflower oil,2
high oleic soybean oil and/or high oleic canola oil,2
high oleic sunflower and/or canola oil,2
high oleic sunflower oil and/or canola oil,2
high oleic sunflower oil and/or safflower oil and/or canola oil,2
high-oleic safflower oil,2
hmr vegetable sauce,2
holy basil,2
honey bee,2
honey glaze,2
honey graham crumbs,2
honey granules,2
hot sauce powder,2
hulled barley,2
hulled millet,2
hybrid of wheat and rye,2
hydrogenated cottonseed oil natural and artifical flavors,2
hydrogenated palm kernel oil and/or palm oil,2
hydrogenated palm olein,2
hydrogenated soybean oil and/or cottonseed oil,2
hydrogenated starch hydrolysate,2
hydrolyzed brewers yeast,2
hydrolyzed brewers yeast proteins,2
hydrolyzed corn gluten & soy protein,2
hydrolyzed corn protein with sunflower oil added,2
hydrolyzed torula yeast,2
hydrolyzed torula yeast proteins,2
hydrolyzed wheat,2
hydroxypropylcellulose,2
ice cream,2
ice cream - milk,2
idli rice,2
imported parmesan cheese,2
imported romano cheese,2
in a natural pork casing,2
includes milk,2
includes red 40 lake,2
includes tapioca based maltodextrin,2
includes yeast extract,2
including black pepper and red pepper,2
including extractives of celery seed,2
including ham,2
including mustard and celery seed,2
including natural extractives of dill weed,2
including natural extractives of lime,2
including soy,2
including thyme,2
ingredient: black chia seed,2
ingredient: blackeye peas,2
ingredient: blanched almonds,2
ingredient: honey,2
ingredients*: triple filtered purified water,2
ingredients: almonds,2
ingredients: apples,2
ingredients: avocado oil,2
ingredients: broccoli,2
ingredients: coconut oil,2
ingredients: cod,2
ingredients: corn oil,2
ingredients: corn syrup. sugar,2
ingredients: cream cheese,2
ingredients: eggs,2
ingredients: enriched degermed yellow corn meal,2
ingredients: iceberg lettuce,2
ingredients: mechanically separated turkey turkey,2
ingredients: modified corn starch,2
ingredients: orange juice,2
ingredients: organic cashews,2
ingredients: organic coconut oil,2
ingredients: organic soybeans,2
ingredients: sour cream,2
ingredients: soybeans,2
ingredients: tomato puree,2
ingredients: whey,2
ingredients: whole grain blend,2
ingredients: whole grain oats,2
ingredients: whole grain rolled oats,2
ingredients: whole grain wheat. freshness preserved with vitamin e,2
interesterified,2
intersterified soybean oil,2
inulin+,2
invert cane syrup,2
inverted cane sugar,2
inverted sugar,2
isodium inosinate/disodium guanylate,2
italian sub roll,2
iwon organic protein blend,2
jalapeno chili pepper,2
jalapeno pepper puree,2
jalapeno pepper*,2
jalapeno powder,2
jalapeo pepper,2
japanese pepper,2
jasmine rice flour,2
jelly beans ingredients: sugar,2
jerusalem artichoke inulin,2
juice from concentrate,2
juices made from concentrated juices from: apple,2
kabob: beef,2
kabuli chana*,2
kashi puffed whole grain blend,2
kchili,2
kelp,2
kelp extract kelp extract,2
khorasan wheat,2
kikurage mushroom,2
konjac flour,2
kosher,2
kudzu root*,2
l-carnitine,2
l-malic acid,2
l-tryptophan,2
l. lactis,2
l. paracasei,2
l. yogurtii,2
lactase enzyme* and vitamin d3,2
lactic starter cultures,2
lactic starters,2
lactobacillus bulgaricus,2
lactobacillus lactis,2
lactobacillus plantarum,2
lactobacillus reuteri,2
lactobacillus rhamnosus,2
lactone,2
lactose powder,2
lactylic esters of fatty acids,2
lamb broth,2
lamb casings,2
leavening and natural flavor,2
leche con cultivos,2
lemon extract,2
lemon fruit pulp,2
lemon juice concentrate),2
lemon juice {from concentrate},2
lemon pepper,2
lemon pepper marinade,2
lentil beans,2
less than 1/10 of potassium sorbate,2
less than 1/10 of potassium sorbate & sodium benzoate to preserve flavor,2
less than 2 percent sodium silicoaluminate,2
less than : ground flaxseeds,2
less than : vegetable gums,2
less than corn syrup,2
less than of artificial flavor,2
less than of butter milk solids,2
less than of each: sodium polyphosphate,2
less than of glycerin,2
less than of gum acacia,2
less than of potato starch,2
less than of sugar,2
less than of the following: dextrose,2
less than of the following: natural flavors,2
less than of the following: organic whole wheat,2
less than of the following: salt,2
less than of: avocado*,2
less than of: butter,2
less than of: calcium carbonate,2
less than of: calcium citrate,2
less than of: chicken broth,2
less than of: mustard,2
less than of: natural flavor,2
less than of: olive oil,2
less than of: oregano,2
less than of: sodium benzoate,2
less than of: wheat flour,2
less than of: yeast,2
less than sea salt,2
less than silicon dioxide,2
less than silicon dioxide added to prevent caking,2
less than tricalcium phosphate added to prevent caking,2
leuconostoc cremoris,2
licorice powder,2
licorice root extract,2
lightly smoked brisling sardines,2
lightly smoked brisling sardines in extra virgin olive oil,2
lime extract,2
lime juice*,2
lipolyzed butter oil,2
liquid and partially hydrogenated soybean oil,2
liquid egg whites,2
liquid pasteurized whole eggs,2
liquid pepper extract,2
living lettuce,2
locust bean gum},2
loin,2
lolla rossa,2
lollo rosa,2
lollo rossa,2
long grain parboiled rice enriched with iron,2
long grain rice,2
long grain white rice,2
low fat cocoa powder,2
low fat milk,2
low moisture part-skim mozzarella cheese,2
low saturated fat soybean oil,2
low-moisture mozzarella cheese,2
lowfat yogurt,2
lutein,2
lye water,2
macadamia nuts,2
mache,2
made from lard,2
made from toasted white sesame seeds,2
magnesium,2
malt barley flour,2
malt flavoring. vitamins and minerals: sodium ascorbate,2
malt vinegar solids,2
malted corn and barley syrup,2
malted flour,2
malted rice,2
"maltodextrin, contains less than 2 percent of: tartaric acid",2
maltodextrine,2
mango fruit contents,2
mango juice from concentrate,2
mangosteen,2
maple syrup*,2
margarines,2
marinade,2
marsala wine,2
marshmallow root*,2
masa: . filling,2
may contain one or more of the following,2
may contain one or more of the following: annatto,2
may contain one or more of the following: peanut,2
may contain one or more of: calcium sulfate,2
may contain some or all of the following baby whole leaf varieties: organic green leaf,2
may contain soybean,2
mayonnaise {soybean oil,2
mct oil,2
mechanically separated turkey and mechanically separated chicken,2
mechanically separated turkey. contains or less of: salt,2
medium asiago cheese,2
meringue powder,2
mexican oregano,2
meyer lemon juice and lemon juice,2
micron filtered water,2
milk cheese cultures,2
milk chocolate contains,2
milk chocolate shell:ingredients: milk,2
milk ingredients {skimmed milk},2
milk minerals,2
milk whey,2
milk**,2
milled chia seeds,2
milled lime leaves,2
milled red quinoa seeds,2
millet seeds,2
minced alaskan pollock,2
mini cucumbers,2
mixed greens,2
mixed tocopherol concentrate,2
mixed tocopherols . vitamin and minerals: vitamin c,2
mixed tocopherols added to preserve freshness,2
mixed tocopherols to preserve freshness,2
mixed wholegrain flours,2
modified and unmodified cornstarch,2
modified corn or potato starch,2
modified corn starch with erythorbic acid,2
modified corn starch*,2
modified corn starch. contains less than of: corn starch,2
modified corn starch. contains less than of: modified tapioca starch,2
modified oils,2
modified palm,2
modified palm and palm kernel oil,2
modified palm and palm kernel oils,2
modified palm kernel oil,2
modified potato starch**,2
molasses solids,2
mold,2
monk fruit juice concentrate,2
mono and dl-glycerides,2
monocalcium phosphate anhydrous,2
monodiglycerides,2
monosodium phosphate,2
mountain spring water,2
mozzarella cheese substitute,2
mushroom extract*,2
mushroom flavor,2
mushroom juice,2
mustard*,2
napa cabbage,2
natamycin as a natural preservative,2
natural & artificial butter flavors,2
natural alder smoke,2
natural almond flavor,2
natural astaxanthin,2
natural cheddar cheese flavor,2
natural colors and flavors,2
natural colour: turmeric,2
natural cucumber flavoring and natural lemon flavoring with other natural flavorings including natural quinine,2
natural curcuma color,2
natural flavor and salt,2
natural flavor and soy lecithin,2
natural flavor*,2
natural flavor+,2
natural flavor. vitamins and minerals: ferric orthophosphate,2
natural flavorings*,2
natural flavors. vitamins and minerals: vitamin c,2
natural flavors},2
natural food color,2
natural fruit flavor,2
natural parmesan reggiano type flavor,2
natural peppermint flavor,2
natural pork flavor,2
natural rolled oats,2
natural spring water,2
natural stabilizers,2
natural stevia leaf,2
natural strawberry flavor,2
natural vanilla bean powder,2
natural watermelon flavor,2
natural watermelon flavour,2
natural white unbleached enriched flour,2
natural yeast,2
naturally milled cane sugar,2
navy bean flour,2
neufchatel cheese {pasteurized milk and cream,2
niacin iron,2
no additives,2
no sugar added blueberry swirl,2
non fat milk solids,2
non- hydrogenated shortening,2
non-aluminum baking powder,2
non-dairy creamer,2
non-gmo canola and/or non-gmo soybean oil,2
non-gmo canola oil and/or sunflower oil,2
non-gmo canola protein,2
non-gmo chocolate crme filled cookies,2
non-gmo coconut oil,2
non-gmo corn nuts,2
non-gmo maltodextrin,2
non-gmo popcorn,2
non-gmo potato starch,2
non-gmo rice bran oil,2
non-gmo soluble corn fiber,2
non-gmo soy lecithin,2
non-hydrogenated palm oil,2
non-hydrogenated palm oil with bha & bht for freshness,2
nonfat,2
nonfat dry yogurt,2
nonfat milk**,2
nopal cactus*,2
nori,2
nutmeg oil,2
nuts,2
oat fiber+,2
oat flour*,2
oat flours,2
of soya,2
oil blend,2
oil of garlic,2
oil of lemon,2
oil of rosemary,2
oleoresins,2
oleyl lactylic acid,2
olismart,2
olive & palm,2
olive oil and salt,2
olive oil and salt added,2
olive oil*,2
onion & garlic powder,2
onion flavor,2
onion oil,2
onions},2
or chinook,2
or less of caramel color,2
or less of onion powder,2
or less of the following: potassium lactate,2
or less of tomato paste,2
or less of: sweet cream buttermilk,2
or soybean,2
orange color,2
orange confectionery curls,2
orange extract,2
orange juice from concentrate and natural flavors*,2
orange peels,2
orange sherbet base,2
oregano extract,2
oregano extract. in a natural lamb casing,2
oregano powder,2
organic acacia gum,2
organic agar,2
organic agave,2
organic amaranth,2
organic apple juice from concentrate,2
organic baby green leaf lettuce,2
organic baby greens,2
organic baby lettuce blend,2
organic barley grass juice powder,2
organic barley malt syrup,2
organic beet tops,2
organic black barley,2
organic black lentils,2
organic black tea,2
organic blue agave inulin,2
organic blue agave syrup,2
organic blueberries,2
organic broccoli florets,2
organic butter flavor,2
organic buttermilk,2
organic cacao,2
organic cane syrup,2
organic canola oil and/or organic soybean oil,2
organic carob gum,2
organic chicken,2
organic chickpea crumbs,2
organic chili powder,2
organic chocolate vanilla creme cookies,2
organic cocoa beans,2
organic cocoa butter*,2
organic coconut cream,2
organic coconut flakes,2
organic coconut flour,2
organic cold pressed sunflower seed oil,2
organic concentrated chicken stock,2
organic cookies,2
organic corn tortillas,2
organic cucumbers,2
organic cultured wheat starch,2
organic dark chocolate,2
organic date paste,2
organic diced tomatoes in juice,2
organic diced tomatoes in organic tomato juice,2
organic dijon mustard,2
organic dill,2
organic dried onion,2
organic dry roasted peanuts,2
organic dry roasted salted soybeans,2
organic egg whites,2
organic enriched flour,2
organic expeller pressed palm oil,2
organic expeller pressed refined coconut oil,2
organic expeller pressed unrefined virgin coconut oil,2
organic fennel,2
organic fermented rye flour,2
organic flax seed,2
organic french lentils,2
organic frisee,2
organic fruit and vegetable juice,2
organic ginger juice,2
organic grade a milk,2
organic grain alcohol,2
organic grape must,2
organic great northern beans,2
organic green bell peppers,2
organic green peas,2
organic ground blue corn,2
organic ground chile peppers,2
organic ground golden flaxseed,2
organic invert syrup,2
organic jalapeno pepper,2
organic jalapeno peppers,2
organic lemon juice solids,2
organic mache,2
organic mango,2
organic mango puree concentrate,2
organic maple syrup,2
organic milk protein concentrate,2
organic mustard,2
organic natural butter flavor,2
organic naturally milled sugar,2
organic nonfat dry milk,2
organic palm wax*,2
organic panko,2
organic pasta: organic durum wheat semolina,2
organic pasteurized cream,2
organic pea protein,2
organic pea shoots,2
organic peanut butter,2
organic pineapple juice,2
organic popcorn,2
organic quinoa puffs,2
organic raw cane sugar,2
organic raw shelled sunflower seeds,2
organic red beet powder,2
organic red leaf lettuce,2
organic red oak lettuce,2
organic rice bran extract,2
organic rice crisps,2
organic roasted garlic,2
organic sesame tahini,2
organic skim milk powder,2
organic spirulina,2
organic split red lentils,2
organic sprouted chia seeds,2
organic sprouted wheat berries,2
organic sprouted wheat flour,2
organic steamed chickpeas,2
organic stevia extract,2
organic stevia leaf extract,2
organic stone ground yellow corn,2
organic strawberry flavor,2
organic sunflower and/or organic safflower oils,2
organic sweet blend,2
organic sweet mix,2
organic tamari,2
organic tapioca flour,2
organic tapioca maltodextrin,2
organic tomato,2
organic turkey base,2
organic turkey flavor,2
organic turmeric. cheese mixture: organic whole milk ricotta cheese,2
organic unbleached durum wheat flour,2
organic vegetable concentrate,2
organic white beans,2
organic white corn,2
organic white distilled vinegar,2
organic white mustard,2
organic white rice,2
organic white tea,2
organic white wine vinegar,2
organic whole durum wheat flour,2
organic whole grain barley flour,2
organic whole grain quinoa flour,2
organic whole grain rolled oats,2
organic whole grain wheat flakes,2
organic whole grain wheat flour,2
organic whole milk powder,2
organic whole rolled rye,2
organic wildflower honey,2
organic wine vinegar,2
organic worcestershire sauce,2
our real tea starts with the finest tea leaves and is made from: filtered water,2
oven roasted beef with natural juices,2
oxidized starch,2
oyster extract,2
pacific cod fillet,2
palm and /or soybean oil,2
palm and canola,2
palm and soybean,2
palm and/or hydrogenated cottonseed oil,2
palm and/or soybean oil,2
palm fruit oil*,2
palm kernel and/or modified palm kernel oil,2
palm kernel oil with tbhq for freshness,2
palm oil and/or palm kernel oil,2
palm oil with citric acid,2
palm oil. contains or less of each of the following: salt,2
pantothenic acid,2
paprika and annatto,2
paprika and other spices,2
paprika and paprika extract,2
paprika and turmeric,2
paprika color,2
paprika extractives,2
paprika extracts,2
paprika oil,2
paprika. fried in: vegetable oil,2
parboiled brown rice,2
parboiled rice,2
parella,2
parmesan cheese {cultured milk,2
parmezan cheese,2
parmigiano reggiano cheese,2
parsley flake,2
parsley leaves,2
parsley powder,2
parsnips,2
part skimmed cow's milk,2
partially hydrogenated,2
partially hydrogenated coconut oil,2
partially hydrogenated cottonseed oil,2
partially hydrogenated palm and soybean oils,2
partially milled,2
partially skim milk,2
passion fruit juice,2
pasta . filling,2
pasteruized whole eggs,2
pasteurized butter,2
pasteurized cow milk,2
pasteurized cow's and sheep's milk,2
pasteurized egg yolks,2
pasteurized orange juice,2
pasteurized organic cream,2
pasteurized part skim cows' milk,2
pasteurized sheep's and/or cow's milk,2
pasteurized skimmed cow's milk,2
pasteurized ultra-filtered nonfat milk,2
pastry flour,2
pea crisps,2
pea pods,2
pea protein crisps,2
pea protein. contains less than of calcium carbonate,2
peach puree concentrate,2
peanut and/or soybean oil,2
peanut butter and natural peanut oils,2
peanut coating,2
peanut flour,2
peanut oil and salt,2
peanut oil and/or cottonseed oil,2
peanut oil and/or soybean oil,2
peanut or sunflower oil,2
peanuts*,2
pear concentrate,2
pearl onions,2
peas & carrots,2
peas and carrots,2
pecans and spice,2
pectin. artificial flavors,2
penicillium roqueforti,2
pepper extract,2
peppercorns*,2
peppermint,2
persian & key lime juices,2
peruvian carob gum,2
pesto mayonnaise,2
pickled vegetables,2
pimento,2
pine nuts,2
pineapple chunks,2
pineapple filling,2
pineapple flavor,2
pineapple in pineapple juice,2
pineapple juice and ascorbic acid,2
pineapple juice concentrate and ascorbic acid,2
pineapple juice powder,2
pineapple pulp,2
pink beans,2
pink himalayan sea salt,2
pink salmon roe,2
please see pouch,2
plump pepper,2
polishing wax,2
pollock and/or pacific whiting,2
polysorbate,2
pomegranate,2
pomegranate molasses,2
pork belly,2
pork flavor,2
pork in natural juices,2
pork raised without antibiotics,2
pork salivary glands,2
pork skins,2
portuguese sardines,2
potassium metabisulfite {preservative},2
potassium metabisulphite,2
potassium sorbate & citric acid,2
potassium sorbate and calcium disodium edta,2
potassium sorbate and sodium bisulfate,2
potassium sorbate and sorbic acid,2
potassium sorbate preservative),2
potassium sulfate,2
potato flake,2
"potato flakes (potatoes, mono and diglycerides , color , crushed red pepper",2
potato protein isolate,2
potato roll,2
potato starch with monoglyceride,2
potato starch*,2
powdered whey,2
praline pecans,2
pre-cooked white corn flour,2
prebiotic soluble fiber,2
premium brewed green tea using filtered water,2
prepared cannellini beans,2
prepared large lima beans,2
prepared organic lentils,2
prepared white beans,2
preserved with sodium benzoate,2
prewashed quinoa with dried vegetables,2
processed with lime,2
processing aids,2
promotes color retention,2
propylene glycol ester of fatty acids,2
propylene glycol mono and diesters of fats and fatty acids,2
propylene glycol monoester,2
propyleneglycol,2
protects flavor,2
protein,2
puffed amaranth,2
puffed rice,2
pumpkin juice concentrate,2
pumpkin seed,2
pure canola oil,2
pure flaxseed,2
pure food glaze,2
pure natural salvia hispanica l,2
pure vegetable oil,2
pure water from national park,2
pure water of the haut languedoc national park,2
purple carrot,2
purple carrot juice concentrate,2
pyridoxine,2
pyrophosphate added,2
quartered artichoke hearts,2
queso cheddar,2
quinoa mix,2
quinoa*,2
r. oligosporus,2
raddichio,2
raisin,2
raisin juice concentrate*,2
ramen noodle ingredients: enriched wheat flour,2
ranch seasoning,2
raspberry and elderberry juice concentrates,2
raspberry flavored juice concentrate blend,2
raspberry vinaigrette,2
raw chocolate,2
raw organic cashews,2
raw sunflower seeds shelled,2
real cucumber oil,2
reconstituted apple juice,2
reconstituted lime juice,2
red,2
red # 40,2
red & green oak leaf,2
red & green romaine,2
red and green chard,2
red and green leaf lettuce,2
red and green tango,2
red bean,2
red beans,2
red beet juice concentrate,2
red beet powder,2
red cabbage extract,2
red chile powder,2
red chili,2
red chili pepper flakes,2
red oak lettuce,2
red pepper chili flakes,2
red pepper flakes,2
red radish juice,2
red romaine lettuce,2
red#40,2
reduced fat cheddar cheese,2
reduced fat emmentaler cheese,2
reduced iron thiamine mononitrate,2
refined cane sugar,2
refined organic coconut oil,2
refinery syrup,2
reishi powder,2
rendered beef fat,2
rendered pork fat,2
resistant corn starch,2
resistant starch,2
resistant tapioca starch,2
retains moisture,2
reverse osmosis sparkling water,2
rice concentrate*,2
rice dextrin,2
rice extract,2
rice pieces,2
rice starch*,2
rich starch,2
roasted almond chunks and sunflower lecithin,2
roasted beef,2
roasted beef and beef stock,2
roasted beef including natural beef juices,2
roasted beef stock,2
roasted chicken,2
roasted corn,2
roasted garlic and onion,2
roasted green pepper,2
roasted in peanut oil,2
roasted jalapeno peppers,2
roasted malted barley flour,2
roasted mushrooms,2
roasted peanut oil,2
roasted pork including natural juices,2
"roasted potatoes (potatoes, canola oil , salt, white pepper, green beans , tomatoes",2
roasted red bell pepper,2
roasted red bell peppers,2
roasted sesame,2
roasted sunflower seed,2
rocoto hot pepper,2
rolled wheat,2
roma tomatoes,2
romaine leaf lettuce,2
rose water,2
roux,2
rowanberry extract,2
rspo hydrogenated palm kernel oil,2
saccharomyces florentinus,2
safflower and/or canola,2
safflower and/or sunflower oil,2
safflower or sunflower,2
safflower or sunflower oil,2
sait,2
salmon: atlantic salmon,2
salt & vinegar,2
salt and caramel color,2
salt and disodium edta added to promote color retention,2
salt and ethyl alcohol,2
salt and natural flavor,2
salt and sodium pyrophosphate,2
salt and sodium silicoaluminate,2
salt and vegetable oil,2
salt and yellow prussiate of soda,2
salt brown sugar,2
salt carob bean gum,2
salt. contains: peanuts,2
salt. disodium edta added to promote color retention,2
salt. filling: pork,2
salt. less than of flavorings,2
salt. less than of: potassium lactate,2
salt. vitamins & minerals: ferric orthophosphate,2
salt. vitamins & minerals: vitamin b1,2
salted mirin,2
salted sardines puree,2
salvia hispanica l,2
sandwich cookies,2
sardines olive oil,2
sat,2
sausage,2
sea salt and natural flavor,2
sea salt. pasta: wheat flour,2
seasoned cooked beef,2
seasoned vinegar,2
seasoning powder,2
seasoning rub,2
seaweed salad,2
seaweed. soy sauce,2
see package: wasabi,2
see packet,2
seed malt,2
selected roasted peanuts,2
semisweet chocolate chips,2
semolina wheat,2
serrano,2
sesame flour,2
sesame seed*,2
shaoxing wine,2
shave grass,2
shea oil,2
shelled soybeans,2
shelled walnuts,2
shredded cheddar cheese,2
shrimp and salt,2
shrimp extract powder,2
silicon dioxide as an anticaking agent,2
silicone dioxide {prevents caking},2
skim,2
skim milk solids,2
skinless,2
skinless chicken breast,2
sliced apples,2
sliced water chestnuts,2
small red beans,2
smoke flavor. may contain dextrose,2
smoked brisling sardines,2
smoked torula yeast,2
sockeye,2
soda bicarbonate & natural colors,2
sodium acetate and lactates,2
sodium acid,2
sodium acid pyro-phosphate,2
sodium acid pyrophosphate added to maintain natural color,2
sodium aluminium sulfate,2
sodium and/or calcium stearoyl lactylate,2
sodium benzoate & sodium metabisulfite,2
sodium benzoate and potassium sorbate and calcium disodium edta,2
sodium benzoate and potassium sorbate and evaporated milk,2
sodium benzoate and silicon dioxide,2
sodium benzoate and sodium bisulfite,2
sodium benzoate to preserve flavor,2
sodium bicarbonate and tricalcium phosphate,2
sodium bicarbonate and yeast,2
sodium bicardonate,2
sodium bisulfite . gulf shrimp,2
sodium bisulfite and sodium benzoate,2
"sodium citrate, less than of: natural and artificial flavor",2
sodium gluconate,2
sodium metabisulfite & sodium sulfite,2
sodium metabisulfite {antioxidant},2
sodium nitrate. coated with gelatin and black pepper,2
sodium nitrite. made with beef collagen casing,2
sodium nitrite. may also contain smoke flavoring,2
sodium orthophosphate,2
sodium propionate and potassium sorbate added as a preservative,2
sodium propionate preservative,2
sodium stearoyl-2-lactylate,2
sodium stearoyl-lactylate,2
sodium steroyl lactylate,2
sodium sulphite,2
sodium thiosulfate,2
soft flour,2
solid tuna in soybean oil,2
solubilized wheat gluten,2
soluble garlic,2
sorbic acid **,2
soy and wheat,2
soy flakes,2
soy lecithin an emulsifier,2
soy lecithin and polyglycerol polyricinoleate,2
soy lecithin and potassium sorbate,2
soy lecithin),2
soy lecithin*,2
soy mono- & diglycerides,2
soy or sunflower lecithin,2
soy or sunflower oil,2
soy protein isolate**,2
soy protein nuggets,2
soy sauce*,2
soya bean,2
soya oil,2
soybean and / or canola oil,2
soybean and cottonseed,2
soybean and palm kernel oil,2
soybean and palm oil with tbhq for freshness,2
soybean and/or cottonseed,2
soybean and/or palm oil,2
soybean and/or sunflower oil,2
soybean lecithin oil,2
soybean oil or canola oil and yeast,2
soybean oil with citric acid as a preservative,2
soybean oil with tbhq and citric acid for freshness,2
soybean powder,2
soybean protein,2
soybeans*,2
spain,2
sparkling filtered water,2
sparkling water,2
special cheese blend,2
spelt flour,2
spice and coloring,2
spice and herb,2
spice extractive flavorings,2
spice mix,2
spice*,2
spices including black pepper,2
spices. crust: wheat flour,2
spices. pasta: extra fancy durum flour,2
spicy mayo,2
spicy mayonnaise,2
spinach sauce: spinach,2
spirits,2
split peas*,2
sprouted flaxseed*,2
sriracha,2
sriracha hot chili sauce,2
stabilizers {xanthan gum,2
starter,2
stearoyl lactylate,2
stevia leaf*,2
stevia rebaudiana leaf extract,2
stone ground corn,2
stone ground white corn,2
stone ground whole grain yellow corn,2
stone ground whole grain yellow cornmeal,2
strained yogurt,2
strawberry concentrate,2
strawberry extract,2
strawberry flavored cranberries,2
strawberry flavored yogurt,2
strawberry powder,2
strawberry puree from concentrate,2
streptococcus diacetylactis,2
stuffed in a sheep casing,2
stuffed in lamb casing,2
sucanat,2
sucralose and blue 1,2
sucralose*,2
sugar and certified confectioners glaze,2
sugar and red chili pepper,2
sugar and spices,2
sugar cane fiber,2
sugar topping,2
sugar whey,2
sulfate,2
sulfite,2
sulfiting agents,2
sulfur dioxide as a preservative,2
sun dried sea salt,2
sundried tomatoes,2
sunflower and/or soybean,2
sunflower confection kernels,2
sunflower kernel,2
sunflower oil & organic coconut oil,2
sunflower oil and/or safflower oil,2
sunflower oil* and/or safflower oil*,2
sunflower oil. contains or less of: sea salt,2
sunflower or soybean oil,2
sunflower seed flour,2
sunflower seed kernels,2
sunflower seed oil*,2
sunflower seeds roasted in peanut oil,2
suntheanine,2
sushi vinegar ),2
sustainably sourced,2
sweet peas,2
sweet pickle,2
sweet potato powder,2
sweet rice flour,2
sweet salad cublets salt,2
sweetened coconut,2
sweetened condensed whole milk,2
syrup blend,2
table,2
table salt,2
tack blend,2
tagatose,2
tahini*,2
tamari sauce,2
tamari soy,2
tamarind powder,2
tangerine,2
tapioca maltodextrin*,2
tapioca rice flour,2
tapioca starch flour*,2
tapioca syrup and salt,2
tarragon,2
tbhq and calcium propionate,2
tbhq and citric acid added as preservatives,2
tbhq to maintain freshness,2
tea extract,2
teff,2
tempura batter,2
teriyaki sauce,2
textured vegetable protein product,2
textured wheat protein,2
thiamin monitrate,2
thiamin mononitrate*,2
thiamine mononitrate vitamin b1,2
thiamine mononitrate. riboflavin,2
thickening agents,2
thompson raisins,2
thunnus alalunga,2
"to maintain freshness, pgpr",2
to promote browning,2
to promote color,2
to retain moisture for flavor,2
toasted bread crumbs,2
toasted onions,2
tomato & basil powder,2
tomato basil wrap,2
tomatoes in juice*,2
tomatoes in tomato juice,2
topping: sugar,2
transglutaminase,2
treated water,2
treated with hydrated lime,2
triamine mononitrate,2
tricalcium phosphate and silicon dioxide,2
triglycerides,2
tuna and carbon monoxide or tasteless smoke,2
tuna and tasteless smoke,2
tuna oil,2
turkey bacon,2
turkey thigh meat,2
turmeric and spices,2
turmeric extractives,2
turmeric {for color},2
turmeric. soup base ingredients: salt,2
turnip,2
turnips,2
unbleached bread flour,2
unbleached lecithin,2
unbleached unenriched wheat flour*,2
unenriched,2
unrefined organic virgin coconut oil,2
unsulphured,2
unsweetened pineapple juice,2
urad dal,2
usa peanuts,2
used as needed,2
vainilla extract,2
vanilla bean extract,2
vanilla bean extractives in water,2
vanilla cookies*,2
vanilla flavored yogurt,2
vanilla yogurt flavored coating,2
vanilla),2
veal bones,2
veal stock,2
vegan butter,2
vegan enzyme,2
vegan mayo spread,2
vegan natural flavors,2
vegetable base*,2
vegetable fibers,2
vegetable flavor,2
vegetable glycerin*,2
vegetable gum blend,2
vegetable juice concentrate for color,2
vegetable mono- and diglycerides,2
vegetable oil and carnauba wax,2
vegetable oil icanola,2
vegetable oil non-hydrogenated,2
vegetable oil-coconut origin,2
vegetable powder,2
vegetable puree,2
vegetable stock concentrate,2
vegetables {carrot,2
vegetables: iceberg lettuce,2
vietnam,2
vine ripened tomatoes,2
vine-ripened fresh tomatoes,2
vinegar salt,2
vit. b1,2
vit. b2,2
vit. b7,2
vit. b9,2
vit. e,2
vit.c,2
vital wheat,2
vitamin 03,2
vitamin and mineral blend,2
vitamin b1 . vitamin b6,2
vitamin b2],2
vitamin c - enriching substance,2
vitamin e added to preserve freshness. vitamins and minerals: calcium carbonate,2
vitamins and minerals: vitamin c,2
walnuts*,2
wasabi seasoning,2
water and less than of the following: salt,2
water enriched wheat flour beef vegetable oil beans contains or less textured vegetable protein,2
water high fructose corn syrup,2
water modified food starch,2
water vinegar,2
water whole wheat flour,2
water*,2
water. contains or less of: cellulose gum,2
water. contains or less of: sugar,2
water. filling: ricotta cheese,2
watermelon puree,2
west coast albacore tuna,2
wheat enzymes,2
wheat fibre,2
wheat flour bleached enriched,2
wheat flour enzymes,2
wheat flour unbleached,2
wheat flour wrapper . pork,2
wheat flour. contains or less of: textured vegetable protein,2
wheat four,2
wheat gluten+,2
wheat protein isolate+,2
wheat wafer,2
wheat. soybeans,2
whey product,2
whey. canola oil,2
white basmati rice,2
white cheddar,2
white chia seed,2
white chia seeds,2
white chocolate coating,2
white chocolate curls,2
white mushrooms,2
white pepper powder,2
white pepper. pasta ingredients: durum wheat flour,2
white rye flour,2
white sushi rice,2
white teff flour,2
white turkey,2
whole,2
whole barley flour,2
whole chia seeds,2
whole cooked corn,2
whole durum wheat flour,2
whole golden flaxseed,2
whole grain amaranth flour,2
whole grain blend,2
whole grain brown rice*,2
whole grain corn,2
whole grain corn masa flour,2
whole grain oat,2
whole grain oats*,2
whole grain parboiled brown rice,2
whole grain rice,2
whole grain rolled oat flakes,2
whole grain sorghum flour,2
whole grain wheat flakes,2
whole kernel corn,2
whole kernel rye,2
whole milk mozzarella cheese,2
whole milk powder*,2
whole oats,2
whole pearled wheat kernel,2
whole quinoa,2
whole sardines,2
whole sorghum flour,2
whole turmeric complex,2
whole wheat pearl couscous,2
whole: oats,2
wholegrain brown rice,2
wild caught pacific cod,2
wild pacific cod,2
wild salmon,2
wild sardines,2
wild yellowfin tuna,2
with added vitamin a and vitamin d,2
with erythorbic acid added,2
with germ removed,2
with mono & diglycerides,2
with potassium sorbate,2
with sodium metabisulfite,2
with tbhq,2
with tbhq for freshness,2
worcestershire,2
xantham gum alum,2
xanthan and guar gums,2
yeast blend,2
yeast extract & extractives of paprika,2
yeast extract powder,2
yeast extract {yeast extract,2
yeast soybean oil,2
yeast sugar,2
yeast. contains or less of each of the following: soy flour,2
yeast. contains or less of: soybean oil,2
yeast. garlic spread: palm oil,2
yellow 5 and yellow 6,2
yellow bell pepper,2
yellow carrots,2
yellow chile peppers,2
yellow color,2
yellow corn processed with lime,2
yellow lake #5,2
yellow lentils,2
yellow peppers,2
yellow quinoa,2
yellow split peas,2
yogurt chips,2
yogurt coating and pretzels,2
yogurt flavored confectionary coating,2
yogurt raisins,2
young fennels,2
yucca mohave extract,2
yuzu poke sauce,2
"""boiled condensed milk"" flavor",1
"#1 grade mustard seed, honey",1
#40,1
& allspice,1
& artificial colors,1
"& citric acid butter concentrate (water, sucrose, glycerin artificial flavors, stabilizers . emulsifier . preservatives , fd&c yellow #5, #6",1
& diglycerides,1
& enzymes),1
& mustard seeds,1
& nat. flav,1
& organic cayenne pepper,1
& organic turmeric,1
& silicon dioxide added to prevent caking,1
"(tomatoes, tomato paste , onions, modified food starch, sugar, spices & flavorings, soybean oil, granulated garlic, granulated onions, hydrolyzed soy protein, salt, black pepper",1
"(yogurt coating , pretzels [enriched wheat flour {wheat flour, niacin, reduced iron, thiamine mononitrate, riboflavin, folic acid}, salt, malt, vegetable oil , leavening",1
* adds a trivial amount of calories,1
* beta-carotene*,1
* butter- milk,1
* buttermilk,1
* chocolate,1
* cocoa butter,1
* corn,1
* evaporated cane sugar,1
* lactic acid,1
* milk,1
* millet,1
* organic black quinoa,1
* organic white quinoa,1
* pgpr* beta carotene,1
* pumpkin seeds,1
* spice,1
* whole grain oats,1
* whole grain rye,1
* whole grain spelt,1
* whole kamut khorasan wheat grain* and flaxseed.*,1
**black beans,1
**certified organic,1
**chickpeas,1
*adds a trivial amount of fat,1
*allulose,1
*arrowroot flour,1
*baking soda,1
*balsamic vinegar,1
*brewed tea,1
*brown rice flour,1
*cacao mass,1
*cane sugar,1
*cashews butter,1
*cauliflower,1
*certified organic,1
*chia seeds,1
*chickpea miso,1
*chili pepper extract,1
*cilantro,1
*cocoa butter,1
*coconut oil,1
*concentrate,1
*consuming raw or under cooked fish may increase your risk of foodborne illness,1
*crushed tomato,1
*dairy-free cheese,1
*distilled vinegar,1
*eggs,1
*extra virgin olive oil,1
*flax seeds,1
*full cream milk,1
*germinated brown rice,1
*golden flaxseed meal,1
*green tea,1
*green tea extract,1
*gum arabic and *confectioners glaze,1
*hemp protein powder,1
*honey,1
*jalapeno pepper,1
*lemon,1
*mango puree,1
*milk chocolate * chia seeds,1
*mint,1
*modified tapioca starch,1
*monk fruit,1
*mustard seed,1
*non-imo tapioca fiber,1
*organic butter,1
*organic chocolate liquor,1
*organic cocoa butter,1
*organic cream,1
*organic palm oil,1
*organic raw cane sugar,1
*organic sunflower lecithin,1
*organic unrefined whole cane sugar,1
*parboiled white rice,1
*parsley,1
*phenylketonurics: contains phenylalanine,1
*pineapple juice,1
*quinoa,1
*red bell pepper,1
*rice concentrate,1
*seasoning,1
*spearmint,1
*sprouted chickpeas,1
*tapioca flour,1
*tomato paste,1
*tulsi,1
*turmeric powder,1
*unbleached enriched flour,1
*vegetable oils,1
*white pepper,1
+ cellulose gel,1
+ sugar added food starch modified,1
+arrowroot flour,1
+baking soda,1
+cashew butter,1
+coconut cream,1
+coconut flour,1
+coconut oil,1
+coconut sugar,1
+cream of tartar,1
+golden flaxseed meal,1
+pecans,1
+sea salt,1
1-cystein hydrochloride,1
1.10th of benzoate of soda,1
1/10 0f sodium benzoate,1
1/10 of sodium benzoate and potassium sorbate,1
1/10 of sodium benzoate {as a preservative},1
11 whole grains & seeds,1
11mg/fl oz,1
12 oz. salt,1
4 1/4 lb. u.s. #2 size b potatoes,1
41 grain,1
5,1
50 grains,1
60,1
7 grain bread,1
8 grain bread mix,1
89,1
<,1
< sodium benzoate,1
_isomalt,1
a,1
a b b vitamin,1
a blend of salt,1
a color preservative,1
a milk derivate,1
a milk ingredient,1
a mlk derivative,1
a natural antioxidant,1
a natural enzyme to preserve moisture,1
a natural food fiber,1
a natural source of vitamin e used to protect freshness,1
a natural thickener,1
a natural vegetable color,1
a perservative,1
a presrvative,1
abscorbic acid,1
acacia guam,1
acadia gum,1
acai juice powder,1
acai powder,1
acesulfame,1
acetic acid spices,1
acetic acid xanthan gum,1
acetic and lactic acid,1
acetric acid,1
acetylated distarch phosphate,1
acetylated monoglycerides,1
acid blend,1
acid content regulating agent - citric acid,1
acid reduced pineapple juice concentrate,1
acid: acetic acid,1
acidified sour cream,1
acidifier: citric acid,1
acidifier: citric acid. egg wash,1
acidifying agent: citric acid,1
acidifying agents,1
acidity regulator citric acid,1
acidity regulator: glucono delta lactone,1
acidity regulator: lemon juice from concentrate,1
acidity regulators: lactic acid and citric acid,1
acidity regulator}],1
acidphilus,1
acidulant,1
acidulant: citric acid,1
"acini di pepe(durum wheat semolina, enriched with iron and b vitamins ] mushrooms, onions, base , to protect flavor , salt, black pepper and xanthan gum",1
active acidophilus culture,1
active cultures - l.bulgaricus,1
active yogurt & probiotic cultures,1
active yogurt and probiotic cultures,1
actual .cocoa solids minimum.contains vegetable fats in addition to cocoa butter. may contain nuts,1
added as a dough conditioner,1
added as antioxidants,1
added as preservative only,1
added as preservatives,1
added as processing aid,1
added color,1
added for color],1
added to maintain freshness and color,1
added to preserve freshness. vitamins & minerals: calcium carbonate,1
added to prevent clumping,1
added to promote color,1
added to protect flavor],1
added to protect quality,1
adds a dietary insignificant amount of fat,1
adds a trivial amount of saturated fat,1
aerial,1
aerial plant parts,1
african ghost pepper chilli,1
agar and salt,1
agar gum,1
agave fiber,1
agave syrup*,1
aged cayenne pepper,1
aged cayenne pepper sauce,1
aged cayenne peppers,1
aged ceyenne peppers,1
aged cheddar cheese powder,1
aged imported romano cheese,1
aged pepper mash,1
aged peppers,1
aged pickled scotch bonnet peppers,1
aged red cayenne peppers {cayenne peppers,1
aged red cayerine peppers,1
aged red habanero peppers,1
aged red pepper,1
aged red peppers,1
aged tabasco peppers,1
aged wine vinegar,1
ahi,1
ahi tuna salmon,1
air popped popcorn,1
air-dried veggies,1
aji amarillo chile,1
ajwain,1
ajwain seed,1
alaska pink salmon and salt,1
alaskan,1
albacore,1
albacore and light tuna,1
albacore tuna and sea salt,1
albacore tuna in brine with vegetable broth,1
albumen egg white powder,1
alchohol to preserve freshness,1
alchol,1
alcohol and oil of bitter almond,1
alcohol rice,1
alcohol to preserve freshness,1
alcohol*,1
ale,1
alfredo sauce,1
alkalized cocoa*,1
all natural,1
all natural ingredients: prewashed quinoa with dried vegetables toasted onions,1
all natural pitted dates,1
all natural white quinoa,1
all purpose,1
all spice,1
all types,1
all ul ose,1
all vegetable origin,1
all-natural gluten free ingredients: chile peppers,1
allulose corn syrup,1
allulose syrup,1
allulose++,1
allulose^,1
almond butter from roasted almonds,1
almond emulsion,1
almond meal,1
almond nib,1
almond paste,1
almond paste almond,1
almond pieces,1
almond protein powder,1
almond roca buttercrunch bites: cane sugar,1
almonds and vanilla,1
almonds chocolate liquor,1
almonds peanut and/or cottonseed oil,1
almonds roasted in cottonseed oil,1
almonds sunflower oil,1
almonds yogurtchips,1
almonds. macadamia nuts,1
almonds. pecans,1
aloe vera gel,1
aloe vera juice,1
alpha tocopherols,1
alpha-amilase,1
alpha-amylase,1
alpha-tocopherols preservative,1
alpha-tocopheryl acetate,1
alto-dextrin,1
alum turmeric,1
aluminium sodium sulfate,1
aluminum potassium sulfate,1
aluminum-free leavening potassium sorbate,1
amaranth grain,1
amaranth seeds,1
amchur powder,1
american cheese spread,1
american process cheese product,1
american walnuts,1
amino acid seasoning,1
ammatto,1
ammonette paste,1
ammonia bicarbonate,1
ammonia glutamate. enzyme,1
ammonium,1
ammonium alginate and calcium alginate,1
ammonium aluminium sulfate corn starch,1
ammonium bicarbonate as leavening agent,1
ammonium bicarbonate sodium bicarbonate,1
ammonium bicarbonate],1
ammonium bicaronate,1
ammonium hydrogenocarbonate,1
ammonium phosphatide,1
an anti-caking agent,1
an anti-foam agent,1
an anti-foam agent added,1
an artificial color,1
an artificial coloring,1
an emluser,1
an emulsified,1
an oil of dill,1
anaheim chili & jalapeno peppers,1
anato,1
anatto extract,1
anattoextract,1
ancho,1
ancho chile powder,1
ancho chiles,1
ancho chili,1
ancho chili pepper,1
ancho chili peppers,1
ancho chili powder,1
anchovies and salt,1
anchovies. salt,1
anchovy extract powder,1
anchovy puree,1
ancient grain blend,1
ancient grain crisp,1
"ancient grain crisp (wheat grain, brown rice flour, whole grain quinoa flour, whole grain crisp (whole grain glucose, shelled hemp seeds, sea salt, mixed tocopherols",1
ancient grain flour,1
ancient grains flour blend,1
ancient whole grain medley,1
ancient whole grains blend,1
and / or glucose-fructose syrup,1
and a dash of flake oregano,1
and acesulfame potassium,1
and acetic acid as acidulant,1
and alcohol,1
and anti-caking agent,1
and artificial color,1
and artificial flavoring,1
and b. lactis,1
and bay leaf,1
and beta carotene,1
and beta carotene added for color,1
and black pepper,1
and calcim propionate and sorbic acid,1
and calcium chloride,1
and calcium disodium edta added to protect flavor,1
and calcium propianate,1
and calcium propion ate and sorbic acid,1
and calcium silicate added to prevent caking,1
and calcium silicate {to make free flowing},1
and calicium propionate,1
and caramel color,1
and caramel coloring,1
and carrageenan,1
and cayenne pepper,1
and cellulose,1
and certified confectioners glaze,1
and cheese cultures,1
and chicken fat,1
and citric acid added to improve stability,1
and citrus extract,1
and clove,1
and cochineal extract,1
and containing malted barley flour,1
and contains less than of the following: salt,1
and contains or less of: salt,1
and corn,1
and corn syrup solids,1
and cream,1
and cultures,1
and dextrose,1
and disodium added to promote color retention,1
and disodium edta,1
and disodium inosinate & disodium guanylate,1
and disodium phosphate,1
and disoduim guanylate,1
and dried parsley,1
and dry mustard,1
and egg,1
and enzymes soybean oil,1
and enzymes to preserve freshness),1
and enzymes. microcellulose added to prevent caking,1
and ethoxyquin,1
and extractives of annatto,1
and extractives of turmeric,1
and extractives of white pepper,1
and extractives qf annatto,1
and extractivies of paprika,1
and fd & c blue 1,1
and fd&c blue #1,1
and fd&c colors,1
and fd&c yellow #5,1
and fd&c yellow #6. contains: wheat and soy,1
and fish,1
and flavorings,1
and folic acid],1
and fully hydrogenated palm,1
and garlic,1
and garlic powder,1
and garlic powder. dough wheat flour,1
and glycerin,1
and goji berry,1
and golden flaxseed blend,1
and hydrogenated cottonseed oil,1
and koji culture,1
and koji spores,1
and l casei,1
and lactic acid,1
and lactic acid. contains less than silicon dioxide,1
and lactic acid. contains less than silicone dioxide,1
and lamb casing,1
and lemon juice,1
and lemon oil,1
and less than calcium silicate and sunflower oil added as processing aids,1
and less than of gellan gum,1
and less than of honey,1
and less than of mono- and diglycerides,1
and less than of monoand diglycerides. hydrogenated cottonseed oil,1
and less than of salt,1
and less than of the following,1
and less than of the following modified corn i starch,1
and less than of the following salt,1
and less than of the following: chili powder,1
and less than of the following: whey,1
and less than organic canola oil and organic rice concentrate,1
and less than soybean oil,1
and less than soybean oil & silicon dioxide added to prevent caking,1
and less than soybean oil added as a processing aid,1
and less than sunflower oil and rice concentrate added to prevent caking,1
and live active cultures including streptococcus thermophilus,1
and locust bean gums,1
and lutein. +vitamins and minerals: potassium citrate,1
and malted barley,1
and milk,1
and mono-and diglycerides with antioxidants bht and citric acid,1
and monocalcium phosphate,1
and monosodium glutamate,1
and mustard,1
and mustard seed oil,1
and natural almond flavor,1
and natural blueberry flavor,1
and natural flavors. contains: live & active yogurt & probiotic cultures,1
and natural flavors. pre-fried in vegetable,1
and natural hickory smoke flavor,1
and natural spices. potassium sorbate added to maintain freshness,1
and natural vanilla extract,1
and neotame,1
and non-gmo citric acid,1
and not more than calcium silicate added as anticaking agent,1
and not more than canola oil and silicon dioxide,1
and not more than silicon dioxide added to prevent caking,1
and nothing else,1
and oil of bitter almond,1
and olive oil,1
and onion extractives,1
and onion oil,1
and onion powder,1
and or ascorbic acid . xanthan gum,1
and or less of salt,1
and or less of the following: garlic,1
and or less: salt,1
and organic baby mache,1
and organic black beluga lentils,1
and organic black lentils,1
and organic cilantro,1
and organic cornstarch,1
and organicflaxseeds,1
and other spices,1
and palm kernel oil,1
and palm kernel oil with tbhq for freshness,1
and palm kernel oils,1
and paprika extracts,1
and partially hydrogenated cotton seed oil,1
and partially hydrogenated soybean oil . breaded with enriched wheat flour,1
and peanut traces,1
and pectin,1
and pink salmon,1
and potassium bromate,1
and preservatives,1
and probiotics blend,1
and propellant,1
and pure vanilla,1
and purified water,1
and pyridoxine hydrochloride,1
and red #3,1
and red 40,1
and red 40 lake,1
and red onions,1
and red pepper flakes,1
and rennet,1
and rice,1
and rosemary extract+,1
and rye,1
and rye flour,1
and sage,1
and salt vegan filling: organic cashews,1
and silicon dioxide as anticaking agent,1
and soda,1
and sodium benzoate,1
and sodium biocarbonate,1
and sodium bisulfite,1
and sodium citrate,1
and sodium citrate. contains active yogurt cultures with l. bulgaricus,1
and sodium nitrite,1
and sodium tripolyphosphate,1
and sorbic acid,1
and sorbic acid added to preserve freshness,1
and soy lecithin. cheese blend: colby and muenster cheese . sauce: water,1
and soybean,1
and soybean oil,1
and soybean oil. filling: whole milk ricotta cheese,1
and spices,1
and tbhq,1
and teff,1
and thyme,1
and tofu,1
and up to of the following: isolated oat products,1
and vanilla invert sugar,1
and vanillin {an artificial flavor},1
and vegetable annatto color,1
and vitamin a,1
and vitamin b12,1
and vitamin c,1
and vitamin d,1
and vitamin d3,1
and vitamin e,1
and wheat fiber,1
and wheat flour,1
and yeast extract,1
and zinc gluconate,1
and/or belize,1
and/or cellulose,1
and/or coconut oil,1
and/or cottonseed,1
and/or guar gum,1
and/or guar gums) sugar,1
and/or interesterified soybean oil,1
and/or malted barley flour,1
and/or non-gmo canola oil,1
and/or organic high oleic safflower oil,1
and/or organic palm oil,1
and/or rice oil,1
and/or sunflower oil},1
and/or sunflower seed,1
and/or tapioca,1
ane sugar,1
anhydrous milk fat,1
anhydrous sodium aluminum sulfate,1
annato and turmeric {for color},1
annatto & turmeric,1
annatto - for color,1
annatto . cookies: enriched flour,1
annatto and anti-caking agent,1
annatto and paprika extract,1
annatto and tumeric,1
annatto and turmeric extract for color,1
annatto color),1
annatto extarct and turmeric,1
annatto extract . bht added to packaging material to preserve product freshness. vitamins and minerals: reduced iron,1
annatto extract . cookies: sugar,1
annatto extract . turmeric extract,1
annatto extract . vitamin and minerals: vitamin c,1
annatto extract and paprika extract,1
annatto extract and turmeric . contains active yogurt cultures including l. acidophilus,1
annatto extract and turmeric added for color,1
annatto extract for color),1
annatto extract for color. *adds a dietarily insignificant amount of fat,1
annatto extract {color},1
annatto extractives,1
annatto natural coloring,1
annatto oil,1
annatto pectin,1
annatto powder,1
annatto turmeric enzymes,1
annatto vegetable color),1
annatto {vegetable color},1
annattto extract,1
anti cakine,1
anti-cake,1
anti-caking agents,1
anti-caking blend potato starch,1
anti-foam agent,1
anti-foaming,1
anti-microbial,1
anticaking agent: magnesium stearate,1
anticaking],1
antioxidant calcium disodium edta,1
antioxidants to preserve freshness,1
aonori seaweed powder,1
apocarotenal and annatto {color},1
apocarotenal with cellulose powder to prevent caking],1
apple cider concentrate and spice,1
apple cider vinegar powder,1
apple cider vinegar salt lime juice,1
apple conc. & blueberry conc,1
apple flavor,1
"apple juice (water and apple juice concentrate, corn syrup, high fructose corn syrup, fruit pectin, citric acid and sodium citrate",1
apple juice concentrate and ascorbic acid,1
apple juice concentrate for color,1
apple juice concentrate),1
apple juice concentrate. paprika,1
apple juice water,1
apple juice*,1
apple pectin,1
apple puree,1
apple sauce,1
apple slices,1
apple vinegar,1
apple*,1
apples and ascorbic acid,1
apples {sulfite treated to retain color},1
applesauce,1
"applesauce (apples, sugar, water, ascorbic acid , brown sugar , water, egg, sea salt, distilled vinegar, modified corn starch, spice",1
applewood smoke flavor. may contain sodium phosphate,1
applewood smoked salt,1
apricot,1
apricot jam,1
apricot*,1
apricots with sulfur dioxide,1
aquaculture product of norway,1
aquafaba,1
arborio wide grain rice. superfino rice,1
argentina,1
argentine anchovies,1
argo,1
arificial flavor,1
arrowroot,1
arrowroot starch,1
arrowroot*,1
artichoke heart,1
artichoke hearts water salt,1
artichoke pieces,1
artichoke quartered,1
artichokes flavor citric acid,1
"artifical colors special flavors: chocolate taffy also contains more than chocolate liquor, peanut butter taffy also contains more than peanut butter",1
artificial,1
artificial and natural butter flavor,1
artificial apple flavor,1
artificial blueberry flavor,1
artificial butter flavor. vitamin a palmitate added,1
artificial chicken flavor {hydrolyzed corn protein,1
artificial chilli guajillo flavor,1
artificial colof,1
"artificial color (fd&c blue 1 titanium dioxide turmeric oleoresin , ascorbic acid and tocopherols",1
artificial color fd & c yellow 5,1
artificial color including fd&c yellow #5,1
artificial color including yellow #6 lake,1
artificial color oil soybean oil,1
artificial color red 40,1
artificial color yellow 6,1
artificial color: fd&c yellow no.6,1
artificial colorant fd&c red #3 and fd&c red 40,1
artificial colorant fd&c red no. 3 and fd&c red no 40,1
artificial coloring artificial flavor,1
artificial coloring fd&c red #3,1
artificial coloring fd&c yellow #5,1
artificial colors (yellow 6 & 5. red 3. blue 11,1
artificial colors and sodium benzoate as preservative,1
artificial colors blue 1,1
artificial colors egg whites,1
artificial colors or flavors,1
artificial colors red 40,1
artificial colors us fd&c yellow #5 and fd&c yellow #6,1
artificial colors: fd&c yellow #5,1
artificial colours fumaric acid,1
artificial crab flavor,1
artificial crab flavors,1
artificial cucumber flavor with other natural flavors,1
artificial favoring,1
artificial flavor & sweetener,1
artificial flavor and yellow 5,1
artificial flavor water,1
artificial flavor watermelon),1
artificial flavor-vanillin,1
artificial flavor. caramel: corn syrup,1
artificial flavor. cherries {may contain the occasional pit}: fd&c red #40,1
artificial flavor. coating: palm oil,1
artificial flavor. cream topping: high fructose corn syrup,1
artificial flavor. egg whites,1
artificial flavor. wash: water,1
artificial flavor],1
artificial flavored,1
artificial flavori s apouassium sorbate,1
artificial flavoring and salt,1
artificial flavoring with caramel color,1
artificial flavoring],1
artificial flavors & colors,1
artificial flavors and artificial colors: and silicon dioxide,1
artificial flavors and fd&c red #40,1
artificial flavors: fd&c: yellow 5,1
artificial flavour . cocoa solids: minimum with whole almonds,1
artificial flavourings,1
artificial flavours,1
artificial food color,1
artificial food color fd&c yellow 5,1
artificial food color fd&c yellow 6 and tertiary butylhydroquinone,1
artificial milk flavor,1
artificial orange flavor,1
artificial pineapple favonings,1
artificial shrimp flavor,1
artificial sour cream flavor),1
artificial vanilla & pineapple flavors,1
artificial vanilla flavor. cookies: sugar,1
as a firming agent,1
as a preservaive,1
as acidulant,1
as antioxidants,1
as calcium,1
as corbic acid,1
as natural color,1
as preservative tive,1
as processing aid,1
as s02,1
as sodium copper chlorophyllin from alfalfa,1
as stabilizers,1
as sweetener,1
asafetida,1
asafoetida,1
ascorbic,1
ascorbic & citric acid added to prevent oxidation,1
"ascorbic acid (vitamin c, vitamin e, and vitamin a",1
ascorbic acid . potassium sorbate to protect flavor,1
ascorbic acid . sodium nitrite,1
ascorbic acid . toppings: low-moisture mozzarella cheese,1
ascorbic acid added a dough container,1
ascorbic acid added as a dough conditioner wheat starch,1
ascorbic acid added as a dough conditioner. reduced jiron. thiamine riboflavin,1
ascorbic acid and annato extract,1
ascorbic acid and citric acid as preservatives,1
ascorbic acid and citric acid for freshness,1
ascorbic acid and thiamine hydrochloride,1
ascorbic acid e 300,1
ascorbic acid ester gum,1
ascorbic acid malted barley flour enzymes,1
ascorbic acid potassium sorbate,1
ascorbic acid sorbic acid,1
ascorbic acid to help protect flavor),1
ascorbic acid to protect flavor,1
ascorbic acid {to maintain color},1
"ascorbic acid, topped with flour",1
"ascorbic acid, topped with white wheat bran",1
"ascorbic acid. filling ingredients: chicken breast strips with rib meat , caesar dressing , mozzarella and provolone cheese blend , bacon , shredded parmesan cheese , green onions",1
ascorbic acid. fully cooked flame broiled chopped beef steak : beef,1
ascorbic acid. garlic spread,1
ascorbic acidd enzymes,1
ascorbic adic,1
ascorbic aid added as a dough conditioner,1
ascorbic aoki,1
ascorbyl palmitate and tocopherols as preservatives,1
asiago and romano cheese blend,1
asiago cheese blend,1
asiago cheese extra virgin olive oil,1
asiago cheese flavor,1
asian sticky rice,1
asparagus,1
aspartame and acesulfame k,1
aspartame potassium sorbate,1
aspergillus sojae,1
astaxanthin and/or paracoccus,1
asvitamin c,1
ate acid,1
atlantic cod liver,1
atlantic cod loins,1
autolyzed east extract,1
autolyzed yeast extract hydrolyzed corn protein,1
autolyzed yeast extract. monosodium phosphate. disodium phosphate,1
avocado & lime seasoning,1
avocado and palm fruit oil,1
avocado cucumber,1
avocado oil and garlic,1
avocado oil garlic,1
avocado oil. cinnamon,1
avocado pickled ginger,1
avocado powder,1
avocado powder*,1
avocado spread,1
avocado vinaigrette,1
avocado**,1
azcar,1
azodi-carbonamide,1
azodicarbonamate,1
b,1
b vitamin,1
b-apo-8'-carotenal,1
b-carotene - dye,1
b. bifidum,1
b. bifidum cultures,1
b. bifidus,1
b9,1
baby bok choy,1
baby fresh spinach,1
baby green oak lettuce*,1
baby green romaine lettuce*,1
baby greens . the contents in each package vary,1
baby leaf lettuces may contain some of the following: arugula,1
baby lima beans,1
baby lolla rossa lettuce*,1
baby oats,1
baby red lettuce,1
baby red oak lettuce*,1
baby tango lettuce*,1
bacillus culture fluid,1
bacillus natto,1
bakers yeast,1
baking blend,1
baking cheese,1
baking enhancer,1
baking gloss,1
baking gum,1
baking powder & salt,1
"baking powder (sodium bicarbonate, sodium aluminum sulfate, corn starch, calcium sulfate, monocalcium phosphate, sulfites , calcium propionate",1
baking powder . filling: cheddar cheese,1
baking powder . icing: : high fructose corn syrup,1
baking powder . toppings: follow your heart dairy-free mozzarella shreds,1
baking powder baking soda,1
baking powder sodium bicarbonate,1
baking powder*,1
baking soa. sodium acid pyrophosphate. aluminum sulfate,1
baking soda and natural coloring,1
baking soda sodium aluminum phosphate,1
baking soda. praline pecans: sugar,1
baking soda. vitamins and minerals: calcium carbonate,1
bakingsoda,1
balsamic vinegar of modena,1
balsamic vinegar salt cane sugar,1
balsamic vinegar with natural flavors,1
balsamic vinegar*,1
balsmic vinegar,1
bamboo fiber,1
bamboo rice,1
bamboo shoot,1
bamboo shoots,1
banana artificial flavor,1
banana blossom,1
banana chips sweetened,1
banana extract,1
banana flakes,1
banana flavoring,1
banana flour,1
banana oranges. pectin,1
banana pop: banana puree,1
banana pudding,1
banana pure,1
banana puree concentrate,1
banana puree*,1
banana slices,1
banana sugar,1
banana*,1
bananas & cream ingredients: whole grain rolled oats,1
bananas and strawberry powder,1
bananas coconut oil sugar,1
baobab fruit powder,1
baobab fruit powder*,1
barbacoa,1
barbecue sauce,1
barbecue seasoning,1
barbeque sauce,1
barbeque seasoning,1
barley and wheat malt flour,1
barley fiber,1
barley malt extract),1
barley malt extract. vitamins and minerals: vitamin c,1
barley milk,1
barley pearl,1
barley semolina,1
barley syrup. vitamin & minerals: vitamin c,1
barley wine,1
barley},1
base,1
basil extract,1
basil in red wine vinegar,1
basil oil with garlic,1
basil paste,1
basil*,1
basil. cheese: whole milk mozzarella cheese,1
basil. contains or less of salt,1
basil. contains: wheat,1
basil. sauce: tomatoes,1
basmati light brown rice,1
basmati sella rice,1
"batter (wheat flour, salt, leavening [monocalcium phosphate, sodium bicarbonate), buttermilk powder), bread crumbs . breading set in vegetable oil",1
batter . fried in soybean oil,1
batter coating,1
batter ingredients: water,1
bay leaf powder,1
bay seasoning,1
bayleaf*,1
bbd shredded pork,1
bbq eel sauce,1
bbq salice,1
bbq sauce ],1
bbq seasoning,1
"bbq seasoning (caramel color, onion powder, garlic powder, ginger powder, chil salt, tapioca starch, seaweed, wasabi powder, oleoresin, curcumin, yellow #5, blue #1",1
bbq seasoning cane sugar,1
beached wheat flour,1
bean flour,1
bean sprout,1
bean thread noodle,1
beans vegetable oil cheeses cheddar cheese,1
bechamel,1
bee pollen,1
bee's and carnauba,1
bee's wax,1
beef and beef fat,1
beef bone concentrate,1
beef broth base,1
beef broth concentrate,1
beef concentrate,1
beef fat. seasoned beef,1
beef flavor broth concentrate,1
beef flavor wheat flour,1
beef flavored broth,1
beef flavors,1
beef heart,1
beef jerky . infused cranberries . infused strawberries,1
beef liver,1
beef meat,1
beef powder,1
beef salivary glands and fat,1
beef sirloin meat,1
beef tripe,1
beef* and pork*,1
beef. salt,1
beef. sugar,1
beefsteak plant,1
beer solids,1
bees wax),1
beeswa,1
beeswax. blue 1 lake,1
beet,1
beet extract,1
beet fiber,1
beet juice from concentrate,1
beet juice*,1
beet or cane sugar,1
beet powder*,1
beetrood red,1
beetroot juice concentrate,1
beetroot red,1
beets,1
bell pepper juice,1
bell peppers water,1
benzioc acid,1
benzoate anatto extract,1
benzoate of soda,1
benzoate of soda & potassium sorbate,1
benzoate of soda to protect taste,1
benzyl alcohol,1
bere,1
berry flavored greek yogurt granola,1
berry flavored greek yogurt style coated granola,1
berry flavored greek yogurt style coating,1
berry powder blend,1
beta carotene + natural flavors,1
beta carotene . crust: wheat flour,1
beta carotene . oil soybean oil cottonseed oil,1
beta carotene . vitamin a palmitate,1
beta carotene added for color,1
beta carotene and annatto,1
beta carotene and artificial butter flavor,1
beta carotene colour,1
beta-apo-8'-carotenal,1
beta-apo-8'-carotenal for color,1
beta-apo-8'carotenal *,1
beta-apo-8-carotenal,1
beta-carotene and vitamin a palmitate,1
beta-carotene and vitamin a palmitate added,1
beta-carotene color),1
beta-carotene for color,1
beta-carotene red pepper flakes,1
beta-carotene {color},1
bha & bht added to protect flavor,1
bha & tbhq,1
bha and artificial flavoring),1
bha and bht not contain allergens,1
bha. propyl gallate,1
bht added to packaging material to preserve product freshness,1
bht added to packaging material to preserve product freshness. vitamins and minerals: reduced iron,1
bht added to preserve freshness. vitamins and minerals: ferric orthophosphate,1
bht added to preserve freshness. vitamins and minerals: niacinamide,1
bht added to protect flavor,1
bht added to the packaging to help preserve freshness,1
bht and citric acid added to help protect flavor,1
bht and citric acid preservatives,1
bht and rosemary extract as preservatives,1
bht),1
bhut jolokia pepper,1
bicarbonate of soda non-gmo cornstarch,1
bicarbonate soda,1
bifido. lactis,1
bifidobacterium animalis,1
bifidobacterium sp,1
bifidobacterium spp,1
big eye tuna,1
bilberry,1
binder,1
binder {isolated pea protein,1
biotin. contains: eggs,1
birch xylitol,1
birds eye chili,1
birds eye chili powder,1
bison broth,1
bisulfate of soda,1
bitter oranges,1
black beans fire-roasted tomato,1
black beans garbanzo beans,1
black beans water,1
black beluga lentils,1
black carrot concentrate,1
black carrot juice concentrate,1
black carrot juice concentrate for color,1
black corm,1
black cumin,1
black currant juice concentrate,1
black date,1
"black eye peas (blackeye peas, water, salt, calcium chloride, disodium edta , rice & quinoa , veggie blend",1
black eyed peas,1
black fungus,1
black garlic,1
black garlic powder,1
black ground pepper,1
black honey,1
black pepper and other spices,1
black pepper extract,1
black pepper extract*,1
black pepper nutmeg. pasta ingredients: durum wheat flour,1
black pepper oleoresin,1
black pepper salt,1
black pepper seasoning,1
black pepper used for coating,1
black pepper) broccoli,1
black pepper. breaded with: predust,1
black pepper. bun: enriched bleached wheat flour,1
black pepper. filling: shrimp,1
black pepper. pasta: enriched durum flour,1
black pepper. wrapper: enriched unbleached wheat flour,1
black pepper. wrapper: high gluten flour,1
black pepper.*,1
black peppers,1
black ripe olives,1
black sesame,1
black strap molasses,1
black tea*,1
black truffle,1
black truffle infused salt,1
black turtle beans*,1
black walnuts,1
blackberries and raspberries,1
blackberry juice,1
blackcurrant,1
blackcurrant concentrate,1
blackcurrant water,1
blackeyed peas,1
blanched,1
blanched almonds,1
blanched roasted almonds,1
blanched roasted california almonds,1
bleach flour,1
bleach wheat flour,1
bleached and deodorized,1
bleached and unbleached enriched flour,1
bleached enriched flour sugar,1
bleached enriched wheat flour {niacin,1
bleached enrichedingredients: wheat flour,1
bleached flour meta bisulsite,1
bleached rye flour,1
bleached wheat,1
bleached wheat flour enriched rice,1
bleached wheat flour enriched rice flours,1
bleached wheat flour enriched with,1
bleached wheat flour enriched with niacin,1
bleached wheat flour nacin reduced iron,1
bleached wheat flour sugar shortening vegetable oil,1
bleached wheat flour. niacin,1
bleached wheat flour. niacin. reduced iron. thiamine mononitrate. riboflavin. folic acid,1
blend of natural gums,1
blend of vegetable fats and oils,1
bleu cheese,1
blue,1
blue #,1
blue # 1,1
blue # 2,1
blue 1 and other color added,1
blue 1. and red 40,1
blue 1. red 40 lake. yellow 6 lake,1
blue 1. vitamins and minerals: iron,1
blue 2 carnauba wax,1
blue 2 lake and red 40 lake,1
blue and semi-soft cheese pasteurized milk,1
blue cheese*,1
blue no.1 lake,1
blue# 1,1
blue-white clover,1
blueberries and lemon juice,1
blueberries canned in water,1
blueberry and fruit juice blend,1
blueberry bagel,1
blueberry bagel: enriched flour,1
blueberry base,1
"blueberry bits (sugar, wheat flour, canola oil, wheat starch, dextrose, fruit juice concentrates for color , sugar, yeast, salt, enzyme, calcium propionate , corn meal",1
blueberry concentrate,1
blueberry filling,1
blueberry jam ingredients: sugar,1
blueberry juice and carrot juice color,1
blueberry juice concentrate for color,1
blueberry nuggets,1
blueberry pie filling,1
blueberry puree. contains less than gum arabic,1
blueberry yogurt coating,1
boiled chick peas,1
boiled eggs,1
bone-in pork ribs,1
boneless and skinless chicken dark meat,1
boneless chicken breast with rib meat,1
boneless chicken thigh,1
boneless cod loin,1
boneless skinless chicken breast,1
boneless skinless chicken thigh,1
boneless skinless turkey,1
bonito flakes,1
bonito powder,1
bonito seasoning,1
bonito. sardine,1
bonnet peppers,1
boy lecithin,1
bp2000,1
brandy onions,1
branulated sugar,1
brazils,1
"bread , topping",1
bread crumbs . contains or less sugar,1
bread ease {sugar,1
bread grain base*,1
bread improver blend,1
bread improver enriched wheat flour,1
bread stick,1
bread: enriched wheat flour . water contains or less of: yeast,1
bread: unbleached enriched flour,1
bread: wheat flour enriched,1
breadcrumb,1
breadcrumb coating,1
breadcrumbs . parsley. soy lecithin,1
breaded shrimp,1
breaded with wheat flour,1
breader,1
breading set in soybean oil,1
breadstick,1
breadstick . spread,1
breadstick mix wheat flour,1
breadstick: enriched flour,1
brewing starter,1
brine,1
brined in water,1
broad beans,1
broad spectrum cbd,1
broccoli & carrots,1
broccoli juice concentrate,1
broccoli powder,1
broccoli rabe,1
broccoli*. contains or less of: wheat flour,1
bromated,1
brominated vegetable oil and potassium sorbate,1
brominated vegetable on yellow 6,1
broth concentrate,1
brown ale,1
brown and yellow flax seeds,1
brown basmati rice*,1
brown crisp rice,1
brown flax seed,1
brown flax seeds*,1
brown flaxseed*,1
"brown flaxseed*, sunflower oil*, sea salt, soy lecithin*, guar gum*, locust bean gum*",1
brown lentil*,1
brown lentils,1
brown linseeds,1
brown mustard flour,1
brown mustard seed*,1
brown mustard seeds,1
brown rice and red quinoa,1
brown rice crisp,1
brown rice crisps*,1
brown rice quinoa sea salt,1
brown stock,1
brown sugar and cane syrup,1
brown sugar and citric acid,1
brown sugar and or less: sugar,1
brown sugar cane sugar,1
brown sugar dehydrated onion,1
brown sugar flavor,1
brown sugar ham with natural juices,1
brown sugar molasses,1
brown sugar sodium caseinate,1
brown sugar xanthan gum,1
"brown sugar* , less than of: corn starch*",1
brown sugar. contains or less of the following: cultured wheat flour,1
brown sushi rice,1
brown. cane sugar,1
brownie base,1
brownie cookies,1
brownulated sugar,1
brussel sprouts,1
btw gluten free flour mix,1
buckwheat and flax seeds,1
buckwheat semolina,1
buffalo mozzarella cheese,1
buffalo sauce,1
buffalo's milk,1
buffered lactic acid,1
"bun (enriched flour , water, high fructose corn syrup and/or sugar, yeast, soybean oil and/or canola oil, contains or less, salt, wheat gluten, cheese patty",1
burdock,1
burger bun: enrihed flour,1
"butter (sweet cream, natural flavors, water, yeast, cane sugar, dough conditioner blend , milk vitamin d added , salt, dry whole milk, locust bean gum, soybean oil, egg yolks, xanthan gum",1
butter **,1
butter . beta carotene,1
butter . vegetable oil,1
butter . water,1
butter and eggs,1
butter beans,1
butter brown sugar,1
butter buds,1
butter chicken - white meat chicken,1
butter chicken: white meat chicken,1
butter cream cheese,1
butter derivatives,1
butter flavored corn oil,1
butter flavored salt,1
butter lettuce and lolla rosa,1
butter natural flavor annatto color,1
butter oil lecithin as emulsifier,1
butter seasoning,1
butter sweet cream,1
butter toffee cashews,1
butter with natural flavor,1
butter {cream},1
"butter, contains or less of the following: egg yolks",1
buttermilk blend,1
buttermilk powder blend*,1
buttermilk skim milk,1
buttermilk**,1
buttermilk. contains or less of the following: corn syrup solids,1
buttermilkpowder,1
butternut squash*,1
button mushrooms,1
c blue no.1,1
c red no.40,1
cabbage extract powder,1
cacao beans,1
cactus,1
caffeine gum arabic,1
cage free egg whites,1
cage free egg yolks,1
cage-free egg white,1
cage-free egg whites,1
cage-free liquid whole eggs,1
cake,1
cake flour,1
cake ingredients: pineapple,1
cake mix,1
cake: gluten free flours,1
cake: sugar,1
caking],1
calamansi juice,1
calcium acetate dough conditioners,1
calcium and sodium phosphate,1
calcium and sodium propionate,1
calcium carbonate and com starch,1
calcium carbonate and potassium chloride,1
calcium carbonate silicon dioxide,1
calcium chloide,1
calcium chlorde,1
calcium chloride & natural flavor,1
calcium chloride added as a firming agent and disodium edta added to promote color retention,1
calcium chloride added to help maintain firmness,1
calcium chloride added to maintain firmness,1
calcium chloride and ferrous gluconate,1
calcium chloride and naturally derived citric acid,1
calcium chloride and rennet,1
calcium chloride and sodium chloride,1
calcium chloride to help maintain firmness,1
calcium chloride*,1
calcium chloride},1
calcium citrates,1
calcium d-pantothenate,1
calcium dioxide,1
calcium disodium edta ),1
calcium disodium edta . see unit container for manufacturer's identity,1
calcium disodium edta added as preservative,1
calcium disodium edta added for color retention,1
calcium disodium edta added to protect flavor. *dehydrated,1
calcium disodium edta added to protect flavor: sodium alginate,1
calcium disodium edta and rosemary extract added to preserve freshness,1
calcium disodium edta to protect flavor],1
calcium disodium edta to protect quality,1
calcium disodium edta {preservative},1
calcium disodium edta {protect flavor},1
calcium disodium edta {used to protect quality),1
calcium disodium edta {used to protect quality},1
calcium disodium edta },1
calcium disodium edta) to protect flavour),1
calcium disodium salt of edta,1
calcium disodiumedta,1
calcium disodlum edta,1
calcium edta added as a preservative,1
calcium hydrate,1
calcium lactate gluconate,1
calcium lactate. ingredientes: brcol,1
calcium peroxide. lettuce: fresh lettuce tomato: fresh tomato,1
calcium peroxide. spread: natural oil blend,1
calcium phospahte,1
calcium phosphate and/or baking soda,1
calcium phosphate natural flavors,1
calcium phosphate tribasic,1
calcium phosphate*,1
calcium prop onate,1
calcium propinate,1
calcium propionate . datem,1
calcium propionate . garlic spread,1
calcium propionate . poppy and & sesame seeds if present. beef patty: beef cheese cultured milk and skim milk,1
calcium propionate and fumaric acid,1
calcium propionate and sodium benzoate,1
calcium propionate and sodium benzoate to retard spoilage,1
calcium propionate and sodium propionate,1
calcium propionate as preservative,1
calcium propionate potassium borbate,1
calcium proprionate,1
calcium propuonate,1
calcium pyrophosphate,1
calcium silicate added to prevent caking,1
calcium silicate as anti-caking agent,1
calcium silicate microcrystalline cellulose,1
calcium silicate niacinamide,1
calcium silicate. crust: enriched flour,1
calcium stearate added,1
calcium stearoyl-2-lactylate,1
calcium sulfate & ascorbic acid,1
calcium sulfate and carob bean gum,1
calcium sulfate and carrageenan,1
calcium sulfate and sorbic acid,1
calcium sulfate enzymes,1
calcium sulfate or less of each of the following: guar gum,1
calcum propionate . enzymes,1
calgum propionate,1
california pitted prunes,1
california strawberries,1
california walnuts,1
calrose rice enriched with niacin,1
calsium phosphate,1
camauba wax,1
candied fruits,1
candied orange,1
candied orange peel and candied lemon peel,1
candied pecan,1
candied strawberries,1
candy cane,1
candy eyes,1
cane juice crystals,1
cane sugar rice syrup solids,1
cane sugar sunflower oil,1
"cane sugar""",1
cane sugar* +,1
cane sugar*+,1
cane sugar. dark chocolate coating: coconut oil,1
cane syrup*,1
cannabidiol cbd,1
cannellini bean flour,1
canol oil,1
canola & olive oil blend,1
canola & palm oil,1
canola & soybean oil,1
canola and avocado oil,1
canola and olive oil blend,1
canola and olive oils,1
canola and palm oil,1
canola and soybean,1
canola and soybean oil,1
canola and/ or corn oil,1
canola and/or corn and/or soybean,1
canola and/or corn and/or sunflower oil,1
canola and/or olive oil,1
canola and/or peanut and or sunflower oil,1
canola and/or rice bran oil,1
canola and/or safflower and/or palm oil,1
canola and/or safflower oil,1
canola and/or soybean and/or palm oil with tbhq added for freshness,1
canola and/or soybean and/or palm oil with tbhq added to preserve freshness,1
canola and/or soybean oils,1
canola and/or sunflower,1
canola cottonseed soybean,1
canola lecithins,1
canola mayonnaise,1
canola o'l egg yolk,1
canola oil & salt,1
"canola oil [expeller pressed, non-gmoj, potato flour, yeast, contains or less of the following: glaze , salt, sweetener , spice base . dough conditioner , mold inhibitor",1
canola oil and cellulose powder,1
canola oil and corn oil,1
canola oil and soybean oil,1
canola oil and/or corn oil,1
canola oil and/or sunflower oil,1
canola oil as manufacturing aid. toppings: cheese mix . sauce: tomatoes,1
canola oil corn oil,1
canola oil corn starch chicory root fiber,1
canola oil egg,1
canola oil with antioxidant and antifoam agents,1
canola oil with citric acid added as a preservative,1
canola oil with mixed tocopherols to protect flavor,1
canola oil with tbhq and methyl silicone,1
canola oil with tbhq for freshness,1
canola oil* and/or safflower oil* and/or sunflower oil*,1
canola oil**,1
canola oil. breaded with bleached wheat flour,1
canola oil. cod fillets - cod,1
canola olive oil,1
canola or corn oil,1
canola or soybean oil,1
canola or sunflower lecithin,1
canola soybean oil,1
"capelin roe (water, sorbitol, salt, sugar, artificial flavors , artificial color , crispy onion , furikake , chili powder , mayonnaise , spicy sauce",1
capers garlic,1
capric/caprylic triglycerides,1
caprylic/capric triglycerides,1
capsicum oleoresin,1
caramel a coloring,1
caramel acetic acid,1
caramel as coloring,1
caramel chips,1
caramel color and annatto extract,1
caramel color and caffeine,1
caramel color and soybean oil,1
caramel color class iv,1
caramel color disodium inosinate,1
caramel color onion powder,1
caramel color powdfr,1
caramel color sodium benzoate,1
caramel color with sulfites,1
caramel color. wafer: bleached wheat flour,1
caramel colori,1
caramel colour*,1
caramel fudge,1
caramel layer,1
caramel mixture,1
caramel sulphur dioxide,1
caramel syrup,1
caramel: corn syrup,1
caramelized onion base,1
caramelized onion puree,1
caramelized onions*,1
caramelized sugar beef broth flavor,1
carbo bean gum,1
carbon monoxide treated for color retention,1
carbon monoxide used as a preservative to promote color retention,1
carbonate,1
carbonated artesian spring water,1
carbonated filtered water,1
carbonated mineral water,1
carbonated organic coconut water+,1
carbonated water high fructose corn syrup,1
carbonated water. high fructose corn syrup,1
carbonation,1
carboximethycelulloses,1
carboximethyl celluloses,1
carboxy methyl cellulose,1
carboxymethycellulose gum,1
carboxymethyl cellulose,1
carboxymethyl cellulose gum,1
carboxymethylcellulose gum,1
carboxymethylcelluloses,1
card monoglycerides,1
caret,1
carmel coloring,1
carmine and beta-carrotone,1
carmine color. citric acid,1
carmines,1
carn syrup. sugar,1
carnauba wax white mineral oil,1
carnauba wax. blue 1. yellow 6. blue 2,1
carnita seasoning,1
carnuaba wax,1
carob and/or xanthan gum and/or guar gums,1
carob bean and/or guar gum and/or xanthan gum,1
carob bean and/or guar gums],1
carob bean gum and guar gum,1
carob bean gum and/or guar gum and/or xanthan gum),1
carob bean gum and/or guar gum and/or xanthan gum},1
carob bean gums,1
carob bean gur,1
carobbean gum,1
carola oil and or vegetable shortening,1
carotenes,1
carou bean gum,1
carragean,1
carrageenan and guar gum as emulsifier and stabilizer,1
carrageenan and natural & artificial flavors,1
carrageenan as a stabilizer,1
carrageenan locust bean gum,1
carrageenan or modified food starch,1
carrageenan this product contains milk,1
carrageenan vitamin d],1
carrageenan. butter fudge sauce: nonfat milk,1
carrageenan. chocolatey coating: sugar,1
carrageenan. cone: bleached wheat flour,1
carrageenan. oreo cookie pieces-unbleached enriched flour,1
carrot & pea extracts,1
carrot and chokeberry juice,1
carrot and onion juice concentrate,1
carrot concentrate,1
carrot concentrate and pumpkin concentrate,1
carrot daikon,1
carrot green leaf lettuce,1
carrot oleoresin & natural flavor,1
carrot oleoresin and garlic powder,1
carrot orange lemon ginger turmeric cold-pressed locally using only fresh ingredients,1
carrot powder caramel color,1
carrot stock tomato paste,1
carrot strips,1
carrots - white rice flour - sugar - canola oil - eggs - tapioca flour - cinnamon - soda - egg replacer - aluminum free baking powder - xanthan gum - vanilla - sea-salt,1
carrots and cauliflower,1
carrots and red cabbage,1
carrots and tomatoes,1
carrots onions,1
carrots whole eggs sugar,1
carrots {color},1
cashew cashew vegetable oil,1
cashew flour,1
cashew kernels,1
cashews and coconut oil. decorative flower: white chocolate,1
cashews and salt. rice: water,1
cashews roasted in peanut and/or coconut oil,1
cashews roasted in peanut oil,1
cashews roasted in vegetable oil,1
cashews: soybean oil,1
cassava flour water coconut oil sea salt,1
cassava root origin,1
cassia,1
caster sugar,1
catton seed,1
cauliflower and lactic acid,1
cauliflower florets,1
cauliflowers,1
cayenne pepper. spring roll wrapper: wheat flour,1
cayenne peppers,1
cayenne powder,1
cayenne red peppers,1
caynne pepper),1
celeriac juice concentrate*,1
celery & sunflower oil},1
celery and carrots,1
celery and mustard seeds,1
celery and sea salt,1
celery expeller pressed canola oil,1
celery flavoring,1
celery onions,1
celery powder. in lamb casing,1
celery puree,1
"celery salt (salt, spices, silicon dioxide , black pepper, xanthan and guar gum",1
"celery salt (salt, spices, silicone dioxide , cider vinegar , dehydrated onion, granulated garlic, salt, seasoning , soybean oil, sugar. xanthan and guar gum",1
celery seed extract,1
celery stalk,1
celery),1
celery. contains less than of: dried peas,1
celery. contains less than of: mushrooms,1
celery. dough wrapper: unbleached wheat flour,1
celery. seasonings: sugar,1
celery. shrimp: uncooked shrimp,1
celery. spices,1
cellulose added to prevent caking,1
cellulose and guar gum,1
cellulose and guar gums,1
cellulose and psyllium powder,1
cellulose dioxide,1
cellulose gel and gellan gum,1
cellulose powder to prevent caking,1
cellulosegum,1
celluose gum,1
celtic sea salt,1
cephalopod tentacles,1
cereal,1
cereals containing gluten,1
ceresota flour,1
certified grade a milk,1
certified organic almonds,1
certified organic brown flaxseed,1
certified organic chickpea flour,1
certified organic coconut oil,1
certified organic cream,1
certified organic extra virgin coconut oil,1
certified organic hulled barley,1
certified organic pasteurized cultured whole milk,1
certified organic raw chia seeds,1
certified organic virgin coconut oil,1
ceylon cinnamon,1
cha & tehq,1
chablis wine,1
chamomile powder,1
chamoy sauce,1
champagne vinegar,1
champignon mushrooms,1
chana dal,1
chard,1
cheddar & monterey jack cheese blend,1
cheddar and blue cheese,1
cheddar and colby cheeses,1
cheddar and enzyme modified cheddar cheese solids,1
cheddar and romano cheeses,1
cheddar cheese and cheese made from skim milk,1
cheddar cheese blend,1
cheddar cheese cultured milk,1
cheddar cheese maltodextrin,1
cheddar cheese powder,1
cheddar cheese product,1
cheddar cheese sauce broccoli,1
cheddar cheese* and cheese made from skim milk,1
cheddar cheese**,1
cheddar club cheese,1
"cheese blend (ricotta cheese , romano cheese , eggs and/or egg whites, less than of modified food starch, salt, turmeric , spices, xanthan gum, locust bean gum, guar gum",1
"cheese blend (ricotta cheese , romano cheese , less than of dietary fiber, salt, milk, eggs and/or egg whites, garlic powder, vegetable oil, onion powder, spices, turmeric",1
cheese cake filling,1
cheese cluture,1
cheese cultrues,1
cheese culture & enzymes,1
cheese culture and/or lactic acid,1
cheese cultured,1
cheese flavor seasoning,1
cheese flavored seasoning,1
cheese flavouring,1
cheese garlic,1
cheese mixture,1
cheese paste,1
cheese paste . yeast extract,1
cheese provolone sharp fresh parsley seasoning blend sea salt,1
cheese {milk,1
cheese: low moisture part skim mozzarella cheese: . crust: wheat flour,1
cheese: white cheese crust: flour,1
cheesecake,1
cherries {cherries,1
cherry balsamic sauce,1
cherry juice,1
cherry juice concentrate,1
cherry liquor,1
cherry pepper,1
chestnut,1
chestnuts,1
chia protein,1
chia seed gel,1
chia seed sugar orange flavoring,1
chick pea,1
chick peas - ingredients: chick peas,1
chick peas -water-tehina - salt - citric acid,1
chicken and beef,1
chicken and vegetable broth type flavor,1
chicken base soup,1
chicken bone broth*,1
chicken bones*,1
chicken broth contains less than of the following,1
chicken broth flavor chicken broth,1
chicken broth water,1
chicken broth*,1
chicken broth. contains less than of salt,1
chicken drumsticks,1
chicken enchilada,1
chicken fat flavor,1
chicken fat powder . contains or less of disodium inosinate and disodium guanylate,1
chicken flavor and calcium stearate,1
chicken flavored soup mix,1
chicken legs,1
chicken meat powder,1
chicken meat solids,1
chicken nuggets,1
chicken raised without antibiotics,1
chicken ramen soup,1
chicken salad: white chicken meat,1
chicken skin,1
chicken skins,1
chicken stock concentrate,1
chicken tenders,1
chicken white meat,1
chicken wings: wing drummettes and second wing sections contains up to chicken broth. chicken broth ingredients: chicken broth,1
chickenstock,1
chickory root fiber,1
chickpea . com,1
chickpea brine,1
chickpea broth,1
chickpea flour/ pea flour,1
chickpea kofta curry - onions,1
chickpea masala - onions,1
chickpea protein,1
chickpea puffs expeller pressed sunflower oil white cheddar seasoning,1
chickpeas and water,1
chicory root,1
chile cayenne powder,1
chile peppers,1
chili bits,1
chili chipotle,1
chili flake,1
chili flakes,1
chili garlic sauce,1
chili lime seasoning citric acid,1
chili oil,1
chili pepper extract},1
chili pepper sauce,1
chili pepper sodium phosphates,1
chili peppers and dried onions,1
chili powder and cayenne pepper,1
chili powder blend,1
chili powder) spices*,1
chili powders,1
chili sesoning,1
chili u,1
chili. water and salt,1
chilibenzoate of soda as preservatives,1
chilipowder,1
chilli pepper,1
chilli peppers,1
chilli powder,1
chinese chard,1
chinese hot popper paste,1
chinese mushroom powder,1
chinese rice wine,1
chinese style cured bbq pork,1
chipotle adobo puree,1
chipotle base,1
chipotle bbq seasoning,1
chipotle chile,1
chipotle chili concentrate,1
chipotle chili pepper powder,1
chipotle chili peppers,1
chipotle chili powder,1
chipotle marinade,1
chipotle pepper base,1
chipotle pepper pure,1
chipotles in adobo,1
chips ahoy! cookie pieces,1
chive & garlic butter,1
chocochips shortening,1
chocolate and coconut,1
chocolate chips*,1
chocolate coating,1
chocolate cookie crumb variegate,1
chocolate cookie pieces: wheat flour,1
chocolate creme cookie pieces,1
chocolate creme filled cookies,1
chocolate cupcake mix,1
chocolate double dipped peanuts,1
chocolate flavor,1
chocolate flavored cookies,1
chocolate flavored syrup,1
chocolate ice cream: cream,1
chocolate liquor processed with alkali,1
chocolate liquor1,1
chocolate sprinkles,1
chocolate syrup,1
chocolate waffle cone,1
chocolatey coating,1
chocolatey coating: sugar,1
chokeberry,1
cholesterol free precooked eggs,1
chopped and roasted hazelnuts,1
chopped cilantro,1
chopped dates,1
chopped dehydrated onions,1
chopped green chile peppers,1
chopped green chili peppers,1
chopped lemon peels,1
chopped or leaf,1
chopped pecans,1
chopped pistachios,1
chopped spinach,1
chopped tomatoes,1
choppers,1
chum salmon,1
chunk white albacore tuna,1
chunk white albacore tuna. water,1
chunk white tuna,1
chunked & formed dried beef,1
chunky avocado pulp,1
churro: wheat flour,1
cicer arietinum,1
cider & white,1
cider vinegar . dehydrated onion,1
cido folico,1
cido lctico,1
cilantro and silicon dioxide as anticaking agent,1
cilantro flakes,1
cilantro juice,1
cilantro powder,1
cilantro. spinach rice - water,1
cinnamic aldehyde,1
cinnamon and clove,1
cinnamon and sugar,1
cinnamon and turmeric,1
cinnamon bits,1
cinnamon cayenne pepper,1
cinnamon crumble topping,1
cinnamon powder,1
"cinnamon. powder sugar coating: (dextrose, cornstarch, palm oil, titanium dioxide, calcium propionate , natural flavor",1
cinnamon/sugar blend,1
citirc acid,1
citiric acid,1
citral and silicon dioxide,1
citric & tartaric acid,1
citric acid & ascorbic acid,1
citric acid - acidity regulator,1
citric acid . chutney-water,1
citric acid < xanthan and guar gum,1
citric acid acetic acid,1
citric acid added to help protect flavor,1
citric acid and annatto extract,1
citric acid and ascorbic acid. fruit,1
citric acid and black pepper powder,1
citric acid and calcium chloride,1
citric acid and caramel color,1
citric acid and natural orange flavor,1
citric acid and orange peel,1
citric acid and organic black currant concentrate,1
citric acid and pectin,1
citric acid and silicon dioxide,1
citric acid and sodium benzoate,1
citric acid and soybean oil,1
citric acid and spices,1
citric acid and turmeric,1
citric acid and/or ascorbic acid,1
citric acid and/or calcium chloride,1
citric acid antioxidant,1
citric acid as a preservative,1
citric acid dimethylpolysiloxane,1
citric acid garlic powder,1
citric acid natural red color,1
citric acid potassium citrate,1
citric acid power,1
citric acid sea salt,1
citric acid sulfur dioxide,1
citric acid to help protect flavor,1
citric acid to maintain color,1
citric acid to promote color retention,1
citric acid xanthan gum,1
citric acid {antioxidants},1
citric acid. artificial flavor syrup. sugar water. guar gum. ground propylene glycol,1
citric acid. cheese: low moisture part skim mozzarella cheese,1
citric acid. disodium inosinate disodium guanylate,1
citric acid. freshness preserved by potassium sorbate and sodium benzoate,1
citric acid. in natural lamb casings,1
citric acid. lactic acid. aspartame. potassium sorbate,1
citric acid. organic peanut dressing ingredients: water,1
citric acid. produced by equipment handling pecans,1
citric acid. sodium citrate,1
citric acid. sodium metabisulfite added as a preservative,1
citric adid,1
citric cid,1
citric fiber,1
citrus cells,1
citrus fiber. paprika. sodium phosphate,1
citrus pulp fiber blend,1
clacium disodium edta,1
clam base,1
clam meat,1
clam vegetable extract,1
clarified lemon concentrate,1
clarified lemon juice,1
class 1,1
clean ginger clean wasabi horseradish,1
clean with bleach and/or liquid chlorine,1
clear vanilla essence,1
clear vanilla essence and baking powder,1
clove powder,1
cloves ground,1
cmc,1
co,1
co used as a preservative to promote color retention,1
co-treated to preserve color,1
coarse sea salt,1
coated with annato & turmeric,1
coated with batter and breaded with cornflake crumbs . breading set in expeller pressed canola oil,1
coated with black pepper,1
coated with seasoning,1
coated with spices,1
coated with sunflower oil,1
coating,1
"coating , pretzel crisps",1
cobalamin,1
"cocoa (processed with alkali, soy lecithin, sorbitol , vanillin",1
cocoa . contains or less of salt,1
cocoa alkali,1
cocoa alkali processed,1
cocoa beans* +,1
cocoa beans*+,1
cocoa butter chocolate,1
cocoa butter chocolate liquor,1
cocoa butter milk fat,1
cocoa butter soy lecithin,1
cocoa butter substitute,1
cocoa butter. dry whole milk,1
cocoa butter1,1
cocoa fat,1
cocoa mass*,1
cocoa nibs,1
cocoa powder processed with alkali. soy lecithin,1
cocoa powder*,1
cocoa powder-may be processed with alkali,1
cocoa treated with alkali,1
cocoa*,1
coconut *,1
coconut - white chia seeds,1
coconut almonds,1
coconut aminos,1
coconut and canola,1
coconut and palm kernel oil,1
coconut and/ or cottonseed,1
coconut and/ or palm kernel,1
coconut and/or palm oil,1
coconut base,1
coconut cream*,1
coconut extract water,1
coconut extract*,1
coconut flakes unsweetened,1
coconut flakes*,1
coconut juice powder and standardized extracts of grape,1
coconut mct oil,1
coconut molasses,1
coconut oil and canola oil,1
coconut oil and salt. decorative flower: white chocolate,1
coconut oil mct,1
coconut oil with natural color added,1
coconut oil***,1
coconut oil. contains or less of natural flavor,1
coconut oilâ,1
coconut oll,1
coconut palm sugar*,1
coconut pulp,1
coconut secret aminos,1
coconut sugar*,1
coconut sugar**,1
coconut water concentrate,1
coconut water*,1
coconut with sodium metabisulfite,1
cod butter,1
cod fillets: cod,1
cod fish,1
cod liver,1
cod loins,1
cod roe yeast extract,1
cod tails,1
cod},1
coenzyme q10,1
coffage cheese,1
coffee fruit,1
coho salmon and salt,1
colby,1
colby and monterey jack cheese,1
colby cheese,1
cold pressed refined avocado oil,1
cold pressed sunflower and olive oil,1
cold pressed unrefined extra virgin olive oil,1
cold smoke from beechwood,1
cold-pressed,1
cold-pressed cacao juice,1
cold-pressed coconut oil,1
cold-pressed sunflower seed powder,1
cold-pressed watermelon seed powder,1
cole slaw,1
collagen peptides*,1
color . enzymes,1
color . product of turkey,1
color . vitamins and minerals: calcium carbonate,1
color . vitamins and minerals: vitamin c,1
color added with astaxanthin,1
color added {lycopene},1
color added*,1
color additive,1
color blend,1
color enhanced through feed,1
color fd & c yellow #5,1
color fd & c yellow #6,1
color protectant,1
color protectant calcium ascorbate,1
color retainer,1
color {beta carotene,1
color: carotene,1
coloradded,1
colorado grown stone-ground blue corn,1
colorado mills high-oleic sunflower oil,1
colorant,1
colorant beta-carotene e160a ),1
colorants,1
colored and beta carotene,1
colored natural cheese curds . battered with water,1
colored sugar,1
colored with annatto and turmeric,1
colored with apocarotenal,1
colored with beta carotene),1
colored with beta gum,1
colored with caramel color,1
colored with carmine,1
colored with carotenes,1
colored with fd&c red no.40,1
colored with fruit and vegetable juice,1
colored with paprika and turmeric extracts,1
colored with riboflavin,1
colored with spirulina extract and turmeric oleoresin,1
colored with turmeric and annatto extracts,1
colored with: turmeric oleoresin,1
colors . carnauba wax. gum acacia,1
colors includes: yellow #5,1
colors polysorbate 60,1
"colors, fd&c blue #1",1
colors: fd&c yellow 5,1
color},1
com and/or cotton seed,1
com and/or palm olein,1
com oil,1
combined congener,1
commeal,1
compressed canola oil,1
comstarch,1
conatins salt,1
concentrated beef broth,1
concentrated butter,1
concentrated cashew fruit juice,1
concentrated chicken broth,1
concentrated coconut water,1
concentrated cooked grape must,1
concentrated grape juice,1
concentrated huito juice,1
concentrated lemon juice*,1
concentrated lemon oil,1
concentrated mango juice,1
concentrated mango pulp,1
concentrated meat and vegetable broth,1
concentrated milk protein,1
concentrated organic apple juice,1
concentrated organic orange juice,1
concentrated tomato paste,1
concentrated tomato paste*,1
concentrated turkey stock,1
concentrated vegetable broth,1
concentrated vegetable juice,1
concentrated vegetable juice blend,1
concentrated watermelon juice,1
concetrated apple juice,1
conchigue pasta shells: pasta: enriched durum semolina . albacore tuna,1
concord,1
concord grape aroma,1
"concord grape juice (water, concord grape juice concentrate, citric acid , ascorbic acid , calcium gluconate, calcium lactate",1
concord grape juice from concentrate,1
condensed milk cream,1
condensed skim whey powder,1
condensed sweetened milk,1
conditioner,1
confection coating,1
confectionary fat,1
confectioner sugar,1
confectioner's glaze artificial and natural flavors,1
confectioner's glaze carnauba wax,1
confectioners polish,1
confectionery icing,1
confectionery sugar,1
conservator,1
consisting of water,1
contain coconut oil,1
contain or less of the following: decorations,1
contain or less of:sea salt,1
contain or less: corn flour,1
contain palm and sunflower oil,1
containing less than of enzymes,1
contains 13 of the following varieties: black beans,1
contains 2 or less of beta-carotene,1
contains 2 or less of: salt,1
contains 2 or less: rolled oats,1
contains 2 percent or less of salt,1
contains 2 percent or less of the following: hydrolyzed corn and wheat protein,1
contains 2 percent or less of yeast,1
contains 2 percent or less of: non-gmo canola oil,1
contains 2 percent or less of: salt,1
contains 2 percent or less of: soybean oil,1
contains 2 percent or less of: soybean oil and/or canola oil,1
contains 2x or less of: salt. sweet cream buttermilk,1
contains active yogurt cultures,1
contains ascorbic acid,1
contains ascorbic acid and rosemary,1
contains barley gluten,1
contains beef juices,1
contains beta carotene,1
contains coconut,1
contains cottonseed oil or sunflower oil,1
contains dairy and soy,1
contains erythorbic acid,1
contains extra virgin olive oils,1
contains fd&amp,1
contains fd&c yellow no.5 & no.6 as a color additive and preserved with sodium benzoate.*,1
contains fish,1
contains hazelnut,1
contains iron as ferrous sulfate,1
contains lactose,1
contains less of salt,1
contains less than 2 of salt,1
contains less than : *sodium caseinate,1
contains less than : citric acid,1
contains less than : nonfat milk,1
contains less than : yeast,1
contains less than brown sugar,1
contains less than corn syrup,1
contains less than dough conditioners,1
contains less than guar gum,1
contains less than of,1
"contains less than of (eggs, salt, soy lecithin batter: water, rice flour, corn starch, canola oil, eggs, evaporated cane syrup, baking powder, salt",1
contains less than of : hydrogenated vegetable oil margarine,1
contains less than of agar,1
contains less than of agar agar,1
contains less than of almond paste,1
contains less than of alum calcium chloride,1
contains less than of ascorbic acid as a dough conditioner,1
contains less than of ascorbicacid,1
contains less than of baker's yeast extract,1
contains less than of banana puree,1
contains less than of beef fat,1
contains less than of blue 1,1
contains less than of brown sugar,1
contains less than of butter,1
contains less than of calcium chloride,1
contains less than of canola oil,1
contains less than of celery salt,1
contains less than of cellulose gel,1
contains less than of cheddar cheese,1
contains less than of chia seeds,1
contains less than of corn starch,1
contains less than of corn starch - modified,1
contains less than of cornstarch,1
contains less than of cultured wheat flour,1
contains less than of dextrose,1
contains less than of dough conditioners,1
"contains less than of each of th following, salt",1
contains less than of each of the following soybean oil salt brown sugar natural & artificial flavor dextrose,1
contains less than of each of the following: corn syrup,1
contains less than of each of the following: dextrose,1
contains less than of each of the following: dried onion,1
contains less than of each of the following: dried organic cheese blend,1
contains less than of each of the following: fermented potato flour,1
contains less than of each of the following: high oleic safflower oil,1
contains less than of each of the following: palm oil,1
contains less than of each of the following: potato flour,1
contains less than of each of the following: soy flour,1
contains less than of each of the following: sugar,1
contains less than of each of the following: sugar canola oil,1
contains less than of each of the following: wheat gluten,1
contains less than of each of the following: yeast,1
contains less than of each of the following: yeast potato flour,1
contains less than of each: sugar,1
contains less than of egg yolks,1
contains less than of enzymes,1
contains less than of fruit & vegetable juice,1
contains less than of fully cooked bacon bits with smoke flavor added,1
contains less than of fully hydrogenated vegetable oils,1
contains less than of high fructose corn syrup,1
contains less than of high oleic canola oil and/or soybean oil,1
contains less than of honey,1
contains less than of honey blend,1
contains less than of hydrolyzed soy protein,1
contains less than of invert sugar,1
contains less than of leavenng,1
contains less than of mascarpone cheese,1
contains less than of modfied food starch,1
contains less than of mono-and diglycerides,1
contains less than of monoand diglycerides,1
contains less than of monosodium glutamate,1
contains less than of mustard flour,1
contains less than of natural chicken flavor,1
contains less than of natural flavors,1
contains less than of nonfat dry milk,1
contains less than of nonfat milk,1
contains less than of oats,1
contains less than of onion,1
contains less than of organic lemon juice concentrate,1
contains less than of organic potato starch,1
contains less than of pineapple juice concentrate,1
contains less than of potassium lactate,1
contains less than of potassium sorbate,1
contains less than of raspberry juice concentrate,1
contains less than of salt potassium sorbate and sodium benzoate as preservatives. spice. xanthan gum. lemon juice concentrate. lactic acid. dextrose,1
contains less than of seasoning,1
contains less than of silicon dioxide as an anti-caking agent,1
contains less than of sodium aluminum phosphate,1
contains less than of soy lecithin natural flavor,1
contains less than of soy sauce,1
contains less than of spinach,1
contains less than of sweet relish,1
contains less than of the following,1
contains less than of the following sugar,1
contains less than of the following: artificial flavor,1
contains less than of the following: corn syrup solids,1
contains less than of the following: defatted soy flour,1
contains less than of the following: dehydrated garlic,1
contains less than of the following: enriched bleached wheat flour,1
contains less than of the following: guar gum,1
contains less than of the following: malic acid,1
contains less than of the following: modified cornstarch,1
contains less than of the following: mold inhibitor,1
contains less than of the following: natural flavor,1
contains less than of the following: potato starch,1
contains less than of the following: romano cheese,1
contains less than of the following: salt chicken fat,1
contains less than of the following: sodium caseinate,1
contains less than of the following: spices,1
contains less than of the following: strawberries,1
contains less than of the following: wheat bran,1
contains less than of the following: wheat flour,1
contains less than of the following: wheat gluten,1
contains less than of the following: white grape juice concentrate,1
contains less than of vegetable mono and diglycerides,1
contains less than of vegetable mono- and diglycerides,1
contains less than of vinegar,1
contains less than of wheat gluten,1
contains less than of whey solids,1
contains less than of wrapper: water,1
contains less than of yeast,1
contains less than of: almonds,1
contains less than of: artificial flavors,1
contains less than of: brown sugar,1
contains less than of: canola oil,1
contains less than of: carrageenan,1
contains less than of: celery,1
contains less than of: cooked wild rice,1
contains less than of: corn starch*,1
contains less than of: corn syrup,1
contains less than of: cornstarch-modified,1
contains less than of: dehydrated garlic,1
contains less than of: dehydrated onions,1
contains less than of: dextrose,1
contains less than of: garlic,1
contains less than of: green onion,1
contains less than of: gum arabic,1
contains less than of: hydrogenated vegetable oil,1
contains less than of: lactase enzyme*,1
contains less than of: lemon juice concentrate,1
contains less than of: modified corn starch,1
contains less than of: molasses,1
contains less than of: mono and diglycerides,1
contains less than of: nonfat dry milk,1
contains less than of: onion,1
contains less than of: organic celery,1
contains less than of: organic corn starch,1
contains less than of: organic cornstarch,1
contains less than of: organic olive oil,1
contains less than of: organic sugar,1
contains less than of: pecorino romano cheese,1
contains less than of: potato starch,1
contains less than of: rice flour,1
contains less than of: rice starch,1
contains less than of: romano cheese,1
contains less than of: sat,1
contains less than of: seasoning,1
contains less than of: seasoning blend,1
contains less than of: shortening,1
contains less than of: sodium citrate,1
contains less than of: soy protein isolate,1
contains less than of: soybean oil and/or canola oil,1
contains less than of: spices,1
contains less than of: spinach,1
contains less than of: stevia leaf extract,1
contains less than of: sucralose,1
contains less than of: tomato puree,1
contains less than of: xanthan gum,1
contains less than of: yellow corn flour,1
contains less than sodium lactate,1
contains less than sorbic acid,1
contains less than soy lecithin as a processing aid,1
contains less than strawberry puree concentrate,1
contains less then sour cream,1
contains lime,1
contains malted barley flour,1
contains milk and egg ingredients,1
contains milk products,1
contains mono and diglycerides,1
contains mustard and celery seed,1
contains of each of the following: sea salt,1
contains of less of the following: brown sugar,1
contains of less of the following: sugar,1
contains one of more of the following: canola,1
contains one of the following,1
contains one of the following: . contains or less of: aluminum-free leavening,1
contains one or more of soybean oil,1
contains one or more of sunflower oil,1
contains one or more of the following oils: cottonseed oil,1
contains one or more of the following oils: intersterified soybean,1
contains one or more of the following palm: oil and or corn oil,1
contains one or more of the following: high oleic soybean oil,1
contains one or more of the following: palm oil and or corn oil,1
contains one or more of the following: palm oil and/or corn oil,1
contains one or more of the following: palm oil and/or olive oil,1
contains one or more of the following: palm oil. soybean oil and/or corn oil,1
contains one or more of: corn oil,1
contains or less canola oil,1
contains or less of adipic acid,1
contains or less of artificial flavor,1
contains or less of bacon,1
contains or less of baking soda,1
contains or less of beef,1
contains or less of butter,1
contains or less of calcium carbonate,1
contains or less of calcium chloride. canola oil,1
contains or less of calcium propionate,1
contains or less of caramel color,1
contains or less of cellulose gel,1
contains or less of chili powder,1
contains or less of cocoa,1
contains or less of corn starch-modified,1
contains or less of corn syrup solids,1
contains or less of cream cheese,1
contains or less of dried vinegar,1
contains or less of each of the following,1
contains or less of each of the following ingredients: partially hydrogenated soybean oil,1
contains or less of each of the following: baby oat flakes,1
contains or less of each of the following: beer extract powder,1
contains or less of each of the following: black pepper,1
contains or less of each of the following: butter,1
contains or less of each of the following: calcium propionate,1
contains or less of each of the following: canola oil,1
contains or less of each of the following: caramel,1
contains or less of each of the following: carrots,1
contains or less of each of the following: coriander,1
contains or less of each of the following: corn starch,1
contains or less of each of the following: honey,1
contains or less of each of the following: hydrogenated palm kernel oil,1
contains or less of each of the following: liquid sucrose,1
contains or less of each of the following: milled flaxseed,1
contains or less of each of the following: molasses,1
contains or less of each of the following: natural flavor,1
contains or less of each of the following: parmesan cheese,1
contains or less of each of the following: salt malt,1
contains or less of each of the following: sodium metabisulfite,1
contains or less of each of the following: soybean oil and/or canola oil,1
contains or less of each of the following: vegetable oil,1
contains or less of each of the following: whole eggs,1
contains or less of each of the following: whole grain rolled oats,1
contains or less of each of the following: yeast extract,1
contains or less of each of the following:vital wheat gluten,1
contains or less of each of: baking powder,1
contains or less of each of: cellulose gum,1
contains or less of each of: organic honey,1
contains or less of each of: wheat bran,1
contains or less of each: natural flavor,1
contains or less of each: romano cheese,1
contains or less of each: sea salt,1
contains or less of egg yolks,1
contains or less of flavoring,1
contains or less of following acion blend the deactivated yeast,1
contains or less of food starch-modified,1
contains or less of ground tomatoes,1
contains or less of high fructose com syrup,1
contains or less of jalapeno peppers,1
contains or less of leavening . dough conditioners mono- and diglycerides,1
contains or less of liquid whole eggs with citric acid,1
contains or less of modified corn starch,1
contains or less of natural and artificial flavor,1
contains or less of nonfat dry milk,1
contains or less of oatmeal,1
contains or less of orange pulp,1
contains or less of organic corn starch,1
contains or less of pectin,1
contains or less of romano cheese made from cow's milk,1
contains or less of rye flour,1
contains or less of salt dehydrated onion,1
contains or less of silicon dioxide,1
contains or less of soybean oil,1
contains or less of starch,1
contains or less of textured vegetable protein,1
contains or less of the following,1
contains or less of the following salt,1
contains or less of the following: baking powder,1
contains or less of the following: carob bean gum a/o guar gum,1
contains or less of the following: citric acid,1
contains or less of the following: citrus pectin,1
contains or less of the following: cultured wheat flour,1
contains or less of the following: dehydrated celery,1
contains or less of the following: dried tomato,1
contains or less of the following: fruit and vegetable juice and extracts for color,1
contains or less of the following: garlic puree,1
contains or less of the following: glaze,1
contains or less of the following: guar gum xanthan gum,1
contains or less of the following: gum acacia,1
contains or less of the following: lemon juice,1
contains or less of the following: maltodextrin,1
contains or less of the following: natural & artificial crab flavor,1
contains or less of the following: natural flavors,1
contains or less of the following: non-hydrogenated coconut oil,1
contains or less of the following: oats,1
contains or less of the following: organic vital wheat gluten,1
contains or less of the following: pecans,1
contains or less of the following: potassium lactate,1
contains or less of the following: rye flour,1
contains or less of the following: seasoning mix,1
contains or less of the following: snow crabmeat,1
contains or less of the following: sodium phosphates,1
contains or less of the following: sorbitol,1
contains or less of the following: soy flour,1
contains or less of the following: soybean and/ or canola oil,1
contains or less of the following: spices,1
contains or less of the following: sunflower oil,1
contains or less of the following: wheat gluten,1
contains or less of uncured bacon with no nitrites or nitrates added except for naturally occurring nitrates in sea salt and celery juice powder,1
contains or less of unsweetened chocolate,1
contains or less of vanilla extract,1
contains or less of vegetable mono and diglycerides,1
contains or less of wheat protein isolate,1
contains or less of yeast extract enhancer,1
contains or less of. seasoning,1
contains or less of: acacia,1
contains or less of: annatto,1
contains or less of: ascorbic acid,1
contains or less of: barley flakes,1
contains or less of: beef base,1
contains or less of: beef seasoning {salt,1
contains or less of: beta carotene,1
contains or less of: beta- carotene,1
contains or less of: black chia seeds,1
contains or less of: black pepper,1
contains or less of: blue 1,1
contains or less of: cane sugar,1
contains or less of: carrots,1
contains or less of: chicken fat,1
contains or less of: chocolate,1
contains or less of: cinnamon,1
contains or less of: citrus fiber,1
contains or less of: cocoa,1
contains or less of: corn flour,1
contains or less of: cornstarch modified,1
contains or less of: cracked whole wheat,1
contains or less of: cream cheese,1
contains or less of: degerminated yellow corn flour,1
contains or less of: dehydrated onion,1
contains or less of: dehydrated roasted garlic,1
contains or less of: eggs,1
contains or less of: erythritol,1
contains or less of: expeller pressed sunflower oil,1
contains or less of: flavorings,1
contains or less of: food starch-modified,1
contains or less of: fruit pectin. citric acid,1
contains or less of: fruit wood smoked uncured bacon with no nitrites or nitrates added except those naturally occurring nitrates in sea salt and celery powder,1
contains or less of: fruitwood smoked uncured bacon with no nitrites or nitrates added except for those naturally occurring in sea salt and celery powder,1
contains or less of: garlic puree,1
contains or less of: ground tomatoes,1
contains or less of: guar gum,1
contains or less of: invert syrup,1
contains or less of: jalapeno peppers,1
contains or less of: leavening agents,1
contains or less of: milk,1
contains or less of: monosodium glutamate,1
contains or less of: natural & artificial flavors,1
contains or less of: natural and artificial flavor,1
contains or less of: natural flavor citric acid,1
contains or less of: nonfat milk,1
contains or less of: orange juice concentrate,1
contains or less of: organic corn corn starch,1
contains or less of: organic corn starch,1
contains or less of: parmesan cheese,1
contains or less of: potassium sorbate,1
contains or less of: potato starch,1
contains or less of: potato sticks,1
contains or less of: propionic acid to preserve freshness,1
contains or less of: pumpkin seeds,1
contains or less of: rapeseed oil,1
contains or less of: rapseed oil,1
contains or less of: roasted corn,1
contains or less of: salt spice dried garlic. battered and breaded with: enriched bleached wheat flour and enriched wheat flour,1
contains or less of: seasonings,1
contains or less of: sodium lactate,1
contains or less of: soy and tamari powder,1
contains or less of: soy flour,1
contains or less of: sunflower lecithin,1
contains or less of: tapioca starch,1
contains or less of: tricalcium phosphate,1
contains or less of: uncured bacon with no nitrites or nitrates added except for naturally occurring nitrates in sea salt and celery juice powder,1
contains or less of: vanilla extract,1
contains or less of: vegetable oils,1
contains or less of: vegetable proteins,1
contains or less of: vinegar,1
contains or less of: vinegar powder,1
contains or less of: vitamin and mineral blend,1
contains or less of: wheat protein isolate,1
contains or less of: whey leavening,1
contains or less of: whey protein concentrate,1
contains or less of: zucchini,1
contains or less potassium chloride sugar,1
contains or less silicon dioxide to prevent caking,1
contains or less sodium lactate,1
contains or less sugar,1
contains or less sunflower seed oil,1
contains or less the following: salt,1
contains or less white balsamic vinegar,1
contains or less: celery,1
contains or less: dry vinegar,1
contains or less: modified food starch,1
contains or less: molasses,1
contains or less: pectin,1
contains or less: sodium aluminum phosphate,1
contains or less: vinegar,1
contains or less: white balsamic vinegar,1
contains or less: white grape juice concentrate,1
contains orange juice from concentrate which may come from brazil,1
contains organic maltodextrin,1
contains orless of the following: garlic puree,1
contains other natural flavor,1
contains potassium metabisulfite,1
contains sodium bisulfite as preservatives,1
contains sodium tripolyphosphate,1
contains soy lecithin,1
contains soy oil,1
contains soybean and/or peanut oil,1
contains soybean oil and soy lecithin,1
contains sulfities to maintain whiteness,1
contains sulfur dioxide,1
contains sulphites,1
contains tapioca flour,1
contains torula yeast,1
contains turkey broth,1
contains turkey fat and chicken fat,1
contains two percent or less of chocolate,1
contains two percent or less of corn syrup,1
contains two percent or less of salt,1
contains two percent or less of soy protein concentrate,1
contains two percent or less of yellow corn flour,1
contains two percent or less of: natural cheddar cheese flavor blend**,1
contains two percent or less of: salt,1
contains up to added solution of water,1
contains up to of a solution of: water,1
contains up to solution of water,1
contains vinegar,1
contains wheat and soy,1
contains wheat gluten,1
contains: bleached wheat flour,1
contains: eggs,1
contains: milk,1
contains: water,1
control acidity,1
coo-fish,1
cooked and dehydrated pinto beans,1
cooked andouille sausage crumbles with smoke flavor added,1
cooked barley {water,1
cooked bean mix,1
cooked beef meatballs,1
cooked beef tripe,1
cooked breaded chicken breast patty with rib meat: chicken breast with rib meat,1
cooked brown lentils,1
cooked chick peas,1
cooked chicken meat in chicken broth,1
cooked chicken sausage,1
cooked clams with clam juice and clam extract,1
cooked cod,1
cooked corn,1
cooked cured pork,1
cooked dark meat chicken,1
cooked dehydrated lentils,1
cooked diced beef with corn starch,1
cooked dried chicks peas,1
cooked elbow macaroni,1
cooked enriched parboiled rice,1
cooked enriched penne rigate,1
cooked enriched shell pasta,1
cooked fajita seasoned white meat chicken,1
cooked faro {water,1
cooked fettuccine,1
cooked garbanzo beans,1
cooked golden quinoa,1
cooked grain,1
cooked grape must,1
cooked green lentils,1
cooked ground beef,1
cooked ham,1
cooked in peanut oil salt added,1
cooked kashi pilaf,1
cooked lamb with natural juices,1
cooked light red kidney beans,1
cooked long grain white rice,1
cooked macaroni,1
cooked meat and vegetables,1
cooked mushrooms,1
cooked north pacific cold water shrimp,1
cooked organic brown rice,1
cooked organic chickpeas,1
cooked organic garbanzo beans,1
cooked organic lentils,1
cooked organic red quinoa,1
cooked orzo,1
cooked pasta,1
cooked pasta udon noodle,1
cooked pink beans,1
cooked pork sausage,1
cooked rice . tuna,1
cooked salmon crumbles,1
cooked sausage,1
cooked seasoned beef with juices,1
cooked seasoned cod,1
cooked shrimp and natural shrimp stock,1
cooked steel cut oats,1
cooked sunflower seeds,1
cooked turkey tenderloins,1
cooked turkey*,1
cooked udon noodles,1
cooked vermicelli bean thread noodle,1
cooked wheat berries {water,1
cooked white beans,1
cooked white beans*,1
"cooked white chicken strips , tomatoes",1
cooked whole grain millet*,1
cooked with lime water,1
cookie crumb swirl,1
cookie crumble: unbleached cream,1
cookie pieces {sugar,1
cookie: bleached enriched wheat flour,1
cookie: enriched wheat flour,1
cookie: {enriched bleached flour,1
cookies & cream ice cream,1
"cookies (contains: whole wheat flour, bleached enriched flour , sugar, safflower and or sunflower oil chocolate chips , cane sugar gum arabic",1
"cookies (sugar, enriched flour , vegetable oil , corn syrup, sweetcream buttermilk whey, contains less than of natural flavors, monoand diglycerides, guar gum, cellulose gum. carrageenan",1
"cookies [sugar, unbleached unenriched wheat flour, palm and palm kernel oil, cocoa, , salt, sodium bicarbonate, soy lecithin and natural flavort, egg yolk, natural flavor, tara gum, guar gum",1
cookies and cream ice cream,1
cookies n cream ice cream: cream,1
cookies: wheat flour,1
cookiesenriched flour,1
cooking rice wine,1
coriander cloves,1
coriander seeds,1
corm,1
corn and malt syrup,1
corn and wheat,1
corn and/or canola,1
corn and/or canola and/or soybean,1
corn and/or cottonseed oil,1
corn and/or peanut oil,1
corn and/or sunflower,1
corn carrots,1
corn contains less then of: modified food starch,1
corn flour leaving,1
corn gluten and wheat protein,1
corn iron,1
corn meal). spread: vegetable oil blend,1
corn oil modified corn starch,1
corn oil or sunflower oil,1
corn oil*,1
corn oil. wheat starch. beta carotene color. caramel color citric acid,1
corn or canola oil,1
corn or rice,1
corn powder,1
corn starch and potato fiber,1
corn starch and powdered cellulose . sauce: tomato puree,1
corn starch and powdered cellulose to prevent caking,1
corn starch and/or cellulose added to prevent caking,1
corn starch and/or nonfat dry milk and/or whole wheat flour,1
corn starch anti-caking agent],1
corn starch as processing aid,1
corn starch contains or less of chocolate,1
corn starch microcrystalline cellulose,1
corn starch soybean oil.soybean oil,1
corn starch {corn starch,1
corn starch. cellulose. ascorbic acid,1
corn starch. contains or less of: salt,1
corn starch. fried in soybean oil,1
corn sugar and distilled vinegar,1
corn sweetener,1
corn sweetner,1
corn syrup and artificial watermelon flavor,1
corn syrup and less than of soybean oil,1
corn syrup and sugar,1
corn syrup cornstarch,1
corn syrup dextrin,1
corn syrup egg yolk,1
corn syrup heavy cream,1
corn syrup potato flour,1
corn syrup salt baking soda yeast,1
corn syrup solids and or less of each of the following: silicon dioxide,1
corn syrup solids and or less of the following: soybean oil,1
corn syrup solids wheat gluten,1
corn syrup solids*,1
corn syrup solids. contains less than of: modified food starch,1
corn syrup solids. lemon juice solids,1
"corn syrup, enriched wheat flour , sugar, cornstarch, contains or less of: palm oil, salt, artificial flavor, citric acid, mineral oil, artificial color , lecithin",1
"corn syrup, sugar, contains or less of: malic acid, natural flavor and artificial flavor, artificial color , mineral oil, lecithin",1
corn syrup. contains less than of the following: salt,1
corn syrup. natural flavor,1
corn syrup. salt,1
corn syrup. sodium lactate,1
corn syrup. water,1
corn tortilla chips,1
corn vinegar,1
corn-starch,1
corn. syrup,1
corn. vegetable oil,1
cornflakes,1
cornflour,1
cornmeal. spread: vegetable oil blend,1
cornmeal. topped with sesame seeds,1
cornstarch added to prevent caking,1
cornstarch and potato fiber,1
cornstarch grated coconut,1
cornstarch less than of natural flavor,1
cornstarch modified,1
cornstarch. less than - corn syrup,1
cornsyrup solids,1
corntarch,1
corrageenan,1
cory starch,1
cotija cheese,1
cotnains: tartrazine and soy lecithin,1
cotton,1
cotton seed oil,1
cotton seed oil sunflower oil,1
cottonseed and palm oil . sugar,1
cottonseed and peanut and soybean oils,1
cottonseed and peanut oils,1
cottonseed and/or canola,1
cottonseed and/or rapeseed,1
cottonseed and/or rice oil,1
cottonseed and/or soybean oil,1
cottonseed and/or sunflower oil,1
cottonseed oil & caramel color,1
cottonseed oil and/or palm oil,1
cottonseed oil and/or rapeseed,1
cottonseed oil and/or sunflower oil,1
cottonseed oil. sweet and sour sauce: water,1
cottonseed or soybean,1
cottonseed/palm shortening,1
courgettes,1
crab boil . potassium sorbate,1
crab claw meat,1
crab extract powder,1
crab extract},1
crab meat,1
crabmeat,1
crabstick,1
cracked barley,1
cracked brown rice,1
cracked buckwheat,1
cracked corn,1
cracked flax seed,1
cracked malted whole wheat,1
cracked millet,1
cracked oats,1
cracked rye,1
cracked sorghum,1
cracked soybeans,1
cracked triticale,1
cracked wheat dark rye flour,1
cracked wheat flour,1
cracked wheat wheat bran,1
cracked whole soy,1
cracker crust,1
crackers,1
cranberries & walnuts,1
cranberries sugar,1
cranberries*,1
cranberry beans,1
crape: water,1
cream and disodium phosphate,1
cream and milk,1
cream and nonfat dry milk,1
cream and salt,1
cream base,1
"cream cheese (pasteurized cultured milk and cream, salt, stabilizers [xanthan and/or carob bean, and/or guar gums), unsalted butter, vanilla extract",1
"cream cheese (pasteurized milk and cream, cheese culture, salt, stabilizers , pickled ginger , wasabi , sesame seeds , seaweed",1
"cream cheese (pasturized milk and cream, cheese culture, salt, stabilizers , sour cream , smoked salmon, horseradish , lemon juice, paprika, onion powder garlic powder, dill weed & pepper",1
cream cheese bits,1
cream cheese milk and cream,1
cream cheese pasteurized milk and cream,1
cream cheese salt,1
cream cheese spinach,1
cream cheese spread,1
cream chese,1
cream corn,1
cream flavoring,1
cream of mushroom soup seasoning,1
cream of tarter,1
cream skim milk,1
cream solids,1
cream**,1
cream. less than of dextrose,1
creamed coconut,1
creme base,1
creme brulee base,1
creme filled cookies,1
creme flavor & other natural flavors,1
cremini mushrooms,1
creole seasoning,1
crepe: milk,1
crimini mushroom,1
crinkle cut lightly salted crispy onions,1
crisp apple,1
crispy onion,1
crispy rice,1
crouton crumble,1
crumb softeners,1
crumble topping,1
crunchy lettuce,1
crushed black pepper,1
crushed chile peppers,1
crushed chilies,1
crushed cinnamon,1
crushed creme cookies*,1
crushed fruit,1
crushed green tomatoes,1
crushed jalapeno,1
crushed natural flavor chocolate sandwich cremes,1
crushed orange/pineapple sodium benzoate,1
crushed oranges,1
crushed pineapple in pineapple juice,1
crushed red chili pepper,1
crushed red chili peppers,1
crushed red pepper flakes,1
crushed red peppers,1
crushed roasted chickpeas,1
crushed tomato,1
"crust , provolone cheese , pizza sauce , spinach",1
crust pizza cheese . sauce . romano cheese . oregano,1
crust: chickpeas,1
crust: enriched flour,1
crust: turnip,1
crust: unbleached wheat flour,1
crust: wheat flour enriched,1
crystalline sorbitol,1
crystallized orange,1
cubed orange peel,1
cucumber dill seasoning,1
cucumber flavor,1
cucumber flavored powder,1
cucumber juice*,1
cucumber puree,1
cucumber*,1
cucumber. edamame,1
cucumbers in brine,1
cucumbers whole first quality,1
culantro,1
cultred whey protein concentrate and cultured skim milk,1
culture distillates,1
culture milk,1
culture pasteurized milk,1
cultured after pasteurization,1
cultured celery,1
cultured celery juice powder and sea salt,1
cultured celery juice*,1
cultured celery powder . in a natural lamb casing,1
cultured corn syrup solids,1
cultured cow's milk,1
cultured cream enzymes,1
cultured cream*,1
cultured dairy solids,1
cultured dextrose and maltodextrin,1
cultured dextrose to protect flavor,1
cultured dextrose with maltodextrin,1
cultured dextrose*,1
cultured dextrose. tocopherols,1
cultured dextrose/maltodextrin,1
cultured grade a cream,1
cultured grade a milk and cream,1
cultured grade a milk and nonfat milk,1
cultured grade a organic reduced fat milk,1
cultured grade a pasteurized low fat milk,1
cultured grade a pasteurized milk blueberry juice from concentrate cane sugar. live,1
cultured grade a pasteurized organic lowfat milk,1
cultured grade a reduced fat organic milk,1
cultured lowfat and nonfat milk,1
cultured lowfat milk,1
cultured milk powder,1
cultured milk salt,1
cultured milk whey,1
cultured milk**,1
cultured nonfat milk solids,1
cultured nonfat milk*,1
cultured organic rice,1
cultured organic unbleached wheat flour,1
cultured part skimmed cow's milk,1
cultured part-skim milk,1
cultured pasterurized grade a low fat milk,1
cultured pasteurized and homogenized grade a non-fat cow's milk,1
cultured pasteurized cream and milk,1
"cultured pasteurized grade ""a"" reduced fat milk",1
cultured pasteurized grade a cream,1
cultured pasteurized grade a low fat milk sugar modified corn starch contains less than of modified tapioca starch,1
cultured pasteurized grade a lowfat milk and nonfat milk solids. contains active yogurt cultures,1
cultured pasteurized grade a lowfat milk and nonfat milk solids. contains active yogurt cultures with l. bulgaricus,1
cultured pasteurized grade a milk & cream,1
cultured pasteurized grade a nonfat milk and whole milk,1
cultured pasteurized milk and part skim milk,1
cultured pasteurized non fat milk,1
cultured pasteurized rbst free milk,1
cultured pasteurzed milk,1
cultured reduced fat milk,1
cultured rice,1
cultured rice flour,1
cultured rye flour,1
cultured sour cream,1
cultured sugar cane,1
cultured wheat flour and/or vinegar,1
cultured wheat flour yeast,1
cultured wheat sponge,1
cultured wheat starch*,1
cultured whey & nonfat milk soy lecithin an emulsifier],1
cultured whey nonfat milk,1
cultured whey protein concentrate and cutlured skim milk,1
cultured whole milk*,1
cultures natural flavors,1
cultures nonfat milk,1
cultures. salt,1
cumin powder*,1
cumin seed,1
cumin. dough: yellow corn,1
cumin. gluten free,1
cure mix,1
cured anchovy,1
cured pork and salt,1
cured rendered pork fat and/or vegetable oil,1
cured white turkey: white turkey,1
cured with: water honey,1
curly kale,1
curly pasta,1
"currants (with sunflower oil, dark chocolate , apples, brown rice crisps , chia seeds, coconut oil, coffee, mixed tocopherols",1
"curried chickpea salad (garbanzo beans , veganaise , multigrain roll , green leaf lettuce",1
curry,1
curry dressing,1
curry paste,1
curry quinoa,1
curry: water,1
cyancobalamin,1
cyanocobalamin {b12 produced by natural fermentation not synthetic or animal source},1
cyanocobalamine,1
cysteine hydrochloride,1
d-alpha tocopheryl acetate,1
d-alpha-tocopherol,1
d-alpha-tocopheryl acetate,1
d-glucuronolactone,1
dagree,1
daikon,1
dairy blend,1
dairy blend {whey,1
dairy free cream cheese,1
dairy product solids,1
dairy product solids . contains or less of each of the following: leavening,1
dairy solids,1
dairy-free,1
dark balsamic vinegar,1
dark chocolate flavored confectionery coating,1
dark meat turkey,1
dark rye flour,1
dark sweet cherries,1
date and pineapple,1
date filling,1
date juice concentrate,1
date pieces,1
date syrup,1
date syrup*,1
datem and soy lecithin,1
dates with rice flour,1
deboned farmed atlantic salmon fillet*,1
deboned wild sockeye salmon fillet,1
dectrose,1
deep frozen fish,1
deep well water,1
defatted soy flour contains or less of each of the following ascorbic acid,1
defatted soy grits,1
defatted soybean,1
degermed corn flakes,1
degermed corn flour,1
degermed yellow corn meal. contains or less of: leavening,1
degerminated white corn flour,1
degerminated white corn meal,1
dehydarted onion,1
dehydrated,1
dehydrated apple,1
dehydrated apple powder,1
dehydrated apple. contains or less of salt,1
dehydrated avocado,1
dehydrated avocado pulp. contains or less of: garlic,1
dehydrated banana,1
dehydrated basil,1
dehydrated basil and citric acid,1
dehydrated beef broth,1
dehydrated beef stock,1
dehydrated bell pepper spice dough improver,1
dehydrated bell peppers and red pepper,1
dehydrated black beans,1
dehydrated black mushrooms,1
dehydrated brown sugar,1
dehydrated buttermilk,1
dehydrated butternut squash,1
dehydrated cabbage,1
dehydrated cane syrup,1
dehydrated carrot dehydrated tomato,1
dehydrated carrot granules,1
dehydrated cauliflower,1
dehydrated celery seed,1
dehydrated cheese,1
dehydrated cheese {cultured pasteurized milk,1
dehydrated chicken stock,1
dehydrated chipotle peppers,1
dehydrated chive,1
dehydrated chives*,1
dehydrated chopped onions,1
dehydrated coconut,1
dehydrated cooked turkey,1
dehydrated corn,1
dehydrated diced carrots,1
dehydrated dill,1
dehydrated en n spices,1
dehydrated feta cheese,1
dehydrated garlic and rice concentrate,1
dehydrated garlic and xanthan gum,1
dehydrated ghost peppers,1
dehydrated ginger,1
dehydrated great northern beans,1
dehydrated green bell peppers,1
dehydrated green onions,1
dehydrated green peas,1
dehydrated green peas. dehydrated diced carrots,1
dehydrated green pepper,1
dehydrated honey,1
dehydrated jalapeno,1
dehydrated jalapeo,1
dehydrated lemon,1
dehydrated lemon juice,1
dehydrated lemon peels,1
dehydrated lime,1
dehydrated mango pulp,1
dehydrated minced garlic,1
dehydrated mushroom powder,1
dehydrated mushrooms,1
dehydrated nopal and chia seed,1
dehydrated nori,1
dehydrated onion flakes,1
dehydrated onion lime juice concentrate,1
dehydrated onion salt,1
dehydrated onion. contains or less of each of the following: soybean oil,1
dehydrated orange peel,1
dehydrated organic garlic,1
dehydrated parmesan cheese,1
dehydrated pepper,1
dehydrated peppers,1
dehydrated pequin chile pepper,1
dehydrated purple carrot pieces,1
dehydrated red and green bell pepper,1
dehydrated red pepper flakes,1
dehydrated red peppers,1
dehydrated roasted garlic,1
dehydrated shiitake mushroom,1
dehydrated soy flour,1
dehydrated spinach),1
dehydrated sun-dried tomato,1
dehydrated sweet corn,1
dehydrated sweet cream pasteurized sweet cream,1
dehydrated vegetable base,1
dehydrated vegetables dextrose,1
dehydrated vegetables in varying proportion,1
dehydrated white beans,1
dehydrated yellow lentils,1
dehydrted red bell pepper,1
dehyrated garlic,1
deionized pineapple juice concentrate,1
demiglaze powder,1
deproteinized dairy whey,1
derived from agricultural products,1
derived from botanical extracts,1
derived from corn and malted barley,1
derived from sugar beets,1
derived from the cellulose of vegetables,1
desiccated coconut processed with sugar,1
dextrin maltodextrin,1
dextrose *,1
dextrose and disodium dihydrogen pyrophosphate to promote color,1
dextrose and disodium dihydrogen pyrophosphate to promote color retention,1
dextrose coated with: dextrose,1
dextrose high fructose corn syrup,1
dextrose mix,1
dextrose monohydrate,1
dextrose monosodium glutamate,1
dextrose natural & artificial flavors,1
dextrose poppy seed,1
dextrose salt,1
dextrose sugar,1
dextrose. colored with fruit juice,1
dextrose. contains or less of each of the following: natural flavor,1
dextrose. natural extractives of turmeric and annatto,1
dextrose. spice extractives,1
dha algal oil,1
di-alpha- tocopheryl acetate,1
diacetyl tartaric acid esters of mono- and diglycerides,1
diacetyl tartaric acid esters of monodiglycerides,1
diacetyl tartaric esters of mono-diglycerides,1
dicalcium phosphates,1
dice jalapenos,1
diced anaheim peppers,1
diced avocados,1
diced jalapeno,1
diced jalapeno pepper {jalapeno pepper,1
diced jalapeno peppers,1
diced onion,1
diced red bell pepper,1
diced red onion,1
diced roma tomatoes,1
diced tomatoes *,1
diced tomatoes tomato juice,1
diced tomatoes. tomato juice,1
dietary fibers,1
"dijon mustard (water, mustard seeds, vinegar, salt, annatto coloring, nisin",1
dijon mustard . modified corn starch,1
dill pickle cubes,1
dill pickles,1
dill sauce: water,1
dill seeds,1
dillweed,1
dimethyl polysiloxane an anti-foam agent added,1
dimethyl sulfide,1
dimethylpolysiloxane . salt,1
diphosphates,1
disodium 5 inosinate,1
disodium 5' ribonucleotide,1
disodium 5-inosinate,1
disodium 5-quanylate,1
disodium diphosphate as emulsifier and stabilizer,1
disodium edta added for color retention,1
disodium edta added to promote color retention and natural hickory smoke flavor,1
disodium edta and sodium bisulfite added to promote color retention,1
disodium edta to preserve color,1
disodium glutamate,1
disodium guanylate and disodium inosinate,1
disodium guanylate},1
disodium inosinate and guanylate and citric acid,1
disodium inosinate/disodium guanylate and turmeric,1
disodium phosphate and sodium citrate,1
disodium phosphate. par-fried in canola and/or soybean oil,1
disodium phosphates and polyphosphates,1
disodium pyrophosphate to maintain color,1
disodium ribonucleotide,1
disodium5'- inosinate,1
distilled alcohol,1
distilled mono & diglycerides,1
distilled mono glycerides,1
distilled mono- & diglycerides,1
distilled vinegar molasses,1
distilled vinegar water,1
distilled vinegar*,1
distilled vinegar. apple cider vinegar,1
distilled vinegar. egg yolks,1
distilled vinegar. spice,1
distilled white vinegar and filtered water,1
distilled white vinegar diluted with water to acidity,1
distilled white vinegar*,1
distlled vinegar,1
dl-alpha-tocopherol acetate,1
dosidicus gigas,1
double flavor sauce,1
double-fold vanilla*,1
dough : flour,1
"dough conditioner (enriched wheat flour , dough conditioner , dough conditioner",1
dough conditioner . fillings: chicken,1
dough conditioner . molasses,1
dough conditioner . salt packet salt,1
dough conditioners . dextrose,1
dough conditioners . food starch-mod fed,1
dough conditioners . mono and diglycerides,1
dough conditioners . partially fried in vegetable oil,1
dough conditioners . yeast nutrients . calcium propionate,1
dough conritioners,1
dough improver blend,1
dough ingredients: bleached,1
dough ingredients: flour,1
dough mixture,1
dough mixture: enriched durum flour water,1
dough mixture: enriched semolina flour,1
dough semolina,1
dough starter,1
dough wrapper: unbleached wheat flour,1
dough: enriched bleached wheat flour,1
dough: enriched bleached white flour,1
dough: enriched wheat flour,1
dough: ground durum wheat,1
dough: wheat flour,1
dr. pepper concentrate,1
dressing base,1
dressing {,1
driad onions,1
dried apples unsulphured,1
dried apricots,1
dried arbol peppers,1
dried basil leaf,1
dried basil oil blend,1
dried bay leaf,1
dried beef chunked and formed,1
dried beets,1
dried black bean,1
dried bonito,1
dried bonito powder,1
dried buttermilk,1
dried cauliflower,1
dried cherries,1
dried cherry,1
dried chicken,1
dried chicken meat,1
dried chili powder,1
dried chipotle peppers,1
dried chive,1
dried chlorella,1
dried cilantro leaves,1
dried cilantro*,1
dried coconut,1
dried contains or less of each of the,1
dried coriander leaf,1
dried corn syrup solids,1
dried dill weed,1
dried durum wheat sourdough,1
dried egg yolk,1
dried extract of soybean,1
dried garlic & onion,1
dried garlic. topping: low-moisture part skim mozzarella cheese,1
dried ghost peppers,1
dried ginger,1
dried goji berries,1
dried green bell pepper,1
"dried green onion, uncured bacon bits*: pork",1
dried green onions,1
dried habanero chili pepper,1
dried herb & spices sugar,1
dried honey powder,1
dried kale*,1
dried leek flake,1
dried leeks,1
dried lemon rind,1
dried mangos,1
dried milk,1
dried molasses,1
dried mushrooms,1
dried onion and hydrolyzed corn protein,1
dried onion),1
dried oyster,1
dried papaya,1
dried parmesan cheese,1
dried pea protein,1
dried peas,1
dried pigeon peas,1
dried plum juice concentrate,1
dried potato flakes equal to of the finished product,1
dried prunes,1
dried quinoa,1
dried red chili pepper,1
dried red pepper sauce,1
dried red peppers,1
dried roasted california pistachios and salt,1
dried seaweed,1
dried shallots,1
dried shiitake mushroom,1
dried shiitake mushroom powder,1
dried shiitake mushrooms,1
dried skim milk,1
dried skimmed milk,1
dried strawberries & blueberries,1
dried super hot chiles,1
dried sweetened blueberries,1
dried tarragon,1
dried thyme,1
dried tomatoes,1
dried torula yeast,1
dried torula yeast extract,1
dried tuna,1
dried vegetable juice concentrate,1
dried vinegar. lamb casing,1
dried wheat syrup,1
dried whey. contains or less of: baking powder,1
dried whole egg solids,1
dried whole eggs. contains or less of each of the following. modified food starch,1
dried whole milk,1
dried yeast extracts,1
dried yellow peas,1
dried: strawberries,1
driled garle,1
drill,1
dry barley,1
dry barley malt,1
dry blackeye peas,1
dry couscous,1
dry curd cottage cheese fat,1
dry egg yolks,1
dry figs,1
dry garlic,1
dry grated parmesan,1
dry lentils,1
dry mango slices,1
dry mint leaves,1
dry non fat milk,1
dry nonfat greek yogurt,1
dry parsley flakes,1
dry place,1
dry potato,1
dry roasted,1
dry roasted california almonds,1
dry roasted chickpeas,1
dry roasted macadamia nuts,1
dry roasted organic sunflower seeds,1
dry roasted organically grown cashews,1
dry roasted organically grown sunflower seeds,1
dry roasted sunflower kernels,1
dry roasted unblanched organic almonds,1
dry shiitake mushroom,1
dry sweet whey,1
dry wheat sourdough,1
dry whey dry cheese,1
dry-roasted,1
dry-roasted peanuts,1
dry-roasted pistachios,1
dry-roasted soybeans,1
drywhole milk,1
dstilled vinegar,1
duck,1
duck sauce sachets high fructose corn syrup,1
during passover,1
durum and semolina flour,1
durum extra fancy,1
durum semolina,1
durum wheat,1
dusted with cornstarch. soup base: salt,1
dutch cocoa,1
dv percent ingredients: sugar,1
dymethylpolysiloxane,1
e 330,1
e-160a,1
e-202,1
e-330,1
e-466,1
e102,1
e102*,1
e1129-alura/red. e160a-beta-carotene,1
e124,1
e129,1
e133,1
e1422,1
e1520,1
e163,1
e200,1
e220,1
e260,1
e304i,1
e306 blend concentrate,1
e306 mixture concentrate,1
e307,1
e330,1
e385,1
e407,1
e415,1
e422,1
e440,1
e451,1
e466,1
e500 bicarbonate,1
e500ii,1
e503ii,1
e525,1
earth balance,1
echinacea,1
ecuador,1
edam cheese,1
edamame soy,1
edible beef gelatine,1
edible shellac and corn syrup,1
edible vegetable oil,1
edible wafers sheet,1
edta added as a preservative,1
eenriched bleached flour,1
egg albmun,1
egg albumin,1
egg and egg yolk,1
egg product,1
"egg salad , bread",1
egg salad base,1
egg shade,1
egg white protein,1
egg white solids,1
egg whites. cheese mixture: ricotta cheese,1
egg whites. filling ingredients: ground pork,1
egg whites. natural flavors,1
egg yolk whole egg,1
egg yolk**,1
egg yolks mix,1
egg yolks or eggs,1
egg yolks*,1
egg yolks. contains or less of annatto extract artificial flavor,1
egg yolks. filling: cheese,1
egg-dried melange,1
egg. filling: beef,1
egg. filling: chicken,1
egg. glaze: sugar water. cornstarch,1
egggs,1
eggs carrots,1
eggs contains or less of: soy lecithin,1
eggs nonfat dry milk,1
eggs salt,1
eggs whites,1
eggs whole eggs,1
eggs. baking soda,1
eggs. butter,1
eggs. cherry filling,1
eggs. contains or less of: salt,1
eggs. contains: egg,1
eggs. filling: ricotta cheese,1
eggyolk,1
elbow macaroni,1
elbow macaroni enriched durum semolina,1
elderberry concentrate,1
elderberry juice and grape skin extract,1
elderberry juice concentrate added for color,1
electrolyte blend,1
emmental,1
emmentaler cheese,1
emulsifer,1
emulsifieir,1
emulsifier e471,1
emulsifier),1
emulsifier: mono- and diglycerides of fatty acids,1
emulsifier: soy lecithin,1
emulsifier: sunflower lecithin,1
emulsifiers natural flavoring,1
emulsifiers: e492 and sunflower lecithin e322,1
"emulsifiers: mono- and diglycerides of fatty acids, acidity regulator: citric acid, natural aroma",1
"emulsifiers: soya lecithin e322 polyglycerol esters and inter-esterified ricinolic acids e476, flavoring ""vanillic"")",1
emulsifying agent,1
emulsifying agent: soy lecithin,1
emulsifying salts,1
encapsulated lactic acid*,1
encapsulated salt,1
energy blend,1
english cucumber,1
english toffee flavor,1
english walnuts,1
engraulis anchoita,1
engrautis anchoita,1
enriched #1 fancy semolina flour,1
enriched bleached bromated wheat flour water,1
enriched bleached flour wheat flour,1
enriched bleached flour {niacin,1
enriched bleached wheat flour ),1
enriched bleached wheat flour iniacin,1
enriched bleached wheat flour soybean oil,1
enriched bleacher flour,1
enriched corn flour,1
enriched degerminated yellow corn meal,1
enriched extra fancy durum flour and semolina,1
enriched flavor,1
"enriched flour (enriched bleached wheat flour , malted barley flour, sauce (sugar, soya bean paste , oyster flavored sauce , garlic, monosodium glutamate, black pepper",1
enriched flour . butter . yeast,1
enriched flour water,1
enriched flour water parmesan cheese granulated garlic,1
enriched flour*,1
enriched long grain brown rice,1
enriched long grain parboiled rice . salt,1
enriched long grain rice,1
enriched long grain white rice,1
enriched macaroni,1
enriched medium grain rice,1
enriched no. 1 semolina,1
enriched precooked long grain rice,1
enriched rice,1
enriched semolina,1
enriched semolina flour . water,1
enriched spaghetti,1
enriched thiamine mononitrate,1
enriched unbleached flour water,1
enriched unbleached unbromated wheat flour,1
enriched unbleached wheat flour enzyme,1
enriched unbleached wheat flour {niacin,1
enriched wheat and durum flour,1
"enriched wheat flour (unbleached wheat flour, enriched wheat flour , palm oil, sugar, natural flavor, almond meal, coating sugar , salt",1
enriched wheat flour . potassium sorbate,1
enriched wheat flour . water,1
enriched wheat flour blend filtered water,1
enriched wheat flour sugar,1
enriched wheat flour unbleached,1
enriched wheat flour wheat flour,1
enriched wheat flour wheat flour niacin reduced iron thiamin mononitrate,1
enriched wheat flour {flour,1
enriched wheat flour {niacin,1
enriched wheat flour: niacin,1
enriched wheat flower,1
enriched wheat plour wheat flour,1
enriched white bread,1
enriched white corn grits,1
enriched whole wheat flour,1
enriched with barley malt,1
enriched-high gluten flour,1
enrichment whey,1
enxymes,1
enymes,1
enzyme & ascorbic acid,1
enzyme added for improved baking,1
enzyme and annatto,1
enzyme l-cysteine,1
enzyme modified blue cheese,1
enzyme modified butter maltodextrin,1
enzyme modified cheese,1
enzyme modified parmesan cheese,1
enzyme-modified gouda cheese,1
enzyme-modified lecithin,1
enzymes & annatto color,1
enzymes & cultured wheat,1
enzymes added for improved baking,1
enzymes and 2,1
enzymes and cellulose {added to prevent caking},1
enzymes and l-cysteine,1
enzymes and natural smoke flavor,1
enzymes and/or vital wheat gluten,1
enzymes annatto,1
enzymes modified cheddar cheese,1
enzymes powdered cellulose,1
enzymes),1
enzymes. buttercrisp crackers: enriched flour,1
enzymes. frosting ingredients: powdered sugar,1
enzymes. l-cysteine monohydrochloride),1
enzymes.garlic spread,1
ergocalciferol,1
erythritol**,1
escarole,1
esl-3 canola oil,1
especially with certain medical conditions,1
essential oils,1
esterified propoxylated glycerol,1
ethanol,1
ethly alcohol,1
ethoxylated,1
ethoxylated mono & diglyceries,1
ethoxylated mono - and diglycerides. azodicarbonamide,1
ethoxylated mono and diglycerides and or less of each of the following: antioxidants,1
ethoxylated mono diglycerides,1
ethoxylated mono- & diglycerides,1
ethoxylated mono- and di-glycerides,1
ethoxylated monoand diglycerides,1
ethoxyquin,1
ethoxyquin added to retain color,1
ethyl acohol,1
ethyl alcohol. whole eggs,1
evaoporated cane juice,1
evaporated,1
evaporated apples chocolate coating: sugar,1
evaporated cane juice crystals,1
evaporated cane syrup},1
evaporated salt,1
evaporated sugar cane,1
everything seasoning,1
expeller pressed camelina oil,1
expeller pressed canola oil and/or safflower oil and/or sunflower oil,1
expeller pressed canola oil salt,1
expeller pressed canola oil* and/or safflower oil* and/or sunflower oil*,1
expeller pressed canola oil. cilantro chutney: water,1
expeller pressed canola oil. soybean oil or safflower oil,1
expeller pressed canola oll,1
expeller pressed coconut oil,1
expeller pressed coconut oil*,1
expeller pressed high oleic oil,1
expeller pressed high oleic safflower oil and/or sunflower oil,1
expeller pressed liquid coconut oil,1
expeller pressed olive oil,1
expeller pressed organic canola oil,1
expeller pressed palm kernel oil,1
expeller pressed peanut oil,1
expeller pressed refined canola oil*,1
expeller pressed refined organic canola oil,1
expeller pressed refined organic coconut oil*,1
expeller pressed sesame oil,1
expeller pressed sunflower oil and/or canola oil,1
expeller pressed sunflower oil. contains or less of: garlic,1
expeller pressed sunflower oil. leavening,1
expeller-pressed canola oil and/o safflower oil and/or sunflower oil,1
expeller-pressed coconut oil,1
expeller-pressed refined organic coconut oil,1
expeller-pressed safflower oil,1
expeller-pressed safflower or sunflower oil,1
expellerpressed canola oil,1
extra fancy durum flour,1
extra large indian cashews,1
extra olive oil,1
extra sharp yellow cheddar cheese,1
extra virgin coconut oil*,1
extra virgin oil,1
extra virgin oil),1
extra virgin oil. tomato sauce,1
extra virgin olive oil and canola oil,1
extra virgin olive oil and refined olive oil,1
extra virgin olive oil infused with tabasco brand crushed red pepper,1
extra virgin olive oil***,1
extra-virgin olive oil,1
"extra-virgin olive oil, kosher salt, yeast, garlic",1
extract of annatto seeds and cornstarch,1
extract of dill,1
extract of oregano,1
extract of paprika flavorings,1
extract virgin olive oil,1
extracted coconut,1
extracted coconut*,1
extracted from paprika,1
extractive of onion,1
extractive of spice,1
extractive of tomato,1
extractives of annatto,1
extractives of annatto and turmeric for color,1
extractives of black pepper,1
extractives of garlic and carrot,1
extractives of herbs,1
extractives of onion,1
extractives of paprika natural flavors,1
"extractives of paprika, in a lamb casing",1
extractives of paprika. breading set in vegetable oil. bun: enriched wheat flour,1
extractives of paprika. parfried with clear liquid frying shortening,1
extractives of parika,1
extractives of rosemary and extractives of paprika,1
extractives of tumeric and annatto,1
extractives of turmeric and annatto,1
extractives of turmeric. jalapeno tartar sauce water,1
extracts of annatto and paprika {color),1
extracts of annatto and turmeric,1
extracts of sage,1
extratives of turmeric,1
fair trade certified dark chocolate,1
fair trade organic cane sugar,1
fair trade organic coconut sugar,1
fancy molasses,1
farm fresh eggs,1
farm fresh eggs. spinach ravioli have fresh spinach,1
farm raised,1
farm raised atlantic salmon,1
farm raised atlantic salmon with color added,1
farm raised fish,1
farm-raised coho salmon,1
farmed atlantic salmon,1
faro} cooked rice {water,1
farro,1
farro and black barley blend,1
fat free french style dressing pouch,1
fat free milk,1
fatty acids lactics esters,1
fatty acids omega 3,1
favoring,1
fd & c red 40,1
fd & c red 40 sulfur dioxide,1
fd & c yellow #5,1
fd & c yellow no.5,1
fd &c yellow #5,1
fd& c red no. 40,1
fd&amp,1
fd&c blue,1
fd&c blue #1 and fd&c red #3,1
fd&c blue #2 aluminum lake,1
fd&c blue 1 lake,1
fd&c blue 1. citric acid,1
fd&c blue 2,1
fd&c blue no.1,1
fd&c caramel color,1
fd&c colors and invert sugar,1
fd&c red #3 & #40,1
fd&c red #40 & blue #2,1
fd&c red #40 aluminum lake,1
fd&c red #40 color,1
fd&c red #40 lake,1
fd&c red #40. fd&c yellow #6,1
fd&c red #40},1
fd&c red 40 and fd&c yellow 5,1
fd&c red 40 fd&c blue 1 and fd&c yellow 5,1
fd&c red 40 lake,1
fd&c red dye #3,1
fd&c red n 40,1
fd&c redif3,1
fd&c yello n #6,1
fd&c yellow # 5,1
fd&c yellow # 6 & red # 40,1
fd&c yellow #5 & # 6,1
fd&c yellow #5 & blue#1,1
fd&c yellow #5 aluminum lake,1
fd&c yellow #5 and yellow #6,1
fd&c yellow #5 lake,1
fd&c yellow #5 lake (e1020 and yellow #6 lake,1
fd&c yellow #5. contains wheat. product of spain,1
fd&c yellow #6 & red #40,1
fd&c yellow #6 lake,1
fd&c yellow #7 blue #1) sushi vinegar,1
fd&c yellow #s,1
fd&c yellow 5 & fd&c yellow 6,1
fd&c yellow 5 and 6,1
fd&c yellow 5. salt,1
fd&c yellow 6 fd&c yellow 5,1
fd&c yellow fd & c yellow) labels - advantage new mair,1
fd&c yellow no 5,1
fd&c yellow no. 5 lake,1
fd&c yellow no. 6 lake,1
fd&c yellow#5,1
fd&c yet #& yellow,1
fd&c: red 40,1
fennel & chili pepper,1
fennel ground,1
fennel juice spinach juice,1
fermented anchovies,1
fermented black bean,1
fermented black beans,1
fermented cucumbers with brine,1
fermented rice,1
fermented rice extract,1
fermented rice extract {rice,1
fermented shrimp,1
fermented soy sauce,1
fermented soybeans and salt,1
fermented sugar,1
ferricorthphosphate,1
ferrous fumarate . turmeric oleoresin color,1
ferrous phosphate,1
ferrous sulfite,1
ferrous thiamine mononitrate,1
feta cheese . greek dressing,1
feta cheese crumbles,1
fg,1
fiber made of beets,1
field peas,1
fig concentrate,1
fig paste,1
filler ingredients: pork,1
"filling (mozzarella cheese sauce , grated cheese , ricotta cheese [whey, cream, salt, citric acid , pasta",1
"filling (ricotta cheese , spinach, parmesan cheese , pecorino romano cheese , pasta , rice flour",1
filling . pineapple sweet chili sauce ingredients: water,1
filling : dry curd cottage cheese,1
filling : ricotta cheese,1
filling ingredients: organic spinach,1
filling ingredients: spinach,1
filling wrapper,1
filling: : potatoes,1
filling: beef onions,1
filling: broccoli,1
filling: cooked chorizo sausage,1
filling: crust,1
filling: dry curd cottage cheese,1
filling: potato flakes,1
filling: shrimp & lobster blend,1
filling: whole milk ricotta cheese,1
fillings: potatoes,1
filo dough: enriched wheat flour,1
filo-dough,1
"filter water, high fructose corn syrup, orange",1
filtered & carbonated water,1
filtered carbonated water l-theanine powder,1
filtered honey,1
filtered water and ascorbic acid,1
filtered water and concentrated apple juice,1
filtered water and concentrated orange juice,1
filtered water and organic apple juice concentrate,1
filtered water orange juice concentrate,1
filtered water sufficient to reconstitute apple juice concentrate,1
filtered water sugar,1
filtered well water,1
filtered wood smoke,1
filtered wood smoke & citric acid . poke sauce ingredients: water,1
fine pulp,1
finely ground cayenne,1
fire roasted bell peppers,1
fire roasted corn,1
fire roasted diced red onions,1
fire roasted diced red pepper,1
fire roasted edamame,1
fire roasted poblano peppers,1
fire roasted red bell pepper puree,1
fire roasted red onion,1
fire roasted red onions,1
fire roasted red pepper,1
fire roasted tomato,1
fire roasted vegetable base,1
fire roasted vegetables and concentrate,1
firming aid,1
fish - min,1
fish bone powder,1
fish broth {water,1
fish collagen peptide,1
fish extract,1
fish gelatin,1
fish meat,1
fish oil,1
fish powder,1
fish protein {alaska pollock,1
fish sauce powder,1
fish sauce {anchovy extract,1
fish yellowfin and/or tongol fish,1
fish-min,1
flagship cheese,1
flake salt,1
flake: laver,1
flatbread chips,1
flatbread crust filling,1
flavoning,1
flavor agent,1
flavor],1
flavored blueberry juice concentrate,1
flavoring agent,1
flavoring and coloring,1
flavoring and gum arabic,1
flavoring potassium lactate,1
flavoring),1
flavorings and colorings,1
flavour,1
flavouring,1
flavouring - vanilla,1
flavourings. **the equivalent of 426ml of fresh liquid milk in every 227g of milk chocolatemilk solids minimum,1
flavourings. milk chocolate: milk solids minimum.cocoa solids minimum. contains vegetable fats in addition to cocoa butter.. may contain nuts,1
flavourings.milk solids minimum.cocoa solids minimum. contains vegetable fats in addition to cocoa butter. may contain nuts,1
flavourings.milk solids minimum.cocoa solids minimum.contains vegetable fats in addition to cocoa butter. may contain nuts,1
flavourings: melon,1
flavours,1
flax oil,1
flax seed grain,1
flax seed powder,1
flaxmeal,1
flaxseed / linaza,1
flaxseed powder,1
florida,1
flounder fillet,1
flour and/ or semolina,1
flour enriched with niacin,1
flour light cream,1
flour malted barley,1
flour niacin,1
flour salt,1
flour tortilla,1
flour unbleached,1
flour unbleached wheat flour,1
flour water potato starch,1
flour {bleached wheat flour,1
flour*,1
flour. niacin. ferrous sulfate. thiamin mononitrate,1
flour. niacin. reduced iron. thiamine mononitrate,1
flours wholegrain,1
flower,1
focaccia stuffing,1
folic,1
folic acid and trace of lime,1
folic acid*. blueberries & cream ingredients: whole grain rolled oats,1
folic acid*. peaches & cream ingredients: whole grain rolled oats,1
folic acid*. strawberries & cream ingredients: whole grain rolled oats,1
folic acid. enzyme,1
folic acid. may contain egg,1
folic acid. vegetable extractives and polysorbate 80,1
folic acids,1
folic acid}. enzymes,1
folid acid,1
fondant,1
food,1
food color,1
food coloring,1
food coloring: burnt caramel,1
food starch . guar gum,1
food starch-modified dehydrated onion,1
food starch-modified potassium sorbate,1
food-grade lac resin,1
foodstarch-modified,1
for color preservative,1
for coloring,1
for fortification,1
for product texture,1
for slice separation,1
for smoothness,1
forest mushroom,1
fortified with iron,1
fortified with vitamin a,1
fra diavolo sauce,1
fractionated palm kernel oil yogurt powder,1
fractionated vegetable oil,1
fractions of refined,1
freah cream,1
free - flow agent,1
free-flow agent,1
free-flowing agent,1
free-range chicken,1
free-range turkey,1
freeze dried banana powder,1
freeze dried blueberry powder,1
freeze dried chickpeas,1
freeze dried corn,1
freeze dried diced pineapples,1
freeze dried lemon,1
freeze dried shrimp,1
freeze dried strawberries,1
freeze-dried banana,1
freeze-dried blueberry,1
freeze-dried ginger juice,1
freeze-dried ginger juice*,1
freeze-dried strawberries,1
freeze-dried turmeric juice,1
freeze-dried turmeric juice*,1
"french bread crumbs (enriched flour [wheat flour, malted barley flour, niacin, iron, ascorbic acid, riboflavin, folic acid), water, salt, and yeast), parmesan cheese , lemon juice",1
french cut green beans,1
french lentils,1
french onion seasoning,1
fresh,1
fresh anchovy,1
fresh apples grown in the usa,1
fresh basil leaves,1
fresh bell peppers,1
fresh brown eggs,1
fresh celery. fresh carrots,1
fresh chili,1
fresh cranberries,1
fresh cranberries pre-washed recipe ready. no thawing necessary,1
fresh dill,1
fresh egg,1
fresh flat leaf,1
fresh frozen avocados,1
fresh frozen hass avocado salt,1
fresh garlic puree,1
fresh gherkins,1
fresh ginger,1
fresh ginger puree,1
fresh grated carrots,1
fresh green beans,1
fresh kale,1
fresh lemon juice salt,1
fresh mango,1
fresh milk,1
fresh milk & cream,1
fresh onions,1
fresh peppers,1
fresh pineapple,1
fresh plantain,1
fresh potatoes equal to of the finished product,1
fresh red chilies,1
fresh red onions,1
fresh saba bananas,1
fresh scotch,1
fresh snap peas,1
fresh spinach,1
fresh spinach leaves,1
fresh tomatillos,1
fresh tomato,1
fresh vine ripened california tomatoes,1
fresh white onion,1
fresh yellow onions,1
freshly ground: organic wheat,1
freshly milled whole wheat flavor,1
freshly pressed organic carrot juice. flash pasteurized,1
freshly squeezed lime juice,1
freshness preserved with rosemary extract,1
freshness preserved with sodium bisulfite,1
freshness protected by sodium bisulfite,1
fried bean curd {soybeans,1
fried beancurd,1
fried crispy onion,1
fried garlic,1
fried in canola oil,1
fried in cottonseed and/or canola oils,1
fried in soybean oil,1
fried onion powder,1
fried pork rinds,1
fried pork skins,1
frigex starch,1
frisee. ingredients may vary,1
from annatto,1
from barley,1
from corn & barley,1
from corni,1
from fructose,1
from ip corn,1
from millk,1
from one or more of the following: canola,1
from papaya fruit,1
from potato flake,1
from tapioca and corn,1
from the guar plant,1
from tomatoes,1
from wheat,1
frosting: powdred sugar - cream cheese - butter - vanilla - milk,1
frozen blackeye peas,1
frozen blueberries,1
frozen egg whites,1
frozen egg yolk,1
frozen tuna and carbon monoxide,1
fructooligiosaccharides,1
fructooligosaccharides,1
"fructose (fruit sugar hc acid, natural cucumber flavoring and natural lemon flavoring with other natural flavorings including natural quinine",1
fructose syrup,1
fructose-glucose syrup mixed with sugar,1
fruit & vegetable juice . stevia leaf extract,1
fruit & vegetable juice stevia extract,1
fruit acid and fruit pectin,1
fruit and mushroom blend,1
fruit and vegetable extract for color,1
fruit and vegetable juice for color strawberry puree,1
fruit and vegetable juices for color,1
fruit and/or vegetable juice,1
fruit contents,1
fruit extract,1
fruit juice and black carrot juice concentrate,1
fruit juice and turmeric for color,1
fruit juice blend,1
"fruit juice concentrate blend (watermelon and huito , turmeric extract",1
fruit juices,1
fruit pectin and fruit acid,1
fruit preparation,1
fruit pure,1
fruits mix flavor,1
fudge icing,1
fudge swirl: sugar,1
fully cooked applewood smoked bacon pieces,1
fully cooked bacon bits with smoke flavor added,1
fully cooked breaded chicken breast fillet with rib meat: boneless,1
fully cooked chicken crumbles: chicken,1
fully cooked ingredients: smoked cooked pork shoulder boston butt barbecue sauce,1
fully cooked salmon grill marked portions boneless-skinless,1
fully cooked seasoned beef steak strips,1
fully cooked seasoned beef strips with water and binder product,1
fully cooked white chicken meat,1
fully hydroge. ed cottonseed oil,1
fully hydrogenated coconut oil,1
fully hydrogenated cottonseed oil,1
fully hydrogenated palm kernel oil,1
fully hydrogenated soybean and cottonseed oils,1
fully hydrogenated vegetable oils,1
fully refined soybean oil. oat fiber,1
"fumaric acid (as preservative, enzymes, rice flour, potassium sorbate guar gum, l-cysteine, contains traces of wheat. margarine shortening",1
fumaric acid and potassium sorbate,1
fumaric acid. calcium propionate added to retard spoilage,1
fumaric acid. salt. potassium sorbate,1
fumeric acid,1
fwerrous sulfate,1
gadus morhua morhua,1
gahub bean gum cheese culture,1
galacto-oligosaccharides *,1
galactooligosaccharides *,1
galaxing agent,1
garam masala,1
garbanzo bean flour,1
garbanzo bean*,1
garbanzo beans*,1
garbanzo crouton,1
garbanzos,1
garden herb rice cracker,1
gardenia extract,1
garlic & celery powder,1
garlic & onion,1
garlic & silicon dioxide,1
garlic & spices,1
garlic . filling: pinto bean,1
garlic and calcium stearate added to prevent caking,1
garlic and lemon juice,1
garlic and onion,1
garlic and silicon dioxide,1
garlic black pepper,1
garlic ciabatta,1
garlic citric acid,1
garlic cloves,1
garlic coconut,1
garlic emulsion,1
garlic essential oil,1
garlic extracts,1
garlic hot pepper,1
garlic knot,1
garlic knot: flour,1
garlic natamycin,1
garlic natural flavouring,1
garlic ol,1
garlic paste,1
garlic powder and salt,1
garlic powder calcium disodium edta,1
garlic powder dough: durum wheat semolina flour,1
garlic powder sugar,1
garlic powder. browned in canola oil,1
garlic powder. sunflower oil,1
garlic powder},1
garlic puree . lamb: boneless lamb,1
garlic puree*,1
garlic salt and parsley flakes,1
garlic salt {salt,1
garlic spice,1
garlic thyme,1
garlic tricalcium phosphate,1
garlic*),1
garlic**,1
garlic. filling: spinach cream cheese blend,1
garlic. lamb: boneless lamb,1
garlic. packed in lamb casing,1
garlic. xanthan gum,1
garlici,1
garnic water,1
gdl,1
gelatin from beef,1
gelatin used for coating,1
gelatin. bht added to preserve freshness. vitamins and minerals: reduced iron,1
gelatinized yellow corn flour,1
geling agent,1
gelling agent: fruit pectin,1
gelling agent: pectin,1
gf flour mix,1
gherkin slices,1
ghost chile flakes,1
ghost jolokia pepper,1
ghost pepper puree,1
ginger and salt. outside shell: wheat flour,1
ginger and spices,1
ginger extracts,1
ginger paste,1
ginger puree dijon mustard,1
ginger shreds,1
ginkgo biloba extract,1
ginseng extract,1
ginseng root extract,1
ginseng root powder,1
gkycerine,1
glass noodle,1
glaxing agent,1
glaxing agent/vegetable oil palm kernel,1
glazed honey bun - unbleached and bleached enriched flour,1
glazing agent,1
glazing agents,1
globe or french,1
glucono data lactone,1
glucono delta,1
glucono delta lactone datem,1
glucono-1,1
glucose - fructose and/or dextrose,1
glucose - fructose syrup,1
glucose rice,1
glucose sirup,1
glucose syrup solids,1
glucose syrup*,1
glucose syrup},1
glucose- fructose,1
glucose- fructose syrup,1
glucose-fructose,1
gluten free dough: non-gmo rice flour,1
gluten free flour,1
gluten free oat flour,1
gluten free pasta,1
gluten free tamari soy sauce,1
gluten free tortilla base,1
gluten-free,1
gluten-free crust,1
gluten-free organic tamari soy sauce,1
glycerin resinous glaze,1
glycerin*,1
glycerine. contains less than of each of the following: fruit juice for color,1
glycerol ester of wood niacin,1
glycerol-lacto esters of fatty acids,1
glyceryl lactoesters of fatty acids,1
gmo free corn,1
gmo-free popcorn,1
gmo-free sunflower oil,1
go energy protein blend,1
goat milk,1
goat's milk,1
gobo,1
goji berries,1
goji berry extract,1
golden corn,1
golden flax seeds,1
golden flaxseeds,1
golden syrup,1
goma de xantana,1
gorgonzola,1
gorgonzola cheese,1
gorn syrup,1
gouda,1
gouda & chia seeds cheese sticks ingredients: wheat flour,1
gourmet soy sauce: water,1
grade a cream,1
grade a cultured milk and cream,1
grade a organic milk,1
grade a pasteurized buttermilk,1
grade a pasteurized milk and skim milk,1
grade a pasteurized sweet cream,1
grade a skim milk,1
grade a whey,1
grade aa unsalted butter,1
graham cracker crumbs,1
graham cracker pieces,1
graham crumb,1
grain anise,1
grain blend,1
grain meat binder,1
grain vinegar*,1
grainless & aluminum free baking powder,1
grana padano cheese {milk,1
granny smith apples,1
granular cheese & parmesan cheese {pasteurized milk,1
granulated,1
granulated garlic and oregano,1
granulated garlic salt,1
granulated garlic*,1
granulated sugar vanilla extract,1
granulated sugar with food coloring,1
grape and watermelon juices from concentrate,1
grape flavor,1
grape fruit,1
grape juice concentrate),1
grape juice corn syrup,1
grape juice from concentrate filtered water,1
grape leaves,1
grape pulps,1
grape tomato,1
grape wine with sulfites,1
grapefruit concentrate juice,1
grapeseed oil,1
grass-feb lamb,1
grass-fed beef*** and pork***,1
grass-fed collagen,1
grated,1
grated cheese,1
grated horseradish,1
grated matured cheeses,1
grated parmesan,1
grated parmesan & i romano cheese blend,1
grated parmesan and romano cheese blend,1
grated pecorino romano cheese,1
grated romano and parmesan cheeses,1
grated romano cheese,1
"gravy (flour , chicken base, , beef base, , vegetable base, , parsley",1
gravy: lamb,1
great northern white beans,1
greeen peas,1
greek dressing,1
greek strained yogurt,1
greek style wheat berry barley salad romaine lettuce,1
greek style yogurt powder,1
greek yogurt ranch dressing,1
green #3,1
green & yellow peas,1
green 3,1
green and red jalapeno peppers,1
green and red jalapenos,1
green beans and corn,1
green beans green beans,1
green beans*,1
green bellpepper,1
green butter lettuce and red leaf lettuce,1
green cardamom,1
green cardamom powder,1
green cardamon,1
green chickpeas,1
green chile cheese sauce,1
green chiles {green chiles in water,1
green chilli,1
green coffee bean,1
green color added,1
green enchilada sauce,1
green halkidiki olives,1
green hatch chile powder,1
green jalapenos and salt,1
green laver,1
"green leaf lettuce, dressing: canola oil",1
green lentil,1
green mung beans,1
green olives with pimentos,1
green onion seasoning,1
green onion*,1
green onion. cilantro,1
green onion. contains or less of: mustard,1
green onion. stir fry sauce: water,1
green relish,1
green sauce,1
green soybean,1
green soybeans,1
green split peas*,1
green tango,1
green tea extract- egcg,1
green tea extracts,1
green tea leaf extract,1
green tea natural flavor,1
green tea*,1
green-leaf lettuce,1
green/red peppers,1
greenberg lettuce,1
greenleaf lettuce,1
grham flour,1
grilled chicken breast cucumbers,1
grilled eggplant,1
grilled flavor,1
grilled onion,1
grilled peppers in oil ingredients: peppers,1
grilled potato planks,1
ground all spice,1
ground allspice,1
ground blue corn,1
ground caraway seed,1
ground celery seeds,1
ground chia seed,1
ground chilies,1
ground chipotle chili pepper,1
ground coriander,1
ground corn treated with lime and water,1
ground corn with traces of lime,1
ground cumin seeds,1
ground flax seeds. salt. cultured wheat flour,1
ground flaxseed meal,1
ground flaxseeds,1
ground golden flax,1
ground organic flaxseed,1
ground organic white corn masa flour,1
ground pork,1
ground roasted peanuts,1
ground rosemary,1
ground seasame,1
ground sesame seeds,1
ground shrimp,1
ground spices,1
ground tomatoes in puree,1
ground turkey wing meat,1
ground turkey with natural flavoring,1
ground white corn masa flour,1
gruyere cheese and cheese,1
guajillo,1
guajillo chill,1
guar and cellulose gums,1
guar and/or carob bean and/or locust bean and/or xanthan gums,1
guar and/or carob bean and/or xanthan gums,1
guar gum and locust bean gum,1
guar gum and or less of each of the following: soybean oil,1
guar gum and sea salt,1
guar gum and sodium benzoate,1
guar gum and/or xanthan gum,1
guar gum carob bean gum,1
guar gum potassium sorbate,1
guar gum. cellulose gum. carrageenan,1
guar gum. decorating sugar: sugar,1
guar gum. potassium sorbate,1
guar gum. salsa ingredients: water,1
guar gums,1
guar gums and enzymes,1
guar gums],1
guar gumxanthan gum,1
guar hum,1
guarana,1
guarana seed,1
guarana seed extract,1
guat gum,1
guerande sea salt,1
gum acacia & ester gum,1
gum arabic and artificial colors,1
gum arabic and natural extractives of garlic,1
gum arabic and/or modified food starch,1
gum arabic. ester gum,1
gum colloid,1
guuar gum,1
gycerol ester of wood rosin,1
habaero peppers,1
habanero and jalapeno peppers,1
habanero and naga jolokia chili peppers,1
habanero chile powder,1
habanero chili powder,1
habanero pepper flakes,1
habanero puree,1
halal beef,1
halal boneless chicken,1
half & half cream,1
half & half milk,1
half-and-half,1
halkidiki olives,1
hand peeled garlic,1
handmade with sugar,1
hanna de avena,1
hard boiled eggs,1
hard candy : topping,1
hard red wheat oats,1
hard red winter wheat,1
hard wheat flour,1
hard-cooked egg,1
hash brown potatoes,1
hatch chile powder,1
hatch green chile,1
hatch green chile peppers,1
hatch pepper powder,1
hdroloyzed wheat gluten,1
heavy cream . parmesan cheese unsalted buttercream,1
heavy cream*,1
heavy tomato puree,1
heinz malt vinegar,1
heirloom tomatoes,1
hemicellulase enzyme and alpha amylase enzyme,1
hemp extract,1
hemp extract from organic hemp,1
hemp hearts,1
hemp oil,1
hemp protein concentrate*,1
hemp protein powder*,1
hemp seeds*,1
herb blend,1
herbs & spices,1
herbs*,1
heritage oats,1
herrings,1
hi-maize starch,1
hi-oleic canola oil,1
hibiscus concentrate,1
hibiscus flower,1
hibiscus powder,1
hickory and mesquite flavors,1
hidroxylated soy lecithin,1
hierro reducido,1
high fructose,1
high fructose corn,1
high fructose corn syrup and or less of: caramel color,1
high fructose corn syrup citric acid,1
high fructose corn syrup or sugar,1
high fructose corn syrup water,1
high fructose corn syrup yeast,1
high fructose corn syrup. clarified pineapple juice concentrate,1
high fructose corn syrup. natural and artificial flavor,1
high fructose corn syrup. salt,1
high fructose corn syrup. water,1
high maltose corn syrup,1
high maltose corn syrup solids,1
high maltose syrup,1
high oleic canola,1
high oleic canola and/or soybean oil,1
high oleic canola and/or soybean oil with tbhq and citric acid for freshness,1
high oleic canola and/or sunflower oil,1
high oleic canola oil and/or high oleic sunflower oil,1
high oleic canola oil and/or high oleic sunflower oil with rosemary extract and ascorbic acid for freshness,1
high oleic low linolenic canola oil,1
high oleic safflower oil and/or oleic sunflower oil,1
high oleic safflower oil expeller pressed,1
high oleic soybean oll,1
high oleic sunflower and/or canola oil with rosemary extract and ascorbic acid for freshness,1
high oleic sunflower and/or safflower oil,1
high oleic sunflower and/or soybean oil with rosemary extract and ascorbic acid for freshness,1
high oleic sunflower seed oil,1
high oleie dialycerides,1
high-fructose,1
high-oleic sunflower oil,1
highfructose corn syrup,1
highly refined,1
himalayan,1
himalayan salt. no artificial ingredients or preservatives,1
himalayan sea salt & cultures,1
hoagie roll,1
homogenized milk,1
honey - grade a,1
honey almond granola,1
honey and or less: salt,1
honey brined chicken,1
honey brown sugar,1
"honey coating (sugar, honey, wheat starch, calcium stearate , canola oil, tack maltodextrin, xanthum gum, salt",1
honey glazed walnuts,1
honey granola,1
honey nut coating,1
honey powder sea salt,1
honey powder {honey,1
honey roasted sesame sticks,1
honey vinegar,1
honey vinegar caramel color dough conditioners . monocalcium phosphate,1
honey wheat bagel,1
honey yeast,1
honey+,1
honey. contains or less of corn syrup,1
honey. less than of: salt,1
honeydew juice*,1
honeys,1
hop extract,1
hop extractives,1
horse radish,1
horse tail,1
horseradish powder,1
horseradish roots,1
hot chili pepper,1
hot green chile,1
hot pepper,1
hot pepper leaves and water,1
hot pepper sauce and nisin preparation,1
hot smoke from beechwood,1
hot smoked salmon,1
house poke dressing,1
huito juice concentrate,1
huitoj,1
hulled organic sunflower seeds,1
hulled raw pumpkin seeds,1
humectant,1
"humectant: sorbitol, acidulants: citric acid",1
humectants,1
hungry planet pork,1
hydrated chia seed,1
hydrated monoglyceride,1
hydrelyzed soy protein,1
hydrodenated soybean oil,1
hydrogenated & partially hydrogenated soybean oil and/or cottonseed oil,1
hydrogenated beef fat,1
hydrogenated coconut,1
hydrogenated cottonseed and rapeseed oil and salt,1
hydrogenated cottonseed oll,1
hydrogenated palm fat,1
hydrogenated palm kernel oil and/or palm oil and/or canola oil,1
hydrogenated palm kernel oil with soy lecithin,1
hydrogenated palm kernel sugar,1
hydrogenated palm oil shortening,1
hydrogenated palm osein,1
hydrogenated soybean,1
hydrogenated soybean oil and hydrogenated cottonseed oil,1
hydrogenated soybean oil and or palm oil,1
hydrogenated soybean oil and/or palm oil,1
hydrogenated soybean oil high fructose corn syrup,1
hydrogenated starch hydrolysates. alcohol,1
hydrogenated vegetable fat,1
hydrogenated vegetable oil to prevent separation,1
hydrogenated vegetable oil with mono- and diglycerides and/or citric acid,1
hydrogenated vegetable oil with mono-diglycerides and/or citric acid,1
hydrogenated vegetable oils,1
hydrolized pea protein,1
hydrolized soy protein,1
hydrolyced soy protein,1
hydrolysed corn starch,1
hydrolyzed corn and canola seed protein,1
hydrolyzed corn and gluten,1
hydrolyzed corn and soy and wheat protein,1
hydrolyzed corn and soy protein,1
hydrolyzed corn and yeast protein,1
hydrolyzed corn gluten. yeast extract. safflower oil and lactic acid,1
hydrolyzed egg yolk,1
hydrolyzed gluten,1
hydrolyzed maize protein,1
hydrolyzed protein sugar,1
hydrolyzed soy & corn protein,1
hydrolyzed soy and corn and wheat protein,1
hydrolyzed soy and wheat protein,1
hydrolyzed soy protein extractives,1
hydrolyzed soybean protein,1
hydrolyzed vegetable mix,1
hydrolyzed vegetable protein beef extract,1
hydrolyzed wheat gluten protein,1
hydrolyzed wheat gluten with partially hydrogenated soybean oil,1
hydrolyzed yeast protein,1
hydroxy propyl distarch phosphate,1
hydroxylated soy lecithin. preserved with calcium propionate,1
hydroxypropyl methyl cellulose,1
hydroxypropyl methylcellulose and soy bean oil. bread: wheat flour,1
hydroxypropylcellulose carotene ground cinnamon,1
hydroxypropylmethylcellulose,1
i,1
i dehydrated onion,1
ibarleymilk,1
ice cream ingredients: milk,1
ice cream mix,1
ice cream: fresh cream,1
ice cream: milkfat and nonfat milk,1
iced honey bun - unbleached enriched flour,1
icing: cream cheese,1
if poppy seeds: poppy seeds,1
if sesame seeds: sesame seeds,1
imitation bacon crumbles,1
imitation crabmeat,1
imitation mozzarella cheese,1
imitation vanilla flavor caramel color,1
imparts color],1
imported live cultures,1
imported romano cheese made from sheep's milk,1
in a pork casing,1
in collagen casing,1
in lamb casing,1
in100% whole grain rolled oats,1
inactive dry yeast and dry whole milk. glaze water,1
inactive yeast wheat gluten,1
inari,1
included soya,1
includes blue 2 lake,1
includes celery,1
includes celery powder,1
includes fd&c yellow #5 lake,1
includes fd&c: yellow #5 lake,1
includes fd&c: yellow 6,1
includes organic mushrooms,1
includes rosemary and celery,1
includes titanium dioxide,1
includes yellow 5 lake,1
including a milk derived flavor,1
including celery,1
including celery juice concentrate,1
including chicken fat,1
including chili powder,1
including chipotle,1
including coriander,1
including extractives of capisicum,1
including extractives of lime,1
including extractives of mustard seed,1
including fd & c: yellow #6,1
including fd&c yellow 6,1
including fd&c: yellow #6,1
including ginger,1
including hickory and mesquite smoke,1
including hickory smoke flavor,1
including jalapeno,1
including natural hickory smoke flavor,1
including natural toasted onion flavor,1
including natural wood smoke,1
including organic curry,1
including organic paprika,1
including organic paprika and organic turmeric,1
including paprika & red pepper,1
including paprika and mustard,1
including paprika and turmeric,1
including pepper,1
including red pepper and black pepper,1
including yellow 5 and yellow 6,1
including yellow 6,1
including yellow 6 and yellow 5,1
including yellows 5 & 6 and annatto extract,1
infused dried strawberries,1
infusion of garlic,1
ingredient: arborio rice,1
ingredient: lentils,1
ingredient: milled brown flaxseed,1
ingredients : eggplant,1
ingredients and contains: shrimp and water,1
ingredients chicken raised without antibiotics,1
ingredients consist of chocolate {sugar,1
ingredients consist of milk chocolate {sugar,1
ingredients crust: wheat flour,1
ingredients may vary with season,1
ingredients organic sprouted barley,1
ingredients*: filtered purified water,1
"ingredients, pork",1
ingredients: +eggs,1
ingredients: albacore tuna,1
ingredients: almond flour,1
ingredients: atlantic cod,1
ingredients: beef stock,1
ingredients: black bean patty: hydrated textured soy protein concentrate,1
ingredients: bleached enriched flour,1
ingredients: cane sugar syrup,1
ingredients: canola oil. extra virgin olive oil. canola oil from canada,1
ingredients: chicken and chicken broth,1
ingredients: chicken meat and natural chicken juices,1
ingredients: coho salmon fillets,1
ingredients: concord grape juice,1
ingredients: concord grapes,1
ingredients: cooked boneless pork sirloin,1
ingredients: cooked organic whole grain millet,1
ingredients: cooked shrimp and natural shrimp stock,1
ingredients: corn,1
ingredients: corn flour,1
ingredients: cream,1
ingredients: cultured lowfat milk,1
ingredients: distilled vinegar,1
ingredients: durum flour,1
ingredients: eco-farmed brown rice,1
ingredients: enriched bleached wheat flour,1
ingredients: enriched flour . water. shortening,1
ingredients: enriched macaroni product,1
ingredients: enriched pasta,1
ingredients: filling,1
ingredients: filling: apples,1
ingredients: filtered water,1
ingredients: gluten-free oats,1
ingredients: grade a milk,1
ingredients: grade a pasteurized whole milk,1
ingredients: graham flour,1
ingredients: grape juice,1
ingredients: green peas,1
ingredients: ham,1
ingredients: herring,1
ingredients: high fructose corn syrup,1
ingredients: hot peppers,1
ingredients: ice cream: milk,1
ingredients: king's hawaiian big island burger bun,1
ingredients: lentils,1
ingredients: lettuce,1
ingredients: light tuna,1
ingredients: maltodextrin,1
ingredients: mangos,1
ingredients: mechanically,1
ingredients: milled corn,1
ingredients: milled flaxseed,1
ingredients: minced shrimp,1
ingredients: organic almond milk,1
ingredients: organic carrots,1
ingredients: organic date paste,1
ingredients: organic grassfed beef,1
ingredients: organic honey,1
ingredients: organic quinoa,1
ingredients: organic red quinoa,1
ingredients: organic sorghum grain meal,1
ingredients: organic whole grain rolled oats,1
ingredients: panko bread crumbs,1
ingredients: pasteurized goat's milk,1
ingredients: pasteurized milk and cream,1
ingredients: pasteurized part-skim milk,1
ingredients: pearled barley,1
ingredients: pie shell,1
ingredients: pineapple and pineapple juice,1
ingredients: pineapple juice,1
ingredients: pink salmon,1
ingredients: pink salmon water,1
ingredients: pork water,1
ingredients: prepared chickpeas,1
ingredients: pure filtered water,1
ingredients: red lentil flour,1
ingredients: red potatoes,1
ingredients: rice vinegar,1
ingredients: rye flour,1
ingredients: skim milk,1
ingredients: sunflower kernels,1
ingredients: tomato paste,1
ingredients: tortilla: enriched wheat flour,1
ingredients: tuna,1
ingredients: turkey and natural turkey juices,1
ingredients: walnuts,1
ingredients: water high fructose corn syrup,1
ingredients: white chia seed,1
ingredients: white tuna,1
ingredients: white tuna. water. tuna oil,1
ingredients: white turkey,1
ingredients: whole milk,1
ingredients: wild cod,1
ingredients:avocado leaves,1
ingredients:soybean oil,1
ins-503 e-503,1
ins471,1
ins551,1
inshell sunflower seeds,1
interesterified and hydrogenate soybean oils,1
interesterified palm kernel oil,1
interesterified soybean oil and / or palm oil,1
interesterified soybean oil and/or soybean oil and/or canola oil,1
interesterified soybean oil salt,1
interesteritied soybean oil,1
inulin prebiotic fiber,1
inulin*,1
inulin^,1
invert cane sugar,1
invert sugar contains or less of corn flour,1
invert sugar corn syrup,1
invert sugar whey protein concentrate baking powder,1
iodiozed salt.),1
iodised salt,1
iodized,1
iodized salt and artificial flavoring,1
iron and folic acid,1
iron and zinc,1
iron and zinc oxide,1
iron ferric orthophosphate),1
iron ferrous sulfate,1
iron fructose corn syrup,1
iron thiamin mononitrate,1
iron thiamine mononitrate,1
iron vitamin e,1
iron {ferrous sulfate},1
iron {reduced},1
irun,1
isolated oat product,1
isomalto-oligosaccharides*,1
italian herb dressing,1
italian parsley,1
italian plum tomatoes from italy's san marzano region,1
italian seasoning,1
italian spices,1
italian style bread crumbs,1
italian whole peeled tomatoes,1
italy,1
jack daniel's tennessee whiskey,1
jalapeno chilis,1
jalapeno juice,1
jalapeno paste,1
jalapeno pepper seaweed,1
jalapeno powder*,1
jalapeno seasoning,1
jalapeno soupeis peppers,1
jalapeo,1
jalapeo pepper powder,1
jalapeos,1
jalepena contains goat milk,1
japanese cucumber,1
japanese horseradish,1
jarlsberg cheese,1
jasmati rice,1
jasmine tea*,1
jelly,1
jicama juice concentrate,1
juice from *watermelon,1
juice from ripe,1
juice ingredients: pineapple juice from concentrate,1
"juice, honey butter cornbread crisps: enriched wheat flour",1
just jack cheese,1
kaffir lime,1
kaffir lime leaf,1
kaffir lime peel,1
kaffir limes leaves,1
kaiser: unbleached enriched wheat flour . riboflavin vitamin b2),1
kalamata olive*,1
kale chips,1
kale green pepper,1
kale juice,1
kale pesto paste,1
kale powder,1
kale powder*,1
kalonji,1
kashi pilaf,1
kashi seven whole grains and sesame flour,1
kashmiri red chili powder,1
kashmiri red chilli powder,1
katsuwonus pelamis,1
kebogl thiamine mononitrate,1
kefir,1
kelp extract powder,1
kernel paste,1
kernel sunflower seeds,1
kesar mango pulp,1
keta,1
keta and/or pink salmon,1
keta salmon,1
ketchup,1
"ketchup , horseradish , sugar , vinegar , tabasco sauce",1
key lime juice concentrate & less than 1/10 of sodium benzoate,1
kidney beans water,1
kidney beans. water,1
kimchee,1
kimchee rice stick noodles,1
king salmon,1
kirsch,1
kirsch brandy,1
knippa cucumber puree and natural cucumber flavoring,1
knot,1
knot: enriched wheat flour,1
kobe beef,1
koji aspergillus oryzae,1
koji culture,1
koji spores,1
koji starter mustard powder,1
kombu,1
kombu extract,1
kombu powder,1
konjac flour and calcium hydrochloride,1
konjac flour spinach powder and calcium hydroxide,1
konjac root flour,1
korean bbq sauce,1
korean ginseng extract,1
korean kobe bbq beef,1
kosen,1
kosher for passover quinoa,1
kosher gelatin. contains live and active cultures: s. thermophilus,1
kosher geltain,1
kosher salt red pepper flakes,1
l rhamnosus,1
l-ascorbic acid,1
l-carnitine l-tartrate,1
l-carnitine tartrate,1
l-cysteine hcl,1
l-cysteine hydrochloride. wash: water,1
l-cysteine mono- hydrochloride,1
l-cysteine],1
l-cystenie,1
l-histidine,1
l-leucine,1
l-lysine,1
l-methionine,1
l-phenylalanine,1
l-threonine. l-isoleucine,1
l-valine,1
l. acidophilus and bifidobacterium,1
l. acidophilus and l. casei,1
l. acidophilus and l. casei cultures,1
l. bulgaricus b-30892 and s. thermophilus,1
l. delbrueckii,1
l. rhamnosus. l. casei,1
l.casei lacidophilus,1
l.rhamnosus,1
l.yogurtii,1
labels-advantage new mar. . salt coloring flavorina natural propylene & artificial flavors elycol,1
lacidophilus s. thermophilus,1
lacinato kale,1
lactase*,1
lactato de calcio,1
lactic,1
lactic & citric acid,1
lactic acid and natural flavor. pretzels: unbleached enriched wheat flour,1
lactic acid bacteria,1
lactic acid cultures,1
lactic acid malic acid,1
lactic acid),1
lactic acid. ct3995,1
lactic and citric acid,1
lactic culture,1
lactic starter,1
lactobacillus paracase,1
lactose and casein,1
lactose milk,1
lactylate,1
lamb bones,1
lamb casings. cheddar cheese curd made from milk,1
lamb flanks,1
lamb sausage,1
lamb vindaloo - onions,1
landshark lager beer,1
lard . soybean oil,1
lard with bht as an antioxidant,1
large lima beans,1
lasagna,1
"lasagna shoots (enriched semolina flour , parmesan cheese , eggs , basil, garlic, thyme, black pepper",1
lass than of: almonds,1
latic acid,1
lauric arginate,1
lavendar flowers,1
lb rhamnosus,1
lcysteine,1
lcysteine. calcium sulfate,1
leaf lettuces,1
lean ground beef,1
leavenin,1
"leavening (ammonium bicarbonate, sodium bicarbonate, honey, salt, artificial flavours and emulsifier of vegetable origin (di-acetyl tartaric acid esters of mono and di-glycerides]",1
"leavening (baking soda, calcium phosphate, high fructose corn syrup, sodium sulfite, soy lecithin, natural flavor",1
leavening . contains or less of: modified corn starch,1
leavening . dextrose,1
leavening . sauce: water,1
leavening agent citric acid and artificial color fd&c yellow no.5 and fd&c red no.40,1
leavening agent: e450,1
leavening agents cream of tartar,1
leavening baking soda,1
leavening iodized salt,1
leavening potassium sorbate fumaric acid,1
leavening soy lecithin,1
leavening {baking soda,1
leavening {sodium bicarbonate,1
leavening {yeast,1
lecathin,1
leche descremada,1
lecithin . natural flavor,1
"lecithin : natural flavor and artificial flavor, salt, artificial color , tocopherols",1
lecitin,1
leek extracts,1
leek juice,1
legithin,1
legumes in varying proportion,1
legvening,1
lemon and lime oils and sugar,1
lemon and pepper seasoning,1
lemon and salt added,1
lemon cilantro vinaigrette,1
lemon essential oil,1
lemon grass,1
lemon juice . natural flavors,1
lemon juice and natural flavors,1
lemon juice concentrate & natural flavor,1
lemon juice concentrate and xanthan gum,1
lemon juice concentrate natural flavor,1
lemon juice concentrate xanthan gum,1
lemon juice concentrate. carrots,1
lemon juice concentrate. tzatziki sauce: greek yogurt,1
lemon juice concentrate. tzatziki sauce: water,1
lemon juice mix,1
lemon juice mix . extra virgin olive oil,1
lemon juice natural strength,1
lemon juice puree concentrate,1
lemon juice white wine vinegar,1
lemon juice**,1
lemon juice. salt. black pepper,1
lemon oil & fd&c yellow no. 5 lake,1
lemon oil natural and artificial flavors,1
lemon oil. crust: enriched wheat flour,1
lemon oil},1
lemon peel*,1
lemon peels,1
lemon pepper seasoning,1
lemon pulp. strawberry puree,1
lemon vinaigrette dressing,1
lemon yellow color,1
lemongrass flavor,1
lentil,1
lentil & garbanzo,1
lentil protein,1
lentils mix,1
lentils salt,1
less than - butter,1
less than - coconut oil,1
less than - cor syrup,1
less than - dextrose,1
less than - lactose,1
less than 1/10 of of potassium sorbate to extend freshness,1
less than 1/10 of potassium sorbate as a preservative and nisin,1
less than 1/10 or,1
less than 1/10th of potassium sorbate and sodium benzoate,1
less than 1/10th of sodium benzoate,1
less than 1/10th of sodium benzoate and potassium sorbate,1
less than 2 percent of: salt,1
less than : fructo-oligosaccharides *,1
less than : fructooligosaccharides *,1
less than : garlic,1
less than : salt,1
less than : spices,1
less than apo carotenal,1
less than citric acid,1
less than cream,1
less than gum acacia,1
less than malic acid,1
less than of *apple cider vinegar,1
less than of artificial coloring,1
less than of basil,1
less than of carrageenan,1
less than of cocoa,1
less than of dairy product solids,1
less than of dextrose,1
less than of dried bell pepper,1
less than of dried garlic,1
less than of dried onion,1
less than of dried red pepper,1
less than of each of the following: chinese parsley,1
less than of each of the following: palm oil,1
less than of each of the following: sugar,1
less than of each of the following: yeast,1
less than of each of the following: yogurt powder,1
less than of each: salt,1
less than of guar gum,1
less than of malic acid,1
less than of natural flavors and mineral blend,1
less than of organic garlic,1
less than of potassium lactate,1
less than of potassium sorbate,1
less than of roasted almonds,1
less than of shellac,1
less than of spice,1
less than of strawberry puree,1
less than of tempeh culture . *apple cider vinegar,1
less than of the following: artificial and natural flavors,1
less than of the following: cider vinegar,1
less than of the following: hydrolyzed protein,1
less than of the following: modified corn starch,1
less than of the following: natural flavor,1
less than of the following: propionic acid,1
less than of the following: sea salt,1
less than of the following: spices,1
less than of the following: yogurt powder,1
less than of tomato paste,1
less than of water,1
less than of: artificial flavor,1
less than of: artificial flavors,1
less than of: banana puree,1
less than of: beef fat,1
less than of: black pepper,1
less than of: buttermilk powder,1
less than of: calcium and potassium blend,1
less than of: canola oil,1
less than of: cilantro,1
less than of: cinnamon,1
less than of: citric acid,1
less than of: citric acid*,1
less than of: concentrated apple juice,1
less than of: confectioner's glaze,1
less than of: cooked wild rice,1
less than of: dextrose,1
less than of: dried blueberries,1
less than of: flaxseed oil,1
less than of: food starch-modified,1
less than of: invert sugar,1
less than of: lemon juice concentrate,1
less than of: lime and lemon pulp,1
less than of: natural and artificial flavor,1
less than of: natural and artificial flavors,1
less than of: natural onion flavoring,1
less than of: nonfat dry milk,1
less than of: nonfat dry milk organic corn starch,1
less than of: organic dehydrated onion,1
less than of: organic dextrose,1
less than of: organic maple syrup,1
less than of: organic sugar,1
less than of: palm and palm kernel oil,1
less than of: palm oil,1
less than of: pear and apple juices from concentrate,1
less than of: potassium citrate,1
less than of: potassium lactate,1
less than of: potato protein,1
less than of: raspberries,1
less than of: rendered chicken fat,1
less than of: sea salt,1
less than of: sodium bicarbonate,1
less than of: soybean oil,1
less than of: textured vegetable protein,1
less than of: turbinado sugar,1
less than of: unbleached enriched flour,1
less than of: whey,1
less than of: whole grain black quinoa*,1
less than palm oil,1
less than silicon dioxide and calcium silicate,1
less than silicon dioxide to prevent caking,1
less than silicone dioxide as anticaking agent,1
less than sodium silicoalluminate,1
less than sodium silicoaluminate,1
less than spices,1
less than sugar,1
less than sunflower oil,1
less than tricalcium phosphate,1
less than tumric,1
less than two percent of butterfat,1
less that : spices,1
less that of: honey,1
levadura,1
levain,1
licorice extract,1
licorice extracts,1
light amber honey,1
light brown sugar - domino,1
light chili powder,1
light english walnuts,1
light mayonnaise,1
light olive oil,1
light soy sauce,1
light tuna in water,1
lightly breaded cod fillets ingredients: cod,1
lime & orange,1
lime concentrate,1
lime fruit pulp,1
lime juice concentrates,1
lime juice from concentrate,1
lime juice from concentrate 1/35 of sodium benzoate . and lime oil,1
lime juice powder*,1
lime oil*,1
lime peel,1
linaza,1
line-caught albacore tuna,1
ling,1
linguine pasta,1
linseed,1
linseeds,1
linum usitatissimum l,1
lions mane mushroom,1
lipolyzed butter fat,1
lipolyzed cream,1
lipolyzed milkfat,1
liquid,1
liquid aminos,1
liquid glucose,1
liquid invert sugar,1
liquid margarine,1
liquid sucralose,1
liquid sucrose,1
liquid vegetable oil,1
liquid whole eggs. filling ingredients: ricotta cheese,1
liquid yolk,1
little gem lettuce hearts,1
live & active cultures . fruit preparation: sugar,1
live active cultures: s. thermophilus,1
live active yogurt cultures including l. acidophilus and bifidobacterium,1
live and active cultures: s. themophilus,1
live and active yogurt cultures,1
live yogurt cultures,1
loaded potato salad with bacon,1
lobster and cod},1
lobster base,1
locust beam gum carrageenan,1
locust bean and guar gums,1
locust bean gum and carrageenan,1
locust bean gum and guar gum {stabilizers},1
lolla rosa lettuce,1
lolla rosa*,1
lollo rossa lettuce,1
long grain,1
long grain and wild rice,1
long grain enriched parboiled white rice,1
long grain jasmine rice,1
long grain milled rice,1
"long grain rice [rice, niacin, non , thiamin mononitrate thiamin), folic acid, soybean oil . water, green onions, seasoning blend , vinegar. made with natural hog casing",1
long grain rice enriched with iron,1
long grain rice flour,1
long grain white rice enriched with ferric phosphate,1
long grain white rice flour,1
lot:060323gp production date: expiration date,1
lotus root powder,1
louisiana cane vinegar,1
lovage,1
low fat dry milk,1
low fat ice cream . sherbet,1
low fat plain cultured pasteurized grade a low fat milk and nonfat milk solids,1
low moisture part skim mozzarella cheese food starch,1
low moisture whole milk mozzarella cheese,1
low sodium gluten free tamari soy sauce,1
low sodium sea salt,1
low-fat greek yogurt,1
low-moisture part-skim mozzarella cheese and asiago cheese blend with garlic,1
lowfat milk,1
lowfat milk. vitamin a palmitate,1
"lowfat vanilla yogurt blueberries strawberries granola (whole rolled oats, cane sugar mixed fruit juice [pineapple, pear peach pectin) vitamin e , natural flavors)",1
lupin flour,1
lysozyme},1
m butter,1
m&m's fun size peanut butter chocolate candies - milk chocolate,1
m&m's fun size peanut chocolate candies - milk chocolate,1
maca powder*,1
macadamia nut oil,1
macadamia oil blend,1
macaroon paste,1
"mace, in a natural lamb casing",1
mackerel fillets,1
made from bananas,1
made from cow's milk,1
made from cultured pasteurized milk,1
made from fresh cucumbers,1
made from meat fats and vegetable oils with bha propyl gallate,1
made from non-genetically modified corn,1
made from palm oil and soybean oil with mono- and di- glycerides and polysorbate 60 added. tbhq and citric acid added to help protect flavor,1
made from partially hydrogenated soybean oil,1
made from pasteurized sheep's milk,1
made from sheep milk,1
made from sheep's and cow's milk,1
made from soft red winter wheat flour,1
made from strawberries,1
made from sugar,1
made from: whole wheat flour,1
made of turkey fat and tapioca starch,1
made with carefully chosen ingredients: chicken stock,1
madeira wine,1
magnesium carbonate. sauce: frech vine-ripeed california tomatoes,1
magnesium chloride hexahydrate,1
magnesium citrate,1
magnesium salts of fatty acids,1
maicena modificada,1
maintain freshness,1
maintains ffeshness,1
maintains natural color,1
maitake mushrooms,1
maize starch,1
malic ac.d,1
malic acid and natural hardwood smoke,1
malic acid and sucralose,1
malic aicd,1
malic aid,1
malic and citric acids,1
maliitol,1
malititol,1
malred barley flour,1
malrodextrin,1
malt ball centers,1
malt flavor. vitamins and minerals: iron,1
malt flavor. vitamins and minerals: iron . niacinamide,1
malt flavoring,1
malt syrup and yeast,1
malt vinegar,1
malted barley and folic acid,1
malted barley flour added as enzyme additive,1
malted barley flour iron,1
malted barley flour niacin,1
malted barley flour niacin reduced iron,1
malted barley flour. niacin,1
malted barley four,1
malted barley syrup. vitamins & minerals: vitamin c,1
malted barley tour,1
malted corn & barley,1
malted milk powder,1
malto dextrin,1
maltodextin & honey,1
maltodextr'n,1
maltodextrin and ascorbic acid,1
maltodextrin and citric acid,1
maltodextrin and cultured dextrose,1
maltodextrin and nectame,1
maltodextrin and salt,1
maltodextrin milk lactose,1
maltodextrin salt,1
maltodextrin silicon dioxide,1
maltodextrin**,1
maltodextrin*+,1
"maltodextrin, contains less than of: malic acid",1
"maltodextrin, xanthan and guar gum , black pepper",1
maltodextrin. contains or less of,1
maltodextrin. filling: spinach,1
maltodextrin. vitamins and minerals: calcium sulfate,1
maltodextrinj,1
maltodextrn,1
malttodextrin,1
mandarin orange segments,1
manganese gluconate,1
manganese sulfate,1
mango - mexico,1
mango - white chia seeds,1
mango and cane sugar,1
mango blend,1
mango chipotle powder,1
mango chutney,1
mango concentrate,1
mango extract,1
mango juice from concentrate ),1
mango natural flavor,1
mango nectar made from mango puree. water,1
mango pickles,1
mango powder. rice - water,1
mango pure,1
mango puree concentrate pectin,1
mango puree natural & artificial flavor,1
mango puree*,1
mango slices,1
mango*,1
manioc starch,1
maple flakes,1
"margarine (palm oil, water, soybean oil, salt, soy lecithin, natural flavor, beta carotene , vitamin a palmitate added",1
margarine . contains less than of the following: water,1
margarine and sugar. contains less than of salt,1
margarine avegetable oil,1
marinara,1
marinara seasoning,1
marinated artichoke,1
marinated artichokes,1
marsala sauce,1
marsala wine reduction,1
masa seasoning,1
mascarpone,1
mascarpone cheese,1
"mashed granules (potatoes, calcium stearoyl lactylate, monoglycerides, preservatives , flour, spinach, onion, soy oil, salt, pepper",1
mastard,1
matcha,1
matur flavors,1
matural flavors,1
maui onion powder,1
maximum added as a flow agent,1
may also contain sugar,1
may contain annatto,1
may contain apple malic acid or citric acid,1
may contain ascorbic acid,1
may contain ascorbic eggs,1
may contain canola sunflower,1
may contain dextrose,1
may contain lake colors,1
may contain natural smoke flavoring,1
may contain nut shell fragments,1
may contain one or more of the following corn,1
may contain one or more of the following: cottonseed oil,1
may contain one or more of the following: mono- and diglycerides,1
may contain one or more of the following: sodium stearoyl lactylate,1
may contain one or more of the following: soybean,1
may contain one or more of: carob bean gum,1
may contain or less of sea salt,1
may contain or less of: sea salt,1
may contain pits,1
may contain sodium phosphate,1
may contain some or all of the following baby whole leaf varieties: green leaf,1
may contain some or all of the following baby whole leaf varieties: green leaf lettuce,1
may contain some or all of the following baby whole leaf varieties: green leaf mizuna,1
may contain some or all of the following: organic baby red romaine,1
may contain soy,1
may contain soy or sesame seeds. vegetable gum,1
may contain soybean and/or palm oils,1
may contain soybean or palm oil,1
may contain sunflower oil and silicon dioxide as processing aids,1
may contain trace amounts of wheat,1
may contain water,1
may contain wheat,1
mayo coba beans,1
"mayonnaise (soybean, oil, egg yolks, vinegar water, sugar, salt, spices natural flavor, celery, cracker meal water onions, lemon juice , natural flavors, nisin , salt, xanthan gum, citric acid",1
mayonnaise . celery light mayonnaise,1
mayonnaise . onion,1
mayonnaise soybean oil,1
mayonnaise soybean oil water,1
mayonnalse soybean oil,1
mayonniase,1
mct oil-c8/c10,1
meal,1
meat and skins,1
meat ingredients,1
meat portion . batter and predust . breading,1
mechan ally separated chicken,1
mechanically hulled sesame seeds,1
mechanically pressed organic sunflower oil,1
mechanically pressed refined canola oil and organic refined coconut oil,1
mechanically pressed refined organic coconut oil,1
mechanically separated chicken beans,1
mechanically separated turkey turkey,1
mechanically separated turkey water,1
mechanically seperated turkey,1
mediterranean sea salt,1
medium chain triglyceride,1
medium chain triglycerides dried mushroom,1
medium grain rice flour,1
medium grain white rice,1
medium rye flour,1
medium-chain triglycerides,1
melted barley flour,1
mentha spicata l,1
merlot wine,1
mescuite smoke flavor,1
"mesquite smoke flavor, rosemary extract",1
methyl & propyl parabens,1
methyl and propyl parabens,1
methyl and propylparabens,1
methyl paraben,1
methyl paraben and propyl paraben added to preserve freshness,1
methyl paraben dextrose,1
methylparaben,1
methylparaben as preservative,1
mexican chili powder,1
mexican rice,1
mexico and/or usa,1
michigan beet sugar,1
microbial enzymes. spread: vegetable oil blend,1
microbial rennet},1
microcrystalline cellulose and dicalcium phosphate,1
mild chili pepper and spices,1
mild chili pepper and spices yogurt sauce: pasteurized yogurt,1
milk & cream,1
milk and cultures,1
milk bacterial culture,1
milk candy,1
"milk chocolate (sugar, cocoa butter, milk, chocolate liquor, soy lecithin and artificial flavor almonds, gum arabic, corn syrup, sugar, and certified confectioners glaze",1
"milk chocolate (sugar, milk, chocolate, cocoa butter, lactose, milk fat, soy lecithin, pgpr, emulsifier, vanillin, artificial flavor",1
"milk chocolate (sugar, milk, chocolate, cocoa butter, milk fat, lecithin , natural flavor]",1
"milk chocolate (sugar, whole milk powder, cocoa butter, unsweetened chocolate, soy lecithin (emulsifier], vanillin ground almonds",1
milk chocolate - minimum cocoa solids,1
milk chocolate . contains: milk and soy. may contain wheat,1
milk chocolate almonds,1
milk chocolate and vegetable fat coating . fondant filling,1
milk chocolate cashews,1
milk chocolate confectionery coating,1
milk chocolate egg shell made with cadbury dairy milkingredients: milk**,1
milk chocolate liquor,1
milk chocolate sugar,1
milk chocolate },1
milk chocolate*,1
milk cream powder,1
milk culture,1
milk from cows cultured milk enzymes salt,1
milk ingredients,1
milk or milk powder,1
milk protein concentrate and/or nonfat milk,1
milk protein concentrate*,1
"milk protein concentrate, less than of the following: cocoa powder",1
milk protein isolates,1
milk salt,1
milk solids minimum,1
milk starter culture,1
milk sugar,1
milk sugar and proteins,1
milk thistle extract,1
milk with 400 i.u. of vitamin d3 added per quart,1
milk with vitamin d,1
milk with vitamin d added,1
milk. vitamin a palmitate,1
milk. whey protein isolate. contains less than of soy lecithin,1
milled basmati rice,1
milled flax seed,1
milled golden flax seeds,1
milled golden linseed,1
milled oats,1
milled thai jasmine rice,1
millet and kamut,1
millet grain,1
millet*,1
millk,1
min. milkfat,1
mince garlic,1
minced alaska pollock,1
minced and sliced,1
minced dehydrated onion,1
minced garlic in oil,1
minced lemon,1
minced lobster meat,1
minced pollack,1
minced pollock,1
minced shrimp meat,1
minerals,1
mini marshmallows,1
mini pretzel twists . less than of high oleic canola oil and/or soybean oil,1
mini pretzels,1
minimum milk solids,1
mint leaves,1
mint salt,1
mint* dressing: extra virgin olive oil*,1
mirepoix base,1
mirepoix puree blend,1
mirepoix stock,1
"mirepoix vegetable base (cooked vegetables [carrot, onion and celery), salt, sugar, corn oil, potato flour and carrot powder), sea salt, garlic powder, sugar, spice",1
mirin wine {sake,1
mirin {corn syrup,1
miso paste,1
miso powder,1
mississippi white rice,1
mix,1
mix . sugar . high oleic soybean water. shortening interesterified . bananas. peanuts. soybean oil ow hydrogenated cottonseed oil,1
mixe cheeses,1
mixed berry with acai - white chia seeds,1
mixed ne alorias a tocopherol } vitamin a and beta-carotene for color,1
mixed sweeteners,1
mixed tocopherol,1
mixed tocopherols . vitamins & minerals: vitamin c,1
mixed tocopherols . vitamins and minerals: reduced iron,1
mixed tocopherols . vitamins and minerals: sodium ascorbate,1
mixed tocopherols added to preserve freshness. vitamins and minerals: calcium carbonate,1
mixed tocopherols added to preserve freshness.vitamins and minerals: feric orthophosphate,1
mixed tocopherols and natural flavors,1
mixed tocopherols and rosemary extract,1
mixed tocopherols preservative,1
moce,1
modi- fied cornstarch,1
modifed food starch,1
modified,1
modified & unmodified corn starch,1
modified butter oil and dehydrated butter,1
modified cellolose gum,1
modified corn and tapioca starch,1
modified corn and tapioca strach,1
modified corn starch and beta carotene,1
modified corn starch. contains or less of calcium chloride,1
modified corn starch. contains or less of each of the following: partially hydrogenated soybean and/or cottonseed and/or canola oil,1
modified corn starch. contains or less of: mono and diglycerides,1
modified corn starch. maltodextrin,1
modified corn starch. xanthan gum,1
modified corn-starch,1
modified cornstarch. contains or less of calcium chloride,1
modified food starch red 40,1
modified food starch {tapioca},1
"modified food starch""",1
modified food starch+,1
modified food starch. contains less than of: onions,1
modified food starch. contains less than of: soybean oil,1
modified food starch. mozzarella cheese blend: low moisture part-skim mozzarella cheese,1
modified food strach,1
modified maize and tapioca starch,1
modified palm canola oil,1
modified powered cellulose,1
modified soy protein,1
modified starch tapioca),1
modified strach contains or less of: salt,1
modified tapioca & corn starch,1
modified tapioca and corn starch,1
modified waxy corn starch,1
modified waxy maize starch,1
modified whey. contains or less of: yeast extract,1
modify corn starch contains or less of mono diglycerides,1
molasses and monoglycerides,1
molasses corn syrup,1
molasses crystals,1
molasses monoglycerides,1
molasses powder {refinery syrup,1
molasses),1
molasses**,1
molasses. contains: peanuts,1
molasses. vitamins & minerals: calcium carbonate,1
molasses. vitamins & minerals: calcium carbonate),1
molasses. vitamins and minerals: calcium carbonate,1
molasses},1
mollusks,1
moloasses tabenero,1
molt extract,1
momocalcium phosphate,1
monglycerides,1
monk fruit extract. xanthan gum,1
monksweet sweetener,1
mono & diglyceride,1
mono & diglycerides and sodium silicoaluminate,1
mono & diglycerides locust bean gum,1
mono & diglycerides of fatty acids & mono & diacetyl tartaric acid esters of mono & diglycerides of fatty acids,1
mono &diglycerides,1
mono and di glycerides,1
mono and di glycerides of fatty acids,1
mono and diesters of fatty acids,1
mono and diglyceride,1
mono and diglycerides and sodium propionate,1
mono and diglycerides with ascorbic acid and citric acid,1
mono and diglycerides*,1
mono and diglycerides* and pgpr*,1
mono- and di- glycerides,1
mono- and di-glycerides,1
mono- and diglycerdies soy lecithin,1
mono- and diglycerides -apo-8'-carotenal,1
mono- and diglycerides natural and artificial flavor. propylene glycol mono- and diesters of fatty acids,1
mono- and diglycerides of fatty acids and potassium sorbate,1
mono- and diglycerides preservatives,1
mono- and diglycerides*,1
mono- calcium phosphate,1
mono-and diglycerides annatto,1
mono-and diglycerides antioxidants,1
mono-and diglycerides*,1
mono-and diglycerieds,1
mono-and puree . corn . corn syrup. flavor . flavor . vanilla fd&c yellow wo),1
mono-calcium phosphate,1
mono-digly-cerides,1
mono-sodium glutamate,1
monoand diglycerides of fatty acids,1
monocalcium,1
monocalcium 9 phosphate,1
monocalcium phosophate,1
monocalcium phosphate acidic with aluminum sulfate,1
monocalcium phosphate and or sodium acid pyrophosphate,1
monocalcium phosphate and/or sodium acid pyrophosphate,1
monocalcium phosphate ins-341 e-341,1
monocalcium phosphate),1
monocalcium phosphate*,1
monocalcium phosphates,1
monocalcium phosphate},1
monocalcium water,1
monoglycerices,1
monoglyceride with citric acid,1
monoglycerides and diglycerides of fatty acids,1
monoglycerides and.or diglycerides,1
monoglycerides and/or diglycerides,1
monoglycerides calcium sulfle soy leotain,1
monoglycerides potassium chloride salt,1
monoglycerides with ascorbic acid and citric acid,1
monoglycerides with citric acid and ascorbic acid,1
monoglycerides. enzymes,1
monoglycerides. natural flavors,1
mononitrate riboflavin,1
mononitrato de tiamina,1
monosodi-um glutamate,1
monosodium glutamate and chili,1
monosodium glutamate and disodium 5'-inosinate and disodium 5'-guanylate as flavor enhancers,1
monosodium glutamate onion powder,1
monosodium glutamate salt,1
monosodium glutamate. no artificial ingredients,1
monosodium glutimate,1
monosodium l -glutamate,1
monosodium monosodium glutamate,1
monostearate,1
monounsaturated sunflower oil,1
monster rehab energy blend: taurine,1
monterey jack and white cheddar cheeses,1
monterey jackand colby cheese blend,1
montereyjack cheese,1
monterrey jack cheese,1
morron pepper,1
mozzarella and asiago cheese blend with garlic,1
mozzarella cheese blend,1
mozzarella cheese parmesan cheese,1
mozzarella shredded cheese,1
mozzarella style cheese,1
mozzarella {milk,1
mozzerella cheese,1
msc salted anchovies anchovies,1
muffin,1
multi grain basic,1
multi-grain flour,1
mung bean,1
mung bean protein isolate,1
mung bean sprouts,1
mushroom base salt,1
mushroom extract *,1
mushroom extract powder,1
mushroom extracts,1
mushroom juice powder,1
mushroom powder extract,1
mushroom sauce,1
mushroom seasoning,1
mushroom soup base,1
mushroom stock,1
mushroom stock concentrate,1
mushrooms sauteed in canola oil,1
muskmelon,1
mustard and celery,1
mustard com flour spirulina,1
mustard corn flour,1
mustard cream,1
mustard extract,1
mustard flour phosphoric acid*,1
mustard flour*,1
mustard oil),1
mustard sauce,1
mustard seed oil,1
mustard seed. salt,1
mustard {distilled vinegar,1
mustard {mustard seed,1
mustard. paprika,1
mustard. potassium lactate,1
mustardflour,1
n/a vanilla flavor,1
naicin,1
nappa cabbage,1
nat cucumber flavor,1
nata max,1
natamycin *,1
"natamycin , croutons: enriched wheat flour",1
natamycin . pretzels: enriched wheat flour,1
native,1
native corn starch,1
native starch,1
natrual flavor,1
natural & artificial . ascorbic acid,1
natural & artificial butter flavor,1
natural & artificial butter flavour,1
natural & artificial flavors citric acid,1
natural & artificial grape flavor,1
natural & artificial ham type flavor,1
natural & artificial vanilla flavor,1
natural &artificial flavors,1
natural acidifier,1
natural alderwood smoke,1
natural almond extract,1
natural almond flavor. vitamin e added to preserve freshness vitamins and minerals: calcium carbonate,1
natural almonds,1
natural and artifial flavors,1
natural and artifical flavors,1
natural and artificial banana flavor,1
natural and artificial beer flavor,1
natural and artificial butter flavors,1
natural and artificial color,1
natural and artificial color & flavor,1
natural and artificial flavor and donut sugar,1
natural and artificial flavor blue 2 lake,1
natural and artificial flavor polishing wax,1
natural and artificial flavor potassium benzoate,1
natural and artificial flavor sodium benzoate as a preservative,1
natural and artificial flavor with bht,1
natural and artificial flavor. cellulose gel,1
natural and artificial flavor. reduced iron,1
natural and artificial flavor. sodium benzoate,1
natural and artificial flavors & colors,1
natural and artificial flavors and colors,1
natural and artificial flavors and red #40,1
natural and artificial flavors glyceryl abietate,1
natural and artificial flavors shellac,1
natural and artificial flavors sucralose,1
natural and artificial flavors {hydrolyzed soy protein,1
natural and artificial flavors {with artificial color},1
"natural and artificial flavour (contains milk0, black pepper seasoning, colour",1
natural and artificial garlic flavor,1
natural and artificial grape flavor,1
natural and artificial lobster and shrimp flavors,1
natural and artificial maple flavor,1
natural and artificial pineapple flavor,1
natural and artificial pineapple flavors,1
natural and artificial vanilla,1
natural and artificial vanilla flavor. crust: graham crumb,1
natural and silicon dioxide following: corn starch,1
natural and unrefined coconut oil,1
natural and/or artificial color,1
natural and/or artificial flavors,1
natural antioxidant,1
natural apple flavor,1
natural apple juice not less than %50,1
natural arborio rice,1
natural aroma,1
natural banana cream flavor,1
natural beef grill flavoring {from beef fat},1
natural beef patty: beef,1
natural beer flavor,1
natural blueberry flavor and tapioca starch,1
natural bone broth,1
natural caffeine,1
natural caffeine from green coffee bean,1
natural caffeine from tea,1
natural cane juice,1
natural caramel flavor,1
natural carrot extractives,1
natural casing derived from the lamb,1
natural celery extract,1
natural celery extract nisin,1
natural cheddar cheese powder,1
natural cheddar flavor,1
natural chia seeds,1
natural chicken stock,1
"natural cinnamon yogurt coating (sugar, vegetable oils [palm kernel, palm), whey. yogurt powder soy lecithin , salt, cinnamon, and vanilla) pretzels",1
natural citrus flavor,1
natural cocoa,1
natural coconut cream,1
natural coconut flavor,1
natural color - riboflavin,1
natural colorant,1
natural colorings,1
natural cooked butter type flavor,1
natural cooked italian sausage,1
natural cookies & cream flavor,1
natural corn starch,1
natural crab flavor {swimming crab,1
natural cream cheese flavor,1
natural cream soda flavor,1
natural cut pink salmon fillets,1
natural dark vanilla flavor,1
natural dill flavor,1
natural elderberry flavor,1
natural extract,1
natural extract of garlic,1
natural extractives of basil with canola oil,1
natural extractives of celery with natural flavor,1
natural extractives of chili peppers,1
natural extractives of garlic,1
natural extractives of paprika with mono- and diglycerides,1
natural extractives of sage,1
natural falvor,1
natural falvors,1
natural filtered hardwood smoke,1
natural flavor & garlic powder,1
natural flavor & natural identical flavor,1
natural flavor and citric acid,1
natural flavor and color . vitamins and minerals: calcium sulfate,1
natural flavor and less than 1/10th of potassium sorbate and sodium benzoate for freshness,1
natural flavor and less than tri-calcium phosphate added as an anti-caking agent,1
natural flavor and sodium bicarbonate,1
natural flavor and spices,1
natural flavor and sulfating agents,1
natural flavor and sulfating agents},1
natural flavor and tocopherols,1
natural flavor and turmeric oleoresin,1
natural flavor ascorbic acid,1
natural flavor calcium chloride,1
natural flavor carrot juice concentrate,1
natural flavor enhancer,1
natural flavor from non-meat sources,1
natural flavor from sunflower oil,1
natural flavor lactic acid,1
natural flavor sorbic acid and calcium disodium edta,1
natural flavor vitamin a acetate vitamin d3,1
"natural flavor""",1
natural flavor*. vitamin e added to preserve freshness,1
"natural flavor, spice, xanthan and guar gum",1
natural flavor. cheese culture,1
natural flavor. citrus extract,1
natural flavor. colored with fruit juice blueberry solids,1
natural flavor. contains or less of salt,1
natural flavor. dry yeast,1
natural flavor. freshness preserved with vitamin e . vitamins and minerals: reduced iron,1
natural flavor. icing: icing sugar,1
natural flavor. nonfat dry milk. whey,1
natural flavor. serving sauce: soy sauce,1
natural flavor. set in vegetable oil. bun: enriched bleached wheat flour,1
natural flavor. tocopherols to maintain freshness. vitamins and minerals: reduced iron,1
natural flavor. vegetable oil canola and/or soybean oil,1
natural flavor. vitamins & minerals: vitamin b1,1
natural flavor. vitamins and minerals: calcium carbonate,1
natural flavor. yellow 5,1
natural flavor: vanilla. cocoa minimum,1
natural flavoring and turmeric,1
natural flavoring spices,1
natural flavoring. vegetables: water chestnuts,1
natural flavors . breaded with: wheat flour,1
natural flavors and paprika,1
natural flavors and propellant,1
natural flavors and xanthan gum,1
natural flavors beef fat,1
natural flavors black pepper,1
natural flavors including roasted garlic,1
natural flavors including smoke,1
natural flavors rice concentrate,1
natural flavors with yeast extract,1
natural flavors {contains crab,1
natural flavors {crab extract},1
natural flavors),1
natural flavors. filling: broccoli,1
natural flavors. less than potassium sorbate added to preserve freshness. contains juice,1
natural flavors. vitamins and minerals: calcium carbonate,1
natural flavourings,1
natural flavourings. dusted with rice flour,1
natural food color and mango flavor,1
natural fried chicken skin flavor,1
natural fruit pectin,1
natural garlic flavor) colby jack cheese,1
natural garlic oil,1
natural garlic powder,1
natural gouda cheese flavor powder {maltodextrin,1
natural grain dextrin,1
natural green tea extract,1
natural guarana extract,1
natural gurande sea salt,1
natural hardwood smoke flavor,1
natural herbs and spices,1
natural hlavor,1
natural hog casing,1
natural honey,1
natural honey flavor,1
natural honey flavor and artificial butter flavor,1
natural jasmine flavor,1
natural lamb,1
natural lamb casing,1
natural lemon and strawberry flavors,1
natural lemon extract,1
natural lemon flavor wonf,1
natural lemon oil,1
natural liquid smoke,1
natural lobster flavoring*,1
natural malic acid,1
natural mango flavor with other natural flavorsj,1
natural mango flavors,1
natural maple flavor,1
natural mesquite smoke flavoring maltodextrin,1
natural mesquite smoke powder,1
natural milk flavor,1
natural mixed tocopherols,1
natural mold inhibitors,1
natural non-dairy butter flavor,1
natural oil blend,1
natural oleoresin paprika,1
natural orange color,1
natural orange extract,1
natural orange juice not less than %50,1
natural orange spice flavor,1
natural paprika extract,1
natural parve buttermilk flavor,1
natural peppermint oil,1
natural pineapple flavor,1
natural pineapple juice not less than %40,1
natural pineapple juice powder,1
natural pistachios,1
natural plant and vegetable extract,1
natural plant extracts,1
natural pork casings,1
natural pure drinking water,1
natural raw cashews,1
natural red color,1
natural romano cheese,1
natural romano cheese flavor,1
natural rosemary extract,1
natural scampi flavor,1
natural smoke applewood flavor,1
natural smoke flavor and caramel color,1
natural smoke flavor and citric acid,1
natural smoke flavor. pasteurized process american cheese: cultured milk,1
natural smoke powder,1
natural smoked,1
natural sour cream flavor,1
natural spearmint extract,1
natural spice flavors,1
natural spices. autolyzed yeast,1
natural spring water sour dough,1
natural stevia leaf extract,1
natural stevia leaf sweetener,1
natural tamari flavor,1
natural thickener,1
natural tocopherols,1
natural turkey flavors,1
natural turmeric extractives,1
natural turmeric flavor,1
natural vanilla extract),1
natural vanilla flavor potato starch,1
natural vanilla flavor with other natural flavors,1
natural vanilla flavoring. milk chocolate: cocoa solids minimum,1
natural vegetable stabilizers,1
natural vinegar,1
natural wasabi flavor,1
natural watermelon flavor with other natural flavors,1
natural waxes,1
natural wheat flavor,1
natural wheat starch,1
natural whey starter,1
natural whole grain oats,1
natural yeast extract,1
natural yellow color,1
natural yogurt,1
natural yogurt flavor,1
naturalflavor,1
naturally colored with red beet juice,1
naturally coming from raw materials,1
naturally derived citric acid from tomatoes,1
naturally fermented wheat and soybean,1
naturally wood smoked extra virgin olive oil,1
nature pineapple extract,1
nature valley granola whole grain oats,1
navy beans and barley,1
navy beans*,1
neotame xanthan gum,1
neotame. sweetened with nutritive and nonnutritive sweeteners,1
neufchatel cheese pasteurized milk and cream,1
neurhcatel cheese,1
new zealand lamb,1
niaciin. reduced iron,1
niacin as vit. b3,1
niacin potassium bromate,1
niacin reduced iron thiamin mononitrate,1
niacina,1
niacinamide vitamin b3),1
niagin,1
nicain,1
nicin,1
nisin and natural hardwood smoke,1
nisin prep,1
nisin preparation *,1
nisin preparation and spice,1
nisin preparation blend,1
nisin preparation preservative,1
nisin preparation},1
nixtamalized blue corn meal,1
nixtamalized corn dough,1
nixtamalized corn grain,1
nixtamalized corn meal,1
nixtamalized white corn flour and water,1
no added antibiotic or hormone* chicken breast,1
no artificial colors or flavors,1
no chlorofluorcarbons,1
no fat sour cream,1
no preservatives,1
no preservatives added,1
no preservatives or sugar added,1
no retard spoilage,1
no stabilizers,1
no sugar added tomato puree,1
non - gmo soy sauce,1
non chlorofluorocarbon,1
non dairy,1
non dairy creamer,1
non dairy lactic acid,1
non fat,1
non fat buttermilk,1
non fat greek yogurt,1
non fat sour cream,1
non gmo yogurt cultures,1
non hydrogenated,1
non hydrogenated coconut oil,1
non-aluminum baking powder sea salt,1
non-animal,1
non-animal enzymes,1
non-animal rennet,1
non-chlorofluorocarbon,1
non-chloroflurocarbon,1
non-fat dry milk . modified food starch,1
non-fat milk powder,1
non-fat yogurt powder,1
non-gm soybeans,1
non-gmo baking powder,1
non-gmo blueberries,1
non-gmo cane sugar,1
non-gmo canola,1
non-gmo chocolate creme filled cookies,1
non-gmo citric acid,1
non-gmo corn flour,1
non-gmo corn twists,1
non-gmo egg yolks,1
non-gmo expeller pressed safflower oil,1
non-gmo expeller-pressed canola oil,1
non-gmo expeller-pressed coconut oil and coconut oil mct,1
non-gmo gluten-free flour,1
non-gmo guar gum. filling: bst-free whole milk ricotta cheese,1
non-gmo honey,1
non-gmo lactic culture,1
non-gmo natural lemon flavor,1
non-gmo nutritional yeast,1
non-gmo organic rice milk,1
non-gmo palm fruit oil. contains less than of each of the following: non-gmo safflower oil,1
non-gmo potato and/or pea starch,1
non-gmo potato fiber,1
non-gmo powdered sugar,1
non-gmo soybean,1
non-gmo soybean gil,1
non-gmo soybean oil. wheat gluten,1
non-gmo sunflower seeds,1
non-gmo textured soy flour,1
non-gmo vanilla extract,1
non-gmo xanthan gum,1
non-hydrogenated coconut oil,1
non-hydrogenated palm kernel oil,1
non-hydrogenated refined coconut oil,1
non-hydrogenated vegetable oil shortening,1
non-irradiated herbs & spices and sea salt,1
none added},1
nonfat condensed milk,1
nonfat dried milk,1
nonfat dry milk & yogurt culture,1
nonfat dry milk and yogurt culture,1
nonfat dry milk caramel color,1
nonfat dry milk carrageenan,1
nonfat dry milk food starch-modified,1
nonfat dry milk fortified with vitamins a and d,1
nonfat dry milk tocopherol,1
nonfat dry milk yogurt culture,1
nonfat dry milk. contains less than of each of the following: color titanium dioxide,1
nonfat dry milk. dipotassium phosphate,1
nonfat dry milksalt sodium aluminium phosphate,1
nonfat drymilk,1
nonfat greek yogurt,1
nonfat milk and lactic acid,1
nonfat milk and milkfat,1
nonfat milk lactose,1
nonfat milk solids and vanilla. contains active yogurt cultures l. bulgaricus,1
nonfat milk whey,1
"nonfat milk, corn syrup solids, whey , lactose , contains or less of: milk, cornstarch",1
"nonfat milk, less than of: vitamins and minerals",1
nonfat milk],1
nonfat ultra-filtered milk,1
nonfat yogurt powder . titanium dioxide,1
nonfat yogurt soy lecithin confectioners glaze mai todextrin,1
nonft milk,1
noni,1
nonpareils,1
nontat milk whey,1
noodle . soup base,1
noodles: rice flour,1
nori maki rice cracker,1
not a source of lactose),1
not from concentrate orange juice,1
not more than silicon dioxide added,1
not more that silicon dioxide added to prevent caking,1
nougat layer,1
nutmeg & spices,1
nutmeg gum arabic,1
nutmeg*,1
nutmeg. clove,1
nutmeg. sugar,1
nutraflora prebiotic dietary fiber,1
nutrients,1
"nuts roasted in peanut oil. yogurt chips: (sugar, partially hydrogenated palm kernel oil, whey, nonfat yogurt powder, titanium dioxide, soy lecithin, artificial flavor and salt",1
o menos de harina de trigo blanqueada enriquecida,1
oak smoke,1
oat and honey granola,1
oat barley,1
oat blend,1
"oat blend (water, oats, sunflower oil calcium carbonate, dipotassium phosphate, salt, gellan gum, natural flavour",1
oat groats,1
oat mix,1
oat syrup solids,1
oats butter,1
ocean mineral electrolytes,1
of paprika,1
oil calcium carbonate,1
oil of bitter almond,1
oil roasted almonds and confectioner's glaze,1
oil treated {sunflower,1
oil-roasted cashews,1
old bay,1
old fashioned rolled oats - quaker,1
olearesin paprika,1
oleo,1
oleorein paprika*,1
oleoresin capsicum,1
oleoresin paprika and annatto,1
oleoresin paprika {for color},1
oleoresin paprika. set in vegetable oil,1
oleoresin turmeric and enzyme,1
oleoresin turmeric preservatives,1
oleresin capsicum,1
oligosaccharides,1
olive,1
olive and extra virgin olive oil,1
olive oil - composed of refined olive oil and extra virgin olive oil,1
olive oil - composed of refined olive oils and virgin olive oils,1
olive oil and sea salt,1
olive oil composed of refined olive oils and virgin olive oils,1
olive oil granulated garlic,1
olive oil. contains: anchovy,1
olive oil],1
olive ol,1
olive*,1
olive-canola oil blend,1
oncorhynchus nerka,1
one or more of: sodium stearoyl lactylate,1
onion and brown sugar,1
onion and garlic powders,1
onion celery,1
onion extracts,1
onion granules,1
onion juice concentrate. tumeric,1
onion mix,1
onion powder and natural flavors,1
onion powder cayenne pepper,1
onion powder disodium inosinate and guanylate,1
onion powder garlic powder,1
onion powder garlic powder spices,1
onion powder. dough: flour,1
onion power,1
onion pure,1
onion seasoning,1
onion seasoning powder,1
onion seeds,1
onion soup mix,1
onion spinach,1
onion vinegar,1
"onion""""",1
onion**,1
onion. carrot,1
onion. soy sauce,1
onions and dehydrated onions,1
onions contains or less of: beef base,1
onions. dried onion,1
or cooked medium grain white rice,1
or cottonseed,1
or cottonseed oil,1
or less of ascorbic acid,1
or less of baker's yeast extract,1
or less of bleached enriched wheat flour,1
or less of cultured swiss chard,1
or less of disodium inosinate,1
or less of each of the following: organic onion,1
or less of each of the following: palm oil,1
or less of each of the following: soybean oil,1
or less of each of: sugar,1
or less of lobster base,1
or less of low-moisture part-skim mozzarella cheese,1
or less of maltodextrin,1
or less of rice starch,1
or less of sun-dried tomatoes,1
or less of the following: antioxidants,1
or less of the following: salt,1
or less of the following: sugar,1
or less of vegetable fiber,1
or less of yeast extract,1
or less of: cream of tartar,1
or less of: methylcellulose,1
or less of: mustard,1
or less of: potato starch,1
or less of: soybean oil,1
or sunflower oil,1
orageno,1
orange and vanilla flavors,1
orange bell pepper,1
orange blossom water,1
orange chocolate shavings,1
orange cocoa confectionery,1
orange colored white chocolate pieces,1
orange confectionary curls,1
orange emulsion,1
orange flavouring,1
orange fragrance,1
orange juice concentrate from belize,1
orange juice pasteurized,1
orange juice powder,1
orange juice pulp,1
orange peel zest,1
"orange puree [water, orange puree , guar gum, citric acid, annatto , locust bean gum, tara gum",1
orange sherbet: water,1
orange with peels,1
oranges peels,1
oregano choped,1
oregano flakes,1
oregano),1
oregano*,1
oreo cookies,1
org coconut,1
organic acids,1
organic alkalized cocoa powder,1
organic allulose,1
organic almond flour,1
organic almond pieces,1
organic ancient grain flour,1
organic anise,1
organic apples ascorbic acid,1
organic aquafaba,1
organic avocado,1
organic avocado oil,1
organic avocado pulp,1
organic avocado pure,1
organic avocado puree,1
organic baby arugula,1
organic baby green chard,1
organic baby green leaf,1
organic baby green oak,1
organic baby green oak lettuce,1
organic baby green romaine,1
organic baby green romaine lettuce,1
organic baby lolla rosa,1
organic baby lollo rossa lettuce,1
organic baby mizuna,1
organic baby red chard,1
organic baby red leaf,1
organic baby red leaf lettuce,1
organic baby red mustard,1
organic baby red oak,1
organic baby red oak lettuce. ingredients may vary,1
organic baby red romaine lettuce,1
organic baby tango,1
organic baby tango lettuce,1
organic baby tatsoi,1
organic banana,1
organic banana chips,1
organic banana flavoring,1
organic banana pepper,1
organic baobab fruit,1
organic barley grass juice,1
organic barley grass powder,1
organic basil oil,1
organic basil powder,1
organic basmati rice,1
organic bay leaf,1
organic bay leaves,1
organic beef base,1
organic beef bone broth,1
organic beef broth,1
organic beef fat,1
organic beef flavor with sea salt,1
organic beet juice,1
organic beet juice & carrot juice,1
organic black carrot powder,1
organic black rice,1
organic black sesame seed,1
organic black soybeans glycine max,1
organic blanched butternut squash,1
organic blue corn,1
organic blueberry flavored nuggets,1
organic blueberry powder,1
organic bok choi,1
organic broccoli artichoke hearts organic cassava root flour organic spinach organic cauliflower puree,1
organic broccoli stalk,1
organic brown flax seeds,1
organic brown flaxseed meal,1
organic brown flaxseeds,1
organic brown lentils,1
organic brown rice and organic quinoa base,1
organic brown rice crisps,1
organic brown rice meal,1
organic brown rice protein,1
organic brown sugar**,1
organic buckwheat flour,1
organic buckwheat seeds,1
organic butter lettuce leaves,1
organic buttermilk . grade aa butter,1
organic buttermilk blend,1
organic cacao beans,1
organic cacao butte,1
organic cacao butter,1
organic cacao powder,1
organic camu camu powder,1
organic cane sugar**,1
organic cane sugar. contains less than of salt,1
organic canola and/or organic soybean oil,1
organic canola oil and/or organic sunflower oil,1
organic canola oil*,1
organic canola oil**,1
organic cardamom,1
organic carrot juice,1
organic carrot*,1
organic cassava root syrup,1
organic cassava syrup,1
organic cauliflower,1
organic cayenne,1
organic celery and organic onions,1
organic celery seeds,1
organic cheddar cheese organic pasteurized cultured milk,1
organic cheddar cheese*,1
organic cheese sauce,1
organic chia seeds. botanical source: salvia hispanica,1
organic chick peas,1
organic chicken fat,1
organic chicken liver,1
organic chicken white meat,1
organic chickpea,1
organic chile,1
organic chili pepper,1
organic chipotle chile,1
organic chipotle chili pepper*,1
organic chlorella,1
organic chocolate chips,1
organic chocolate coating,1
organic cider vinegar,1
organic cilantr,1
organic cilantro leaves,1
organic cilantro puree,1
organic cilantro sauce,1
organic cinnamon bark,1
organic citric acid,1
organic clarified butter,1
organic clarified unsalted butter,1
organic cocoa processed with alkali,1
organic coconut aminos,1
organic coconut chips,1
organic coconut flour*,1
organic coconut nectar,1
organic coconut oil and cow's milk fat,1
organic coconut oil and natural flavor,1
organic coconut palm sugar,1
organic coconut tree sap,1
organic coconut water from concentrate,1
organic coffee concentrate,1
organic coffeefruit extract,1
organic cold milled ground flaxseed,1
organic cold-milled flaxseeds,1
organic cold-pressed virgin coconut oil,1
organic cold-pressed watermelon juice,1
organic compatible alcohol,1
organic concentrated carrot juice,1
organic concord grape juice concentrate,1
organic cooked brown rice,1
organic cooked chickpea macaroni,1
organic cooked chickpea pasta,1
organic cooked vegetables,1
organic coriander seeds,1
organic corn maltodextrin,1
organic corn starch and/or organic potato starch,1
organic corn starch. contains less than of: sea salt,1
organic corn syrup solids,1
organic cornmeal,1
organic cranberries organic sugar organic sunflower oil {less than },1
organic cream cheese,1
organic cream from milk,1
organic cream from organic milk,1
organic crisp brown rice with organic rice syrup and sea salt,1
organic crushed red peppers,1
organic crushed sesame,1
organic cucumber,1
organic cucumber flavor,1
organic cultured buttermilk,1
organic cultured cream,1
organic cultured cream cheese,1
organic cultured nonfat milk,1
organic cultured part skim milk,1
organic cultured pasteurized milk,1
organic cultured whole wheat,1
organic cumin powder,1
organic cumin seeds,1
organic curry powder,1
organic dandelion greens,1
organic dark brown sugar,1
organic dark rye flour,1
organic dates organic mango organic almonds organic chia seeds,1
organic dehydrated carrot powder,1
organic dehydrated green bell peppers,1
organic dehydrated onion,1
organic dehydrated onion and organic garlic,1
organic dehydrated orange and lemon peel,1
organic dehydrated orange peel,1
organic dehydrated potato,1
organic dehydrated spinach,1
organic demerara sugar and water,1
organic diced garlic,1
organic diced mango,1
organic dried bananas,1
organic dried cilantro,1
organic dried garlic,1
organic dried mango* *fair trade certified by fair trade usa *regenerative organic certified by mayacert,1
organic dried marjoram,1
organic dried nonfat milk yogurt,1
organic dried oregano,1
organic dried parsley flakes,1
organic dried yeast,1
organic dry roasted almonds,1
organic dry roasted cashews,1
organic dry roasted sunflower seeds,1
organic dry-roasted cashews,1
organic dry-roasted unblanched almonds,1
organic egg,1
organic egg white,1
organic egg yolk,1
organic elderberry extract,1
organic enriched unbleached flour,1
organic enzymes,1
organic evaporated cane juice with organic corn starch,1
organic expeller cold-pressed coconut oil,1
organic expeller pressed canola oil and/or organic safflower oil and/or organic sunflower oil,1
organic expeller pressed sesame seed oil,1
organic expeller-pressed canola oil,1
organic extra virgin coconut oil*,1
organic extra virgin olive oil*,1
organic fair trade tea,1
organic fair trade white tea extract,1
organic fennel powder,1
organic fennel seeds,1
organic fenugreek,1
organic feta cheese,1
organic filtered honey,1
organic flatbread non-gmo potatoes,1
organic flatbread non-gmo spinach,1
organic flavors,1
organic flax,1
organic flax seed powder,1
organic flaxseed ground,1
organic flaxseed meal,1
organic flaxseed meal*,1
organic flour,1
organic freeze dried bananas,1
organic freeze dried chives,1
organic freeze-dried peas,1
organic french onion seasoning,1
organic fresh ground barley flour,1
organic fresh saba bananas,1
organic fruit & vegetable juice,1
organic fruit and vegetable juice for color,1
organic garc powder,1
organic garlic granules,1
organic garlic pure,1
organic gluten free oats*,1
organic gluten-free oats,1
organic gold flaxseed,1
organic golden flaxseeds,1
organic golden lentils,1
organic golden rose brown rice,1
organic grade a cream,1
organic grade a pasteurized sweet cream,1
organic granulated garlic. organic spice,1
organic granulated honey,1
organic grape juice,1
organic grassfed beef,1
organic greek yogurt,1
organic green baby butter lettuce,1
organic green banana,1
organic green bell. peppers,1
organic green butter lettuce leaves,1
organic green cabbage,1
organic green chickpeas,1
organic green chili,1
organic green lettuce,1
organic green mustard,1
organic green oak lettuce,1
organic green oak lettuce. organic baby red leaf lettuce,1
organic green olives,1
organic green olives pitted,1
organic green onion,1
organic green onions,1
organic green peppers,1
organic green romaine lettuce,1
organic green split peas,1
organic green tango lettuce,1
organic green tea,1
organic grilled zucchini,1
organic ground black soybean,1
organic ground coriander,1
organic ground cumin,1
organic ground ginger,1
organic ground mustard seed,1
organic ground quinoa,1
organic ground red chili pepper,1
organic ground sesame seeds,1
organic ground turkey,1
organic ground turmeric,1
organic ground white corn,1
organic ground yellow corn,1
organic gum acacia,1
organic handmade barley koji,1
organic handmade rice koji,1
organic heavy cream,1
organic hemp hearts,1
organic hemp seed,1
organic hi-oleic sunflower and/or safflower oil,1
organic high fiber coconut flour,1
organic high oleic safflower oil and/or organic high oleic sunflower oil,1
organic high oleic sunflower and/or safflower oil,1
organic high oleic sunflower oil and/or organic high oleic safflower oil,1
organic highly refined coconut oil,1
organic highly refined soybean oil,1
organic highly refined soybean oil and/or organic expeller pressed canola oil and/or organic expeller pressed sunflower seed oil,1
organic honey. contains or less of: organic soybean oil,1
organic hydrolyzed oats,1
organic ingredient: butter lettuce,1
organic inulin,1
organic invert sugar syrup,1
organic jalapeno,1
organic jalapeno puree {organic jalapeno peppers,1
organic jalapenos,1
organic jalapeo peppers,1
organic japanese matcha,1
organic kalamata olives,1
organic kale puree,1
organic kamut flour,1
organic kamut khorasan wheat flakes,1
organic kelp,1
organic kidney beans,1
organic kombucha culture*,1
organic konjac flour,1
organic korean bbq sauce,1
organic kosher wine vinegar,1
organic leeks,1
organic lemon,1
organic lemon herb essence,1
organic lemongrass powder,1
organic light brown sugar,1
organic light rye flour,1
organic lime juice concentrate,1
organic liquid agave inulin,1
organic little gem lettuce,1
organic locust bean gum},1
organic lolla rosa lettuce,1
organic low fat cocoa powder*,1
organic low fat milk,1
organic low fat soy flour,1
organic maize starch,1
organic malt powder,1
organic maltodextrin*,1
organic maltodextrin+,1
organic mango flavor,1
organic mango flavor*,1
organic mango juice,1
organic mango pieces,1
organic mangos,1
organic manuka honey,1
organic milk and organic vanilla powder,1
organic milled corn,1
organic milled flaxseed,1
organic milled flaxseeds,1
organic millet flour,1
organic mint leaf,1
organic monk fruit,1
organic monterey jack and organic white cheddar cheeses,1
organic monterey jack cheese,1
organic monterey jack cheese*,1
organic moringa leaf,1
organic mozzarella cheese,1
organic mozzarella cheese and/or organic monterey jack cheese,1
organic mukimame,1
organic mushroom concentrate,1
organic mustard greens,1
organic mustard powder,1
organic natural milled sugar,1
organic natural mint flavor,1
organic natural roasted turkey flavor {organic turkey flavor,1
organic natural vanilla extract,1
organic nigella seeds,1
organic non fat dry milk,1
organic non-gmo popcorn,1
organic nonfat cultured milk,1
organic noodles: organic wheat flour,1
organic nutmeg,1
organic oat bran,1
organic oat syrup solids,1
organic oil roasted sunflower seed butter,1
organic oleic sunflower oil,1
organic onion flakes,1
organic orange essential oil,1
organic orange juice,1
organic orange juice concentrate,1
organic orange oil,1
organic palm fruit oil*,1
organic palm shortening,1
organic paprika color,1
organic parmesan cheese,1
organic parmesan cheese and/or organic romano cheese,1
organic parsley flakes,1
organic part skim mozzarella cheese,1
organic pasteurized milk and cream,1
organic pasteurized nonfat milk,1
organic pasteurized unfiltered apple juice,1
organic pasteurized whey,1
organic pasteurized whole milk,1
organic peaches,1
organic peanuts,1
organic pear juice concentrate,1
organic pepper,1
organic pickle relish,1
organic pineapple in organic pineapple juice,1
organic pineapple juice concentrate,1
organic pineapple tepache culture,1
organic pinto bean puree,1
organic poppy seeds,1
organic pork liver,1
organic powdered banana,1
organic powdered sugar organic palm* oil,1
organic pre-cooked barley,1
organic pre-cooked quinoa,1
organic prebiotic blend,1
organic precooked red quinoa,1
organic precooked white quinoa,1
organic protein blend,1
organic psyllium husk powder,1
organic pumpkin,1
organic pumpkin kernels,1
organic pumpkin protein,1
organic pumpkin seed,1
organic pumpkin seed kernels,1
organic pure cane sugar,1
organic pure coconut oil,1
organic quinoa crisps*,1
organic quinoa instant powder,1
organic quinoa puffs. contains: soy. may contain milk,1
organic quinoa*,1
organic rainbow carrot chips,1
organic rapeseed lecithin,1
organic raspberries,1
organic raspberry puree,1
organic raw extra virgin coconut oil,1
organic raw honey,1
organic raw wheat germ,1
organic rebaudioside a,1
organic red & green leaf lettuce,1
organic red & green oak,1
organic red beets,1
organic red bell pepper,1
organic red breen lettuce,1
organic red butter lettuce,1
organic red cabbage,1
organic red chile powder},1
organic red lentil flour,1
organic red lettuce,1
organic red oak lettuce organic lollo rossa lettuce,1
organic red onions,1
organic red peppers,1
organic red rice,1
organic red romaine lettuce,1
organic red wine,1
organic red wine vinegar,1
organic refined coconut oil.*,1
organic refined expeller-pressed coconut oil,1
organic rehydrated potatoes,1
organic rice dairy alternative,1
organic rice hull,1
organic rice meal,1
organic rice milk,1
organic rice pasta,1
organic rice wine vinegar,1
organic ricotta,1
organic roasted green peas,1
organic roasted potatoes,1
organic roasted sunflower seeds,1
organic rolled barley,1
organic roma tomato puree sea salt,1
organic roma tomatoes,1
organic romano cheese and/or organic parmesan cheese,1
organic rosemary and organic caramel,1
organic roti,1
organic royal black quinoa,1
organic royal quinoa,1
organic royal red quinoa,1
organic royal white quinoa,1
organic sacha inchi protein,1
organic salmon,1
organic sea vegetables,1
organic seasoned rice wine vinegar . organic peanut butter,1
organic seasoning blend,1
organic semolina,1
organic sesame oil,1
organic sesame seed protein,1
organic shirokoshi,1
organic shredded coconut,1
organic shrimp and salt,1
organic sliced almonds,1
organic smoked paprika,1
organic solids,1
organic sorrel,1
organic sour cream,1
organic soy beans,1
organic soy protein flour,1
organic soy sauce powder,1
organic soybean,1
organic soybean spaghetti,1
organic spelt,1
organic spelt flour,1
organic spice blend,1
organic spices with organic turmeric,1
organic spices {organic oregano,1
organic spices. pasta: organic durum flour,1
organic spices. pasta: organic semolina,1
organic spinach. contains or less of sea salt,1
organic split yellow peas,1
organic spring mix,1
organic spring mix: green oak,1
organic sprouted brown rice protein,1
organic sprouted flax seeds,1
organic sprouted garbanzos,1
organic sprouted lentil flour,1
organic sprouted quinoa,1
organic sprouted quinoa grain,1
organic sprouted whole grain oats,1
organic sprouted whole grain wheat flour,1
organic stabilizers,1
organic stone-ground whole rye,1
organic stone-ground whole wheat,1
organic stoneground whole rye flour,1
organic strawberry juice,1
organic strawberry puree live active cultures,1
organic sugar toasted coconut,1
organic sugar*,1
organic sugars,1
organic sun dried roma tomatoes,1
organic sundried tomatoes,1
organic sunflower,1
organic sunflower and/or organic safflower oil,1
organic sunflower oil and/or organic palm fruit oil,1
organic sunflower oil and/or safflower oil,1
organic sunflower oil blend,1
organic sunflower oil infinite love,1
organic sunflower protein,1
organic sunflower seed kernels,1
organic sunflower seed oil,1
organic sunflower seeds flour,1
organic sweet brown rice oryza glutinosa,1
organic sweet mini peppers,1
organic sweet potato,1
organic sweet potatoes,1
organic tamari sauce {water organic soybeans,1
organic tamari soy sauce,1
organic tango lettuce,1
organic tapioca fiber,1
organic tapioca syrup solids,1
organic tea,1
organic textured soy flour,1
organic textured soy protein,1
organic toasted sesame oil,1
organic toasted sesame seeds,1
organic toasted sunflower seeds,1
organic tomatillos,1
organic tomato flakes,1
organic tomato soup seasoning,1
organic tomatoes diced in juice,1
organic tomatoes in juice,1
organic tumeric,1
organic turkey and organic carrots,1
organic turkey bone broth,1
organic turkey bones,1
organic turkey broth,1
organic turkey flavor {contains organic turkey},1
organic turkey gravy flavor base,1
organic turkey seasoning base,1
organic turkey skins,1
organic turkey**,1
organic turmeric extract,1
organic turmeric seasoning,1
organic turmeric {color},1
organic turmeric. includes sesame seeds,1
organic turnips,1
organic unrefined cane sugar,1
organic unrefined extra-virgin coconut oil,1
organic unrefined red palm fruit oil** and organic annatto extract,1
organic unsweetened chocolate,1
organic unsweetened dried blueberries,1
organic vanilla bean extractives,1
organic vanilla extract*,1
organic vanilla specks,1
organic vegan butter flavor,1
organic vegetable broth,1
organic vegetable broth concentrate,1
organic vegetables,1
organic vegetables & fruit,1
organic vegetables and reconstituted organic vegetables,1
"organic vinegar powder (organic rice maltodextrin, organic white distilled vinegar, evaporated cane sugar, sea salt, tapioca maltodextrin, malic acid, citric acid, tartaric acid",1
organic virgin coconut oil and natural butter flavor,1
organic virgin cold-pressed coconut oil,1
organic virgin flaxseed oil,1
organic walnuts may contain other tree nuts,1
organic watemelon juice concentrate,1
organic watermelon,1
organic watermelon flavor,1
organic watermelon juice concentrate,1
organic watermelon juice*,1
organic watermelon puree,1
organic wheat berries,1
organic wheat flour enriched,1
organic wheat flour tortilla,1
organic wheat flour*,1
organic wheat germ,1
organic wheat protein,1
"organic wheat-free tamari soy sauce (water, organic soybeans, slat, organic alcohol",1
organic white chia seed,1
organic white corn masa flour,1
organic white grape juice concentrate,1
organic white grape must,1
organic white quinoa and organic black quinoa,1
organic white sesame seed,1
organic white sesame seeds,1
organic whole brown flaxseed,1
organic whole cane sugar,1
organic whole chickpeas,1
organic whole corn,1
organic whole egg,1
organic whole grain barley flakes,1
organic whole grain blend,1
organic whole grain brown rice,1
organic whole grain brown rice flour,1
organic whole grain cracked barley,1
organic whole grain flour mix,1
organic whole grain hulled barley,1
organic whole grain rolled rye,1
organic whole grain rye,1
organic whole grain rye flakes,1
organic whole green pea flour,1
organic whole ground corn,1
organic whole milk,1
organic whole milk ricotta cheese,1
organic whole millet flour,1
organic whole raisin puree,1
organic whole raw sunflower seeds,1
organic whole rye flour,1
organic whole soy beans and sea salt,1
organic whole triticale flour,1
organic whole wheat and organic wheat flour grade aa butter,1
organic whole yellow and black soybean,1
organic wild rice,1
organic wine,1
organic wine vinegar and concentrated organic grape must,1
organic wine vinegar and concentrated organic grape must. with natural sulfites,1
organic yellow lentil flour,1
organic yellow lentils,1
organic yellow onions,1
organic yellow pea protein powder,1
organic yellow popcorn,1
organic yellow split lentils,1
organic yellow split peas,1
organic yellow zucchini,1
organic yerba mate extract,1
organic yogurt,1
organic zucchini,1
organic*,1
organic-compliant natural flavors,1
organic:* cashew*,1
organically grown activated barley powder,1
organically grown dry roasted sunflower seeds,1
organically grown whole wheat flour,1
orion,1
orzo,1
"orzo (durum wheat semolina [enriched with iron , b vitamins ), baby spinach, red bell pepper, celery, arugula, olive oil",1
orzo pasta,1
other spices,1
our ingredients: kidney beans,1
oven baked almonds,1
oven roasted chicken with natural juices,1
oven-roasted beef,1
ovengold roasted turkey breast,1
oxide,1
oxiplus at,1
oyster flavored sauce,1
oyster juice concentrate,1
oyster powder,1
pacific cod fillets,1
pacific cod portions and sodium tripolyphosphate,1
pacific northwest honey,1
pacific salmon,1
pacific whiting / threadfin bream},1
packed in lamb casing,1
packed in water,1
palm & palm kernel oil,1
palm and kernel oil,1
palm and palm kernel oil with tbhq for freshness,1
palm and palm kernel oil. contains or less of each of the following: soybean oil,1
palm and soy,1
palm and soybean and/or canola oil shortening,1
palm and soybean oil,1
palm and/or canola,1
palm and/or canola oil,1
palm and/or fractionated palm and canola oil,1
palm and/or soybean,1
palm and/or soybean and/or canola oil,1
palm and/or soybean and/or cottonseed oil,1
palm fruit and canola oils,1
palm hearts,1
palm kemel oil,1
palm kernal,1
palm kernel & palm oil,1
palm kernel and palm fruit oil,1
palm kernel and soybean oil,1
palm kernel and soybean oils,1
palm kernel and/or canola,1
palm kernel and/or palm oil,1
palm kernel fat,1
palm kernel oil & hydrogenated palm kernel oil,1
palm kernel oil & palm oil,1
palm kernel oil dark chocolate {sugar,1
palm kernel shortening,1
palm kernel/palm oil,1
palm kernel],1
palm margarine,1
palm o,1
palm oil & paprika,1
palm oil and its fractions,1
palm oil and soybean oils,1
palm oil and/or canola oil,1
palm oil and/or interesterified soybean oil,1
palm oil and/or palm kernel oil and/or soybean oil,1
palm oil contains or less of: maltodextrin,1
palm oil eggs,1
palm oil fractions . tbhq as an antioxidant and citric acid as an acidulant,1
palm oil palm kernel oil,1
palm oil powder,1
palm oil rbd,1
palm oil with citric acid as a preservative,1
palm oil with mono and diglycerides added,1
palm oil with preservative,1
palm oil**,1
palm oil+,1
palm oil. and less than of mono- and diglycerides,1
palm oil. caramel: corn syrup,1
palm oils,1
palm olein and/or palm stearin,1
palm olein oil and palm stearine oil,1
palm oll,1
palm or palm kernel oils,1
palm or soy oil,1
palm stearin,1
palm stearine oil,1
palm- kernel,1
palmitate added,1
palm},1
pan spray . strawberry glaze: water,1
panax ginseng,1
panax ginseng root extract,1
pancake mix,1
papain,1
papaya and citron,1
papaya juice,1
paprica,1
papriika for color and a pinch of sonny tlc,1
paprika & cinnamon,1
paprika & silicon dioxide added to prevent caking,1
paprika and annatto extract,1
paprika and annatto extracts,1
paprika and carmine,1
paprika and paprika extractives,1
paprika and paprika oleoresin,1
paprika and spices,1
paprika extract lactose,1
paprika oleoresin and annatto and turmeric extracts for color,1
paprika oleoresin color,1
paprika oleoresin. spinach pilaf - water,1
paprika oleoresin. turmeric rice - water,1
paprika paste,1
paprika red,1
paraguay,1
parboiled long grain rice enriched with iron phosphate,1
parboiled long grain white rice,1
parboiled red rice,1
parched soybean powder,1
parika oleoresin,1
parisienne style carrots,1
parmesan and fontinella cheeses,1
parmesan and romano cheese. made from pasteurized cow's and sheep's milk,1
parmesan and romano cheeses,1
parmesan cheese . romano cheese,1
parmesan cheese blend,1
parmesan cheese powder,1
parmesan cheese powdered cellulose added to prevent caking,1
parmesan cheese salt,1
parmesan cheese {cultured pasteurized part-skim milk,1
parmesan cheese*,1
parmesan cheese**,1
parmesan flavor,1
parmesan reggiano type flavor,1
parmesan type cheese,1
parmigiano-reggiano pdo,1
parsi ey,1
parsley & green onions,1
parsley and guar gum,1
parsley flakes*,1
parsley garbanzo flour,1
parsley natural flavor&extractives of carrot,1
parsley onions,1
parsley powder. black pepper pasta: extra fancy durum flour,1
parsley sunflower oil,1
parsley tops,1
parsley. granulated garlic carrageenan,1
parsley. marinara sauce cup: tomato puree,1
parsley. packed in lamb casing,1
part skim milk. cheese cultures,1
part skim mozzarella cheese k,1
part skim pasteurized cow's milk,1
part skim ricotta cheese,1
part skimmed pasteurized cow's milk,1
part-skim mozzarella and parmesan cheeses,1
part-skim pasteurized milk,1
part-skimmed milk,1
part. hydrogenated veg. oils,1
partially and fully hydrogenated soybean oil,1
partially defatted peanuts,1
partially fried in canola oil,1
partially hydrated soybean oil,1
partially hydrogenate palm kernel oil,1
partially hydrogenated and fully refined soybean oil,1
partially hydrogenated canola & soy-bean oils,1
partially hydrogenated canola oil and/or partially hydrogenated cottonseed oil,1
partially hydrogenated cottonseed and soybean oil,1
partially hydrogenated cottonseed and/or soybean oil,1
partially hydrogenated cottonseed oil and/or soybean oil,1
partially hydrogenated palm kernal oil,1
partially hydrogenated palm kernel oil and/or coconut oil and/or palm oil,1
partially hydrogenated soybean & cottonseed oil,1
partially hydrogenated soybean & cottonseed oils,1
partially hydrogenated soybean and cottonseed oils with mono 1 diglycerides added,1
partially hydrogenated soybean and soybean oils,1
partially hydrogenated soybean and/or cottonseed oils,1
partially hydrogenated soybean oil and cottonseed oil with dimethylpolysiloxane added to reduce foaming,1
partially hydrogenated soybean oil and partially hydrogenated cottonseed oil,1
partially hydrogenated soybean oil* or canola oil,1
partially hydrogenated soybean or cottonseed oils,1
partially hydrogenated soybean/cottonseed oil,1
partially hydrogenated vegetable fat,1
partially hydrogenated vegetable oils: soya oil,1
partially hydrogenated vegetable shortening,1
partially hydrogentated soybean oil,1
partially hydrolyzed guar gum,1
partially skimmed milk . natural flavor,1
partiallyhydrogenated kernel oil,1
partly skimmed milk,1
partskim cow's milk,1
pasilla negra chile,1
passion fruit,1
passion fruit flavor colors,1
passion fruit juice concentrate,1
passion fruit juice from concentrate,1
passionfruit juice concentrate,1
pasta : enriched wheat durum semolina,1
pasta ingredients: durum wheat semolina,1
pasta ingredients: enriched durum flour,1
pasta ingredients: mashed potatoes,1
pasta ingredients: water,1
pasta sheet,1
pasta: durum wheat semolina,1
pasta: enriched wheat durum semolina,1
pasterized milk and cream,1
pasteurised cultured milk,1
pasteurised cultured part-skimmed milk,1
pasteurised milk,1
pasteurised sweet cream,1
pasteurized cage-free eggs,1
pasteurized cow milk salt,1
pasteurized cow's milk and/or sheep's milk,1
pasteurized cow's milk cheese cultures,1
pasteurized cows milk,1
pasteurized cows' milk,1
pasteurized cream and milk,1
pasteurized cream and natural flavorings,1
pasteurized cream and salt,1
pasteurized cream salt,1
pasteurized cream. salt,1
pasteurized cultured cow's milk,1
pasteurized cultured milk*,1
pasteurized cultured part-skimmed milk,1
pasteurized egg,1
pasteurized egg whites,1
pasteurized goat milk cream,1
pasteurized grade a grass-fed whole cow milk,1
pasteurized grade a milk,1
pasteurized grade a skim milk,1
pasteurized lemon juice,1
pasteurized liquid eggs,1
pasteurized milk & cream cheese cultures,1
pasteurized milk cheese culture,1
pasteurized milk cultures,1
pasteurized milk salt,1
pasteurized milk+,1
pasteurized milk. salt. culture,1
pasteurized organic,1
pasteurized organic cow's milk,1
pasteurized organic sheep's and goat's milk,1
pasteurized part skim,1
pasteurized part skim cow's milk,1
pasteurized part skim cows milk,1
pasteurized part skimmed cow's milk,1
pasteurized part skimmed milk,1
pasteurized part-skim,1
pasteurized part-skim cow's milk. cheese cultures,1
pasteurized part-skim milk cheese culture,1
pasteurized part-skimmed cow's milk,1
pasteurized process cheese,1
pasteurized process white cheddar cheese,1
pasteurized processed cheddar cheese,1
pasteurized processed colored and white cheese,1
pasteurized rst free cream,1
pasteurized sheep milk,1
pasteurized skim milk. vinegar and salt,1
pasteurized sweet cream butter,1
pasteurized whole milk and cream,1
pasteurized whole milk vinegar,1
pasteurzed part-skim cow's milk,1
pastially hydrogenated palm and soybeans oils,1
pastrurized milk and cream,1
pastry flakes,1
pastry: enriched wheat flour,1
pastry: unbleached enriched wheat flour,1
pasturized milk,1
patmononitrate,1
pctassium iodate,1
pea and carrot extract,1
pea and/or potato fiber,1
pea and/or potato starch,1
pea beans,1
pea flour instant,1
pea hull fiber,1
pea powder,1
pea protein concentrate*,1
pea protein crisps*,1
pea protein dehydrated garlic,1
pea protein flour,1
peach and carrot,1
peach base,1
peach juice,1
peach ribbon,1
peach*,1
peanut &/or cottonseed oil,1
peanut and vegetable oil,1
peanut and/or cottonseed oil,1
peanut and/or sunflower seed,1
peanut butter chocolate double dipped peanuts,1
peanut butter coating,1
peanut butter*,1
peanut butter: peanuts,1
peanut butter^,1
peanut flavored coating,1
peanut flour*,1
peanut oil and sea salt,1
peanut oil and/or cottonseed and/or soybean oil,1
peanut oil and/or sunflower oil and/or cottonseed oil and/or soybean oil and/or canola oil,1
peanut or soybean oil,1
peanut paste,1
peanuts and artificial flavor,1
peanuts and salt,1
peanuts oil,1
peanuts peanut,1
peanuts roasted in peanut oil,1
peanuts: peanuts,1
"pear and carrot juice concentrates, citric acid, ascorbic acid , natural flavors, beta carotene",1
pear juice from concentrate less than or citric acid,1
pear puree,1
pear puree concentrate,1
pearled barley*,1
pecan meal,1
"pecin powder (dextrose, pectin, fumeric acid habanero pepper",1
pecorino cheese,1
pectin & citric acid,1
pectin and natural flavor,1
pectin from citrus fruits,1
pectin standardized with dextrose,1
pectin. contains live and active cultures,1
peel of mandarin orange,1
peeled,1
peeled almond,1
peeled wheat,1
penaeus monodon,1
penicilium roqueforti,1
penne,1
penne straws,1
peper,1
peppadew pepper,1
pepper & margarine wrap dough: wheat flour enriched,1
pepper black,1
pepper blend,1
pepper emulsion,1
pepper mash,1
pepper packed in natural lamb casing,1
pepper sauce hot peppers red pepper flakes,1
pepper spice blend,1
pepper strips,1
pepper*,1
"pepper, garnished with fresh lemon and parsley",1
pepper. cheese: pasteurized milk,1
pepper. encased in natural lamb casing,1
"pepper. spinach ravioli have fresh spinach, broccoli ravioli have fresh broccoli",1
pepper. wrap dough: wheat flour,1
peppercorns and enzymes,1
peppermint coating,1
peppermint flakes,1
peppermint oil,1
pepperoncini,1
pepperoncini peppers,1
pepperoncini rings,1
pepperoni,1
pequin chiles,1
per serving ingredients: sugar,1
permitted food color,1
permitted sodium benzoate,1
persimmon extract,1
peruvian beans,1
pesto,1
pesto blend,1
pesto shrimp: shrimp,1
ph control agent lactic acid,1
phenylketonurics: contains phenylalanine,1
phospate,1
phosphate,1
phosphate sodium diacetate,1
phosphated mono- and diglycerides,1
phospholipids of soybean,1
phosphoric acid and potassium sorbate and sodium benzoate and calcium disodium edta,1
phosphoric acid preservative,1
phylloquinone,1
phytonadione and cyanocobalamin,1
picante sauce,1
pickle hamburger dill ingredients: cucumbers,1
pickle: water,1
pickled carrots,1
pickled cucumber,1
pickled ginger . soy sauce,1
pickled red chili,1
pickled red chili peppers,1
pickled sweet onion* parsley,1
pico,1
pico de gallo,1
pilchards,1
pilchardus walbaum,1
pimento paste,1
pimentos,1
pineapple and cane sugar,1
pineapple base,1
pineapple jelly,1
pineapple juice and pineapple juice concentrate,1
pineapple juice from concentrate and citric acid,1
pineapple juice solids,1
pineapple powder. contains: wheat,1
pineapple puree & quince puree,1
pineapple tidbits,1
pineapple topping onions,1
pineapple-costa rica,1
pink,1
pink himalayan,1
pink salmon fish and salt,1
pink salt,1
pinto,1
pinto beans*,1
pinto beans+,1
piri-piri and sea salt,1
pirophosphate,1
pistachio butter,1
pistachio in shell,1
pistachios and sea salt,1
pita bread: wheat flour enriched,1
pita fold: enriched wheat flour,1
pizza crust {broccoli,1
pizza sauce mix,1
plain bagels,1
plaintain vegetable oil,1
plant based caesar dressing,1
plant based enzymes,1
plant based stabilizer,1
plant-based tuna,1
plantain mofongo base,1
plum juice concentrate,1
plum puree,1
poblano & guajillo chili,1
poblano base,1
poblano chile peppers,1
poblano chili pepper,1
poblano chilies,1
poke salmon,1
poke seasoning,1
pokekake seasoning,1
polishing wax confectionery glaze,1
pollock fillets,1
poly-glycerol esters of fatty acids,1
polydextrose*,1
polydimethylsiloxane,1
polyglycerol ester,1
polyglycerol ester of fatty acids,1
polysorbate 60 and sodium stearoyl lactylate,1
"polysorbate 60, topped with wheat flour",1
polysorbate 65,1
polysorbate 80 and sodium benzoate,1
polysorbate 80 carrageenan annatto extract for color,1
polysorbate 80 yellow 5,1
polysorbate 80. sweetened with nonnutritive sweetener,1
polysorbate-60,1
pomegranate and mango juices from concentrate,1
ponceau 4r,1
ponzu sauce,1
popcorn salt,1
popcorn vegetable oil,1
popcorn. vegetable oil,1
popped amaranth,1
popped quinoa and sugar,1
poppy seeds and enzymes,1
poppy seeds and nigella seeds,1
porcini mushroom,1
porcini mushroom powder,1
pork and beef,1
pork casing,1
pork cracklins,1
pork egg roll,1
pork fat with attached skin,1
pork fatback,1
pork gelatin,1
pork hearts,1
pork liver,1
pork potstickers,1
pork sausage,1
pork shank,1
pork skin fat,1
pork stock powder,1
pork water,1
pork with ham,1
portabella mushrooms,1
possibly some peanut oil,1
postassium benzoate,1
postassium sorbate and citric acid,1
pot cheese,1
pot sticker sauce,1
potas- sium sorbate preservative,1
potassium aluminum sulfate polysorbate 80 & propylene glycol 76,1
potassium and sodium phosphate,1
potassium benzoate and potassium sorbate,1
potassium bicarbonate and calcium carbonate,1
potassium bitartrate,1
potassium bonzoate,1
potassium chloride. coated with cracked black pepper,1
potassium diacetate extractives of paprika,1
potassium iodate monocalcium phosphate,1
potassium lactate salt,1
potassium metabisulfate added to enhance freshness,1
potassium metabisulfite to enhance freshness,1
potassium nitrate,1
potassium sobrate,1
potassium sorbante as preservatives,1
potassium sorbate & calcium propionate,1
potassium sorbate & sodium benzoate & cultured dextrose,1
potassium sorbate & sodium benzoate to preserve freshness,1
potassium sorbate & sodium propionate,1
potassium sorbate + alpha tocopherol acetate +,1
potassium sorbate - a preservative,1
potassium sorbate . crust: enriched flour,1
potassium sorbate . filling: water,1
potassium sorbate . lemon juice powder,1
potassium sorbate . may contain sesame seed and/or poppy seeds,1
potassium sorbate ],1
potassium sorbate acesulfame potassium,1
potassium sorbate and calcium / propionate,1
potassium sorbate and fd&c yellow n 5,1
potassium sorbate and sodium benzoate & extractives of carrot,1
potassium sorbate and sodium benzoate added to maintain freshness,1
potassium sorbate and sodium benzoate and calcium disodium edta,1
potassium sorbate and sodium benzoate and fd&c red no. 40,1
potassium sorbate and sodium benzoate opreservativesi,1
potassium sorbate and sodium benzoate to protect flavor,1
potassium sorbate and sodium benzoate to protect quality,1
potassium sorbate and sodium bisulfite,1
potassium sorbate and sodium bisulfite as preservative,1
potassium sorbate and sodium bisulfite as preservatives,1
potassium sorbate and sodium metabisulfite as preservatives,1
potassium sorbate and sodium propionate added as a preservative,1
potassium sorbate as a preservative. paprika,1
potassium sorbate as preservative),1
potassium sorbate dextrose. salt,1
potassium sorbate fumaric acid,1
potassium sorbate sodium benzoate artificial strawberry flavor,1
potassium sorbate yellow 5,1
potassium sorbate {to maintain freshness},1
potassium sorbate*,1
potassium sorbate: preservative,1
potassium sorbate},1
potassium sorbet,1
potassiumiodate,1
potassum sorbate,1
potato & tapioca flour,1
potato and com starch,1
potato and/or pea starch,1
potato cauliflower,1
potato chips,1
potato dextrin,1
potato dices,1
potato fiber,1
"potato flakes (potatoes, mono- and diglycerides , disodium diphosphate , wheat flour , onion flakes, distarch phosphate , salt, spices. for allergens see ingredients in bold",1
potato flakes calcum sulfate,1
potato flour*,1
potato gnocchi ingredients: potatoes enriched flour,1
potato gnocchi mashed potatoes,1
potato pulp puree,1
potato starch & cellulose gum,1
potato starch & cellulose gume,1
potato starch & cellulose powder,1
potato starch annatto,1
potato starch equal to of the finished product,1
potato starch for passover,1
potato starch. contains less than of: tapioca starch,1
potato starch/powdered cellulose,1
potato sticks,1
potatoes mayonnaise,1
potatoes potato starch,1
potatoes vegetable oil,1
potatoes! cauliflower,1
"potatoes, mayonnaise , water, onions, sugar, cider vinegar , salt, soybean oil, onion*, potassium sorbate and sodium benzoate , nisin preparation",1
potatoes. contains less than of: carrot puree,1
potatoes. eggs,1
potatoes. vegetable oil,1
pottassium bromate,1
powder cellulose,1
powder sugar,1
powder yeast extract,1
powdered bonito,1
powdered cellulite,1
powdered cellulose and potato starch,1
powdered cellulose with potassium sorbate to protect flavor,1
powdered cellulose {added to prevent caking},1
powdered cellulose {anti-caking agent},1
powdered chicken,1
powdered cooked beef,1
powdered egg whites,1
powdered eggs,1
powdered garlic,1
powdered green tea,1
powdered oil,1
powdered peanut butter,1
powdered skin milk,1
powdered soy milk,1
powdered sugar . high gluten flour,1
powdered sugar blend,1
powdered sugar. palm oil,1
powdered sugar: sugar,1
powdered whole milk,1
powdered yeast extract seaweed,1
pre-cooked,1
pre-cooked quinoa,1
pre-cooked shrimp & salt,1
pre-cooked wheat bulgur,1
pre-washed golden quinoa,1
pre-washed quinoa,1
pre-washed quinoa seeds,1
prebiotic fiber,1
prebiotic vegetable blend,1
precipitated amorphous silica,1
precooked bacon,1
"precooked cheese tortellini (egg pasta: extra fancy durum flour , water, liquid pasteurized whole eggs. filling: cheeses , alfredo sauce , parmesan cheese , parsley",1
precooked durum wheat,1
precooked green split peas,1
precooked long grain rice,1
precooked parboiled brown rice,1
precooked red rice,1
precooked scrambled eggs,1
precooked wild rice,1
precooked yellow split lentils,1
predust,1
prefried onion,1
premium whole cod fillets,1
premixed tempura,1
prepared baby butter beans,1
prepared black-eyed peas,1
prepared butter beans,1
prepared crowder peas water,1
prepared dry beans,1
prepared field peas,1
prepared great northern beans,1
prepared horseradish,1
prepared large butter beans,1
prepared mustard,1
prepared organic garbanzo beans,1
prepared w/ sulfur dioxide,1
prepared with ascorbic acid,1
preserative,1
preservate,1
preservative . vitamins and minerals: vitamin c,1
preservative sodium benzoate,1
preservative {calcium propionate,1
preservative: sorbic acid,1
preservativel,1
preservatives . gyro slices: beef,1
preservatives bha/bht,1
preservatives freshness,1
preservatives {calcium propionate,1
preservatives: lactic acid. acidulants: citric acid,1
preservativesi,1
preserved by tbhq . soup base ingredients: salt,1
preserved with less than sodium benzoate and potassium sorbate,1
preserved with potassium sorbate,1
preserved with: sorbic acid,1
pressed,1
pressed british cucumber juice,1
pressed cucumber juice,1
"pretzel (enriched wheat flour , salt, vegetable oil [may contain one or more of the following , red confectionery coating , natural and artificial strawberry flavor",1
"pretzel (enriched wheat flour , salt, vegetable oil [may contain one or more of the following [canola, corn, soybean), corn syrup, sodium bicarbonate, malt, yeast)",1
"pretzel (enriched wheat flour , salt, vegetable oil [may contain one or more of the following {canola, corn, soybean}, corn syrup, sodium bicarbonate, yeast)",1
pretzels (enriched wheat flour,1
"pretzels (enriched wheat flour [wheat flour, niacin, reduced iron, thiamine mononitrate, riboflavin, folic acid), malt, salt, soybean oil), less than of artificial coloring",1
"pretzels [enriched wheat flour , salt, vegetable oil , corn syrup, yeast, baking soda, ammonium bicarbonate)",1
prevents foam,1
previously frozen atlantic salmon,1
prewashed kosher for passover quinoa,1
prewashed quinoa with dried vegetables currants,1
prewashed white grain quinoa,1
primo chili powder,1
probiotic cultures,1
probiotic vegan cultures,1
probiotics,1
processed american cheese,1
processed cheese powder,1
processed pasteurized american cheese,1
product of usa,1
propinate of sodium as preservatives,1
propionats,1
propionic acid and phosphoric acid,1
propionic acid and sodium propionate,1
propionic acid preservative,1
propionic acid {preservative},1
proplylene glycol,1
propolyene glycol alginate,1
proprietary blend,1
proprietary cranberry nut blend,1
proprietary flour blend,1
propyl gallate and citric acid added to protect flavor,1
propyl gallate to maintain freshness,1
propyl gallate. made with pork casing,1
propyl paraben,1
propylene glycol and gum,1
propylene glycol and polysorbate 80 {preservatives},1
propylene glycol and salt,1
propylene glycol esters mono- and diglycerides,1
propylene glycol mono & diesters of fatty acids,1
propylene glycol mono & diesters of fattyacids,1
propylene glycol mono - and diestres of fats and fatty acids,1
propylene glycol mono and diesters of fatty acids,1
propylene glycol preservative,1
propylene glycolesters of fatty acids,1
propylgallate with citric acid added to help protect flavor,1
propylparaben as preservative,1
protects freshness,1
protein blend unbleached wheat flour,1
protein concentrate,1
protein hydrolysate,1
protese,1
provide tartness,1
provolone cheese not smoked,1
prune juice,1
psyllium husk powder*,1
puff pastry,1
puff pastry: enriched flour,1
puffed brown rice,1
puffed quinoa*,1
puffed white rice,1
pulled pork,1
pulp of tomatoes,1
pulse flour blend,1
pumpkin and carrot,1
pumpkin concentrate,1
pumpkin powder,1
pumpkin seed protein,1
pumpkin seeds*,1
pure,1
pure almond extract,1
pure apple juice,1
pure avocado oil,1
pure beef,1
pure cane confectioner sugar,1
pure cane sugar and honey,1
pure cane sugar. contains less than of pea protein,1
pure coconut water,1
pure dark chocolate,1
pure honey,1
pure lemon extract,1
pure non-pasteurized honey,1
pure olive ol,1
pure orange juice from concentrate,1
pure orange juice from concentrate and natural flavors.*,1
pure organic kombucha,1
pure pasteurized orange juice,1
pure peppermint oil,1
pure quinoa,1
pure salt,1
pure scottish porridge oats,1
pure soybean oil extra olive oil,1
pure spices and flavors,1
pure vanilla and citric acid,1
pure vanilla extract and citric acid . decorative flower: white chocolate,1
pure water cane sugar natural & artificial flavor sodium benzoate,1
puree concentrate,1
puree from carrots,1
pureed bananas,1
pureed sesame seeds,1
purified,1
purified annatto,1
purified sparkling water,1
purified turmeric,1
purple onion,1
purple potato,1
purple rice,1
purple sweet potato extract color,1
purple sweet potato extractive,1
pyridox-ine hydrochloride,1
pyridoxine hydrochloride vitamin b6),1
pyridoxine hydrochloride),1
pyridoxine hydrocholoride,1
qimiq,1
quar gum,1
quar qum annatto & turmeric locust bean gum,1
queen olives,1
quercetin dihydrate,1
queso cheddar club . migas de pan,1
queso fresco,1
queso fresco cheese,1
quiche filling: eggs,1
quick oats,1
quick rolled oats,1
"quinoa brown rice (water, brown rice, sushi vinegar (sugar. rice vinegar, water, salt, citric acid, kelp extract . red quinoa, avocado. cucumber. pickled ginger , sesame seeds, seaweed, lettuce",1
quinoa brown rice water,1
quinoa crisps,1
quinoa flakes,1
quinoa golden white,1
quinoa grain,1
quinoas,1
r&s cashews,1
r. oryzae,1
"r/s sunflower seeds (roasted sunflower seed kernels sunflower oil , salt",1
r11429,1
rad distilled pipit did fil acid,1
radicchio apples,1
"radicchio, dressing: canola oil",1
radish concentrate,1
radish sprouts,1
rainbow glitter,1
rainbow sugar,1
raised donut mix,1
raisin juice,1
raisin paste,1
raisin puree,1
raising agent sodium carbonates,1
raising agent: ammonium bicarbonate,1
raising agent: sodium hydrogen carbonate,1
raising agent: sodiumbicarbonate,1
raising agents: ammonium bicarbonate,1
"raisins (treated with sunflower oil, confectioner's glaze, gum arabic, sugar, corn syrup water",1
raisins corn syrup,1
raisins partially hydrogenated soybean oil and partially hydrogenated cottonseed oil with mono- and diglycerides added food starch-modified water,1
raisins seedless,1
raisins unsulphured,1
raisins*,1
ralsins,1
ramen noodle ingredients: enriched flour,1
ranch dressing,1
rapeseed oil and/or sunflower oil,1
ras el hanout . paprika,1
raspberry,1
raspberry flavored vinaigrette,1
raspberry jam,1
raspberry juice concentrate,1
raspberry or apricot puree,1
raspberry powder,1
raspberry puree,1
raspessed oil,1
raw & unfiltered honey,1
raw cane sugar invert syrup*,1
raw cane sugar*,1
raw cashews-steam pasteurized,1
raw chia seeds,1
raw cow's milk,1
raw kombucha,1
raw organic flaxseeds,1
raw organic pecans,1
raw organic walnuts,1
raw rocky mountain wildflower honey and ghost peppers,1
raw sugar*,1
raw tuna sushi vinegar,1
raw unsalted sunflower seeds,1
raw walnuts,1
rbd,1
rbgh-bst hormone free pasteurized part skim milk,1
rbst free butter,1
rbst free grated parmesan,1
rbst-free milk,1
real mint oil,1
real mint oil and benzoate of soda to protect taste,1
real salt,1
real vanilla extract,1
reb m,1
reconstituted skim milk,1
reconstituted tomato,1
reconstituted tomato concentrate,1
reconstituted with water,1
red #3 and yellow #6,1
red #40 food color,1
red #40* and blue #1*,1
red & green bell peppers,1
red & green jalapeno peppers,1
red & white quinoa,1
red 10,1
red 3 dye,1
red 3. blue 2,1
red 3. salt. sprinkles: sugar,1
red 40 and ascorbic acid,1
red 40 and blue 1. contains active yogurt cultures with l. bulgaricus,1
red 40 blue 1,1
red 40 yellow 6,1
red 40. breaded with bleached wheat flour,1
red and black,1
red and golden quinoa,1
red and green jalapeno peppers,1
red and green leaf,1
red and green leaf lettuce*,1
red and green mustard,1
red and green oak*,1
red and green pepper,1
red and green romaine*,1
red and white quinoa*,1
red and wild rice,1
red and yellow bell peppers,1
red baby butter lettuce,1
red beet,1
red beet and elderberry juice concentrate,1
red beet juice extract,1
red bell,1
red bell pepper. poblano pepper,1
red bell peppers jalapeno pepper puree,1
red cabbage juice extract,1
red cabbage {for color},1
red cayenne peppers,1
red chile peppers,1
red chile peppers. enriched wheat flour,1
red chili flakes,1
red chili paste,1
red chili puree red jalapeno peppers,1
red chilli,1
red chilli powder,1
red chilli whole,1
red coconut curry sauce,1
red currant jelly,1
red currant juice,1
red curry paste,1
red food coloring: {water,1
red jalapeno,1
red jalapeno pepper,1
red jalapeno smoked,1
red jolokia pepper,1
red kidney,1
red kidney bean,1
red lake 40,1
red lentil beans,1
red lentils*,1
red no 40,1
red no.40,1
red oak. ingredients may vary by season,1
red onion and red pepper,1
red onion. no preservatives,1
red papper walter salt,1
red pepper extract,1
red pepper green onions cilantro sesame seeds,1
red pepper mixed seasoning,1
red pepper sauce powder,1
red pepper yellow onion,1
red pepper*,1
"red peppers (red bell , onion, seasoning mix (salt, potassium sorbate , xanthan and guar gum, spice",1
red peppers*,1
red pimientos,1
red quinoa seeds,1
red quinoa),1
red radish,1
red raspberry puree,1
red rice*,1
"red rice*, less than of: black quinoa*",1
red rice{,1
red roasted pepper,1
red salmon,1
red salmon and salt,1
red seaweed extract,1
red sockeye salmon,1
red sweet peppers,1
red tomatoes,1
red wine vinegar*,1
red# 40,1
redmond seasoned salt,1
redmond's real salt,1
reduced acid pineapple juice concentrate,1
reduced fat cocoa,1
reduced fat ice cream . wafer,1
reduced fat mayonnaise,1
reduced fat mozzarella cheese,1
reduced iron niacin,1
reduced iron thiamin mononitrate,1
reduced iron. thiamin mononitrate,1
reduced iron. thiamin mononitrate {vitamin b1},1
reduced lactose,1
reduced lactose whey cream,1
reduced mineral whey,1
reduced mineral whey powder whole milk powder titanium dioxide,1
reduced minerals whey powder,1
reduced mononitrate riboflavin,1
reduced mononitrate. iron. thiamine riboflavin,1
reduced ron,1
reduced sodium gluten free tamari soy sauce,1
reduced sodium gluten-free soy sauce,1
reduced sodium soy sauce,1
reduced with water acidity,1
reduced-lactose whey,1
refined canola oil,1
refined coconut oil. contains coconut,1
refined iodized salt,1
refined olive oil and virgin olive oil,1
refined olive oil extra virgin olive oil,1
refined olive pomace oil,1
refined salt,1
refined salt*,1
refined soy bean oil,1
refined sunflower oil and extra virgin olive oil,1
refined vegetable fat,1
refined water,1
refinery syrup and honey,1
regulates tartness,1
regulator acidity - citric acid e330,1
rehydrated onions,1
rehydrated raisin,1
rehydrated refried beans,1
rehydrated skim milk,1
rendered bacon fat *,1
rendered bacon fat*,1
rendered duck fat,1
rendered pork skin fat,1
rendered turkey fat,1
rennet and natamycin,1
rennet and salt,1
rennet],1
retains product freshness,1
ri boflavin,1
ribo- flavin,1
ribo-flavin,1
ribofavin,1
riboflavin . thiamin mononitrate,1
riboflavin as vit. b2 and folic acid,1
riboflavin thiamine mononitrate,1
riboflavin vitamin b2,1
riboflavin. folio acid,1
riboflavina,1
ribolflavin,1
ribotide,1
ribotide inosinate and guanylate,1
riburan,1
rice alcohol glucose,1
rice and bean mix,1
rice and beans,1
rice barn oil,1
rice bran oil garlic,1
rice bran with germ,1
rice bread crumb,1
rice cracker powder,1
rice crisp,1
rice crisps,1
rice crumbs,1
rice crust,1
rice enriched with iron,1
rice fiber,1
rice flour and cellulose powder,1
rice flour corn starch,1
rice flour potassium sorbate,1
rice flour {glutinous rice flour},1
rice hops,1
rice hull concentrate,1
rice malt soybean,1
rice malt syrup,1
rice meal,1
rice pasta,1
rice powder,1
rice puff rice,1
rice salt,1
rice stick,1
rice syrup from organic farming,1
rice syrup powder,1
rice vermicelli noodle,1
rice water,1
rice*,1
rice: basmati rice,1
rice: water,1
ricebran oil,1
ricotta blend,1
"ricotta cheese (whey, milk, vinegar, xanthan gum, locust bean gum, guar gum , spinach, roasted red bell peppers , feta cheese , french bread crumbs parmesan cheese , lemon juice",1
"ricotta cheese (whey, milk, vinegar, xanthan gum, locust bean gum, guar gum , spinach, roasted red bell peppers , feta cheese , french breadcrumbs parmesan cheese , lemon juice",1
ricotta cheese* maltodextrin,1
rigatoni,1
riviera olives,1
roast flavor,1
roast type flavor,1
roasted,1
roasted and salted pepitas,1
roasted barley flour,1
roasted beef and beef juices,1
roasted beef including beef juices,1
roasted black sesame seed,1
roasted carrots,1
roasted chicken dark meat and chicken broth,1
roasted dehydrated garlic,1
roasted eggplant,1
roasted garlic pesto,1
roasted garlic puree,1
roasted garlic {garlic water},1
roasted garlic*,1
roasted garlic. contains or less of carrageenan,1
roasted granulated garlic,1
roasted green peas,1
roasted in canola oil,1
roasted in cottonseed oil,1
roasted no salt shelled sunflower seeds,1
roasted oregon hazelnuts,1
roasted peanut powder,1
roasted pepitas,1
roasted peppers,1
roasted pork meat and natural juices,1
roasted potatoes,1
roasted potatoes*,1
roasted red bell pepper. contains less than of: soy protein isolate,1
roasted salted cashews,1
roasted salted peanuts,1
roasted salted shelled sunflower seeds,1
roasted seaweed - sheets,1
roasted sesame seed,1
roasted sesame seeds,1
roasted shelled sunflower seeds,1
roasted sirloin and beef stock,1
roasted soybean powder,1
roasted soybeans,1
roasted sunflower kernel seeds,1
roasted sunflower seeds and salt,1
roasted sweet peppers,1
roasted tomatillos,1
roasted turkey concentrate,1
roasted turkey including natural turkey juices,1
roasted unsalted almonds,1
roasted vegetable pesto,1
roasted wheat,1
roasted yams and carrots,1
roasted yellow onion,1
roboflavin,1
rojo de seda beans,1
roll in margarine,1
rolled flax seed,1
rolled oats. contains or less of: chili powder,1
rolled wheat flakes,1
rolled whole wheat,1
rolls,1
roma tomato,1
romaine,1
romaine lettuce green tango lettuce,1
romaine lettuce juice,1
romanesco,1
romano & asiago cheeses ),1
romano pecorino,1
ron. thiamine mononitrate,1
rose water . vegetables: green peas,1
rosemary extract . vitamins and minerals: reduced iron,1
rosemary. filling: vegetable blend,1
rotini pasta,1
rspo palm kernel oil,1
rubbed with: or less of: apple cider vinegar,1
rum,1
rye*,1
s alt,1
s02,1
saccharomyces cerevisiae,1
sacchharin,1
sacha inchi seed protein*,1
safflower and canola,1
safflower and/or sunflower,1
safflower and/or sunflower oil],1
safflower and/or sunflower oils,1
safflower and/or sunflower seed,1
safflower oil and lactic acid,1
safflower oil+,1
saft,1
sage leaves,1
sage. lamb casing,1
sage. pasta: wheat flour,1
sago flour,1
said,1
saigon cinnamon,1
sait sugar,1
sakura rice cracker,1
sal and shea in varying proportions,1
sal fat,1
sal mono-diglycerides,1
salad,1
salad ingredients: organic mixed greens,1
salad oil,1
salad: quinoa*,1
salami,1
salba chia seed,1
sali,1
sall,1
salmon and smoked salmon,1
salmon filet,1
salmon fillet,1
salmon fillets - salmo salar,1
salmon fish,1
salmon roe,1
salmon salar,1
salmon soybean oil,1
salmon*,1
salsa verde,1
salsa verde sauce,1
salt & black pepper,1
salt & dehydrated garlic,1
salt & garlic powder,1
salt & sodium tripolyphosphate,1
salt & spices,1
salt & water,1
salt & wheat flour,1
"salt (salt, yellow prussiate of soda , vinegar, pork, spices, isolated soy protein, red pepper, cure garlic powder",1
salt acetic and citric acids,1
salt added and spices,1
salt and alcohol to preserve freshness,1
salt and annatto extract {color},1
salt and baking soda,1
salt and black pepper,1
salt and brown sugar,1
salt and calcium chloride and calcium disodium edta,1
salt and calcium propionate as preservative,1
salt and carob bean gum,1
salt and citric acid,1
salt and corn oil,1
salt and dextrose,1
salt and ferrous gluconate,1
salt and ferrous gluconate to stabilize color,1
salt and flavoring,1
salt and flavorings,1
salt and less than of the following: dextrose,1
salt and less than of the following: nonfat dry milk,1
salt and milk caramel,1
salt and monosodium glutamate,1
salt and natamycin,1
salt and natural flavoring,1
salt and natural flavors,1
salt and pepper,1
salt and pure vanilla,1
salt and sodium metabisulfite added as a preservative,1
salt and sodium phosphates,1
salt and spices cellulose gum,1
salt and stabilizers,1
salt and sugar,1
salt and vegetable gum,1
salt and vegetable oil . topping: sugar and cinnamon,1
salt and water rice: basmati rice,1
salt and yeast,1
salt and yeast with sorbitan monostearate,1
salt baking powder fumaric acid,1
salt blend,1
salt cheese culture annato,1
salt contains less than of soy lecithin,1
salt corn syrup,1
salt datem,1
salt dextrose,1
salt disodium edta,1
salt garlic,1
salt granulated onion,1
salt lactic acid and natural flavor,1
salt less than of: modified food starch,1
salt modified corn starch,1
salt modified food starch,1
salt mustard,1
salt natural and artificial flavors. tamarind pulp,1
salt natural hickory smoke concentarte,1
salt paprika,1
salt sodium diacetate,1
salt sodium lactate,1
salt sodium tripolyphosphate,1
salt soy,1
salt soybean oil nonfat dry milk,1
salt spice,1
salt spices,1
salt stabilizers,1
salt tricalcium phosphate,1
salt vanilla,1
salt vegetable oils,1
salt white wine,1
salt wild caught,1
salt with yellow prussiate of soda,1
salt) and olive oil,1
salt). contains almond cashew,1
salt. *certified gluten free,1
salt. artificial flavor,1
salt. butter,1
salt. contains or less of black pepper,1
salt. contains or less of each of the following: natural flavor,1
salt. contains or less of mono and diglycerides,1
salt. contains or less of the following: natural flavors,1
salt. contains or less of: corn syrup,1
salt. contains or less of: mono and diglycerides,1
salt. contains or less of: parmesan cheese*,1
salt. contains or less of: sugar,1
salt. cooking oil: refined soybean oil,1
salt. corn syrup solids,1
salt. crust: enriched wheat flour,1
salt. diluted with water to acidity,1
salt. dipping sauce: water,1
salt. filling: apple filling,1
salt. filling: cottage cheese,1
salt. filling: garbanzo beans,1
salt. filling: shredded beef,1
salt. filling: water,1
salt. flaxseed blend: flaxseed,1
salt. freshness preserved with bht,1
salt. frosting: natural cane sugar,1
salt. less than of potassium chloride,1
salt. less than of sugar,1
salt. less than of vinegar,1
salt. less than of: dextrose,1
"salt. nutrients: (iron, niacin, vit b1, folic acid, vit b2",1
salt. pasta: soft wheat flour,1
salt. preservative: calcium propionate,1
salt. sauce: tomato puree,1
salt. sauce: water,1
salt. some varieties may contain: nonpareils,1
salt. soybeans.alcohol,1
salt. this is a gluten free food,1
salt. tortilla: enriched wheat flour,1
salt. tortilla: wheat flour,1
salt. yellow no. 5 lake,1
salt^ and sunflower lecithin^,1
salted anchovies,1
salted bake,1
salted chili,1
salted chili peppers,1
salted custard,1
salted egg blend,1
salted egg yolks,1
salted garlic,1
salted plums,1
saltm,1
samosa filling: chickpeas,1
samosas potatoes,1
saodium benzoate,1
sardina pilchardus walbaum,1
sardine fillets,1
sardines and tomato sauce,1
sardines in pure olive oil,1
sardines packed in water,1
sardines tomato sauce,1
sardinops sagax or sardinops melanostictus,1
sashimi grade,1
sassafras leaf powder,1
"sauce (water, tomato paste, seasoning , parmesan cheese , low moisture part skim mozzarella cheese",1
"sauce , blanched enriched pasta , broccoli",1
sauce base,1
sauce: water,1
sauerkraut,1
sauteed mushrooms,1
sauteed onions in soy/cottonseed oil for passover mayonnaise,1
sauteed organic vegetables,1
sauteed sesame ginger edamame,1
sauteed vegetable puree mix,1
sauteed vegetable {carrots,1
savery mayonnaise base,1
savory veggie broth,1
savoy cabbage,1
say been all salt,1
say lecithin,1
say lecithin. spice,1
say or sunflower lecithin,1
scallop,1
scallops,1
scya lecithin,1
sea buckthorn seed oil,1
sea buckthorn seed oil*,1
sea clams and sea clam juice,1
sea salt * chili & jalapeno peppers * red bell peppers * cumin * garlic * paprika * cayenne,1
sea salt natural flavors,1
sea salt toppings: pizza sauce,1
sea salt vanilla,1
sea salt. cooked in vegetable oil,1
sea salt. smoked paprika,1
sea salt. soup packet: sea salt,1
sea salt. xanthan gum,1
sea salt},1
sea sodium bicarbonate,1
sea water extract,1
seafood boil liquid concentrate,1
seafood seasoning,1
sealer,1
sealer: water. fried in vegetable oil,1
seasoned beef crumbles,1
seasoned braised beef,1
seasoned broccoli rabe,1
seasoned chicken tenders . piccata sauce,1
seasoned cooked chicken,1
seasoned cooked turkey,1
seasoned fried soybean curd,1
seasoned mayonnaise base,1
seasoned mayonnaise mayonnaise,1
seasoned oil,1
seasoned pork,1
"seasoning (salt, dehydrated onion and parsley, hydrolyzed corn protein, monosodium glutamate, sodium phosphate, guar gum, calcium sulfate and carob bean gum",1
"seasoning (sugar, honey powder , salt, chili peppers , flavor , spices, citric acid",1
seasoning . water less than of: salt,1
seasoning and vegetables: maltodextrin,1
seasoning blend . contains or less of: textured vegetable protein,1
seasoning green onion,1
seasoning salt,1
seasoning {maltodextrin,1
seasoning: corn flour,1
seasonings . filler: pork,1
seasonings textured vegetable protein . masa ingredients: water,1
seaweed maltodextrin,1
seaweed powder,1
seaweed sprinkle seasoning,1
seaweed sweet corn oil,1
seaweed wakame,1
seaweed wrap,1
seaweed),1
seaweed. soy sauce packet . ginger . wasabi,1
seed extract,1
seeded rye bread,1
seeds,1
select popcorn,1
select potatoes,1
selected dairy cultures,1
selina brand celtic sea salt,1
selt.shortening,1
semi sweet chocolate chips,1
semi-dried tomatoes,1
semi-sweet chocolate,1
semisweet chocolate,1
semisweet chocolate chunks,1
semolina wheat flour,1
semolina {wheat},1
separate salt sachet inside,1
separated chicken,1
serrano and jalapeno peppers,1
serrano chili peppers,1
serrano peppers and red bell peppers,1
service spices,1
sesame oi. chill,1
sesame oil : sesame,1
sesame oil salted chili pepper,1
sesame oil sea salt,1
sesame oil+,1
sesame oil. contains: milkmay contain traces of wheat,1
sesame sead,1
sesame seed bun: enriched bleached wheat flour,1
sesame seeds*,1
sesame seeds. wasabi,1
sesame sesame oil,1
sesame sesame seed wasabi,1
"sesame stick (unbleached wheat flour , soybean oil, sesame seeds, bulgar wheat, salt, beet powder, turmeric, cashews, cottonseed and peanuts oils, salt",1
sesame sticks,1
"sesame, topped with onions and poppy seeds",1
shallot & citric acid,1
shallot oil,1
shares equipment with items that may contain tree nuts,1
"sharp cheddar cheese (cheddar cheese , roasted sunflower seeds, crispy onions , bacon flavored bean flakes , freeze dried corn, currants",1
sharp cheddar cheese sauce . battered with water,1
sheep casing,1
sheep milk,1
sheeps milk,1
sheet wafers,1
shellac gum,1
shelled cashews,1
shelled hemp seeds*,1
shelled sunflower seed,1
shelled sunflower seeds,1
shepherd's grain unbleached enriched flour,1
sherry,1
sherry powder,1
sherry solids,1
sherry wine powder,1
shichimi,1
shiitake fermented pea and brown rice protein,1
shiitake mushroom extract,1
shiitake mushrooms,1
shiitake mushrooms * red bell peppers * cumin * brown rice flour * paprika * cayenne maitake mushrooms,1
shiitake mushrooms*,1
shiro miso,1
shishito peppers,1
shiso flavor,1
short grain white rice,1
shortbread crumb,1
shortening butter blend,1
shortening contains or less of: salt,1
shortening margarine,1
shortening oil,1
shredded beef,1
shredded carrot,1
shredded chicken meat,1
shredded coconut,1
shredded red pepper red pepper,1
shredded sharp cheddar cheese,1
shredded turkey thigh meat,1
shrimp . bread crumbs,1
shrimp and water,1
shrimp base,1
shrimp flavor,1
shrimp ingredients: shrimp,1
shrimp meat,1
shrimp paste,1
shrimp salad,1
shrimp seasoning powder,1
shrimp wonton soup,1
sichuanese pepper,1
silicon dioxde,1
silicon dioxide .*dried,1
silicon dioxide added as flow agent at less than,1
silicon dioxide added to prevent caking,1
silicon dioxide and calcium silicate,1
silicon dioxide and tricalcium phosphate,1
silicon dioxide spice,1
silicon dioxide {to prevent caking),1
silicon dioxide },1
silicon dioxide. alpha tocopherois preservative,1
sin 1442,1
sin 202,1
sin 330,1
skim ilk,1
skim milk chickpea,1
skim milk powder corn flour,1
skim milk powder palm oil,1
skim milk vitamin a palmitate,1
skim milk. contains or less of each of the following: water,1
skim milksolids,1
skimmed milk yogurt,1
skimmed soybean,1
skinless boneless mackerel,1
skinless chicken,1
skinless chicken breast with rib meat,1
skinless chicken breasts with rib meat,1
skinless chicken meat,1
skinless chicken thigh meat,1
skinless red sockeye salmon,1
skinless turkey thighs,1
skinless/boneless atlantic salmon,1
skipjack,1
skipjack tuna and water,1
sliced onion,1
slt,1
small bite rice cracker,1
smc gum,1
smoke and other natural flavors,1
smoke flavor added,1
smoke flavoring and flavorings,1
smoke flavorings,1
smoke flavors,1
smoke flavour,1
smoke powders,1
smoked cheese,1
smoked dried shaved bonito extract,1
smoked gouda mac & cheese,1
smoked ham water added,1
smoked oysters,1
smoked paprika [paprika and less than silicon dioxide to prevent caking),1
smoked paprika powder,1
smoked paprika seasoning,1
smoked peppercorn sauce,1
smoked pork butt,1
smoked salmon fillet,1
smoked sardines,1
smoked sauce,1
smoked sweet paprika,1
smoked tuna mayonnaise lemon juice vinegar chives spices gelatine less than 1/10 of pot. sorbate to extend freshness,1
smoked tuna powder,1
smoking flavor,1
snap peas,1
snickers crunchy peanut butter minis - milk chocolate,1
snickers fun size bars - milk chocolate,1
snow crab},1
snow pea pods,1
snow peas,1
sobean,1
sobitian monostearate,1
sockeye salmon and/or keta salmon,1
soda,1
soda ash,1
sodium acd pyrophosphate,1
sodium acid carbonate,1
sodium acid phosphate,1
sodium acid pyrophosphat,1
"sodium acid pyrophosphate , sodium bicarbonate , thickener , preservative , flavoring , salt",1
sodium acid pyrophosphate added to maintain color,1
sodium acid pyrophosphate added to preserve natural color,1
sodium acid pyrophosphate and citric acid to preserve,1
sodium acid pyrophosphate sodium bicarbonate,1
sodium acid pyrophosphater,1
sodium acid pyrophosphate},1
sodium acid pyrosphate,1
sodium acid soybean oil,1
sodium acid. pyrophosphate,1
sodium agd pyrophosphate,1
sodium alginate calcium acetate,1
sodium alginate. breaded with bleached wheat flour,1
sodium aluminum sulfate. calcium sulfate,1
sodium and/or calcium propionate,1
sodium bensoate and potasium sorbate,1
sodium benzoale and potassium sorbate,1
sodium benzoate . gum acacia natural and artificial flavors,1
"sodium benzoate [preservative), sorbic acid [preservative), caramel color",1
sodium benzoate a preservative). acesulfame potassium,1
sodium benzoate added as preservative,1
sodium benzoate added to maintain freshness,1
sodium benzoate added to retard spoilage,1
sodium benzoate and citric acid,1
sodium benzoate and potassium sobrate and sodium propionate,1
sodium benzoate and potassium sorbate added to protect flavor xanthan gum,1
sodium benzoate and potassium sorbate propylene glycol,1
sodium benzoate and potassium sorbate to maintain freshnes,1
sodium benzoate and potassium sorbate to maintain freshness,1
sodium benzoate and potassium sorbate used to protect quality,1
sodium benzoate and potassium sorbate {preservatives},1
sodium benzoate and sodium bisulfite as preservatives,1
sodium benzoate and sodium sulfate,1
"sodium benzoate and sorbic acid (preservatives, sodium hexametaphosphate, mono and diglycerides",1
sodium benzoate and thickeners,1
sodium benzoate and xanthan gum as thickener,1
sodium benzoate as preser vative,1
sodium benzoate as preservative,1
sodium benzoate garlic oil,1
sodium benzoate less than 1/10 of as a preservative,1
sodium benzoate {preservative},1
sodium benzoate: less than 1/10 of as a preservative,1
sodium benzoate{preservative},1
sodium benzoate},1
sodium benzonate and 0,1
sodium bi-carbonate & citric acid,1
sodium bicarbonate ammonium bicarbonate and sodium pyrophosphate,1
sodium bicarbonate and ammonium bicarbonate,1
sodium bicarbonate and monocalcium phosphate,1
sodium bicarbonate and salt,1
sodium bicarbonate and sodium aluminum phosphate,1
sodium bicarbonate and soy lecithin,1
sodium bicarbonate and/or ammonium bicarbonate},1
sodium bicarbonate as leavening agent,1
sodium bicarbonate ins-500 e-500,1
sodium bicarbonate yeast,1
sodium bicarbonate. sodium aluminum sulfate. cornstarch. calcium sulfate. monocalcium phosphate,1
sodium bicarbonated,1
sodium bisulfite (preservative turmeric,1
sodium bisulfite . sauce ingredients: water,1
sodium bisulfite and bha,1
sodium bisulfite and bht,1
sodium bisulfite and sodium benzoate {preservative},1
sodium bisulfite and sodium phophates,1
sodium bisulfite and sodium phosphate,1
sodium bisulfite and sodium phosphates,1
sodium bisulfite as preservatives and xanthan gum,1
sodium bisulfite preservative,1
sodium bisulfites,1
sodium bivarbonate,1
sodium carbaxymethlycellose,1
sodium carbonate and potassium iodide,1
sodium carbonate and sodium citrate,1
sodium caseinate carbohydrate gum,1
"sodium caseinate dipotassium phosphate (ins340 , distilled monoglyceride , silicon dioxide",1
sodium caseinate ja milk derivative,1
sodium chloride and calcium chloride to inhibit oxidation and browning,1
sodium citrate salt,1
sodium citrate sodium polyphosphates,1
sodium citrate. contains active yogurt cultures including l. acidophilus,1
sodium diacetalt,1
sodium diacetate sodium erythorbate,1
sodium diphosphate,1
sodium erythorbate garlic powder,1
sodium erythorbate or sodium ascorbate,1
sodium erythorbate paprika and sodium nitrite. packed in hog casing,1
sodium erythorbate sodium nitrite,1
sodium erythorbate. colored with annatto,1
sodium erythorbate. sheep casing,1
sodium erythrobate,1
sodium eythorbate,1
sodium guanylate,1
sodium henzoate,1
sodium hexamataphosphate,1
sodium hexameta-phosphate,1
sodium hexametaphosphate breaded with: yellow corn meal,1
sodium hydrogen carbonate,1
sodium hydrogen malate,1
sodium hydrogenocarbonate,1
sodium hydroxide as preservative,1
sodium inosionate and silicon dioxide,1
sodium lactate and sodium diacetate with silicon dioxide,1
sodium lactate sodium,1
sodium lactylate ins-481 e-481,1
sodium lascorbate,1
sodium meatabisulfite,1
sodium metabisulfate,1
sodium metabisulfite added as a dough conditioner,1
sodium metabisulfite added as preservative,1
sodium metabisulfite and enzymes,1
sodium metabisulfite and/or mono- and diglycerides,1
sodium metabisulfite e223,1
sodium metabisulphite as antioxidant and tocopherols as antioxidant,1
sodium nitrite coated with brown sugar and black pepper,1
sodium nitrite coated with spices,1
sodium nitrite in beef collagen casing,1
sodium nitrite made with beef collagen casing,1
sodium nitrite may contain: sugar,1
"sodium nitrite, in a lamb casing",1
sodium nitrite. casing made from calcium alginate. predust ingredients: enriched wheat flour,1
sodium nitrite. coated with black pepper,1
sodium nitrite. coated with: brown sugar,1
sodium nitrite. heat pork to an internal temperature of 160f,1
sodium nitrite. in a natural lamb casing,1
sodium nitrite. in beef collagen casing,1
sodium nitrite. in beef collagen casing. turkey sausage bites ingredients: turkey,1
sodium nitrite. may also contain sugar,1
sodium nitrite. may also contains less than honey,1
sodium nitrite. may contain sugar,1
sodium nitrite. natural lamb casing,1
sodium nitrite. rubbed with: natural flavorings,1
sodium nitrite. stuffed in hog casing,1
sodium nitrite. stuffed into a natural hog casing. naturally smoked,1
sodium nitrite. water and carrageenan product,1
sodium peopionate,1
sodium phoshpates,1
sodium phospahte,1
sodium phosphate and natural flavor,1
sodium phosphate sodium erythorbate,1
sodium phosphate. bisque roux: wheat flour,1
sodium phosphate. sauce: soy sauce,1
sodium phosphates. light pasteurized process american cheese: milk,1
sodium phosphates. sodium diacetate,1
sodium polyphosphate,1
sodium polyphosphates . natural flavor,1
sodium propionate added as a preservative,1
sodium propionate and sorbic acid,1
sodium propionate yeast extract. sodium diacetate,1
sodium proprionate,1
sodium selenate,1
sodium silocoaluminate,1
sodium slearoyl lactylate,1
sodium sorbate,1
sodium stearoly lactylate,1
sodium stearoyl- 2- lactylate,1
sodium succinate,1
sodium sulfate,1
sodium sulfite to protect color,1
sodium tirpolyphosphate,1
sodium triphosphate,1
sodium tripoly phosphate,1
sodium tripoly-phosphate,1
sodium tripolyphoshpate,1
sodium tripolyphosphate . batter coating - wheat flour,1
sodium tripolyphosphate . batter coating: wheat flour,1
sodium tripolyphosphate . breadcrumb coating wheat flour,1
sodium tripolyphosphate and sodium bisulfite,1
sodium tripolyphosphate and/or sodium carbonate,1
sodium tripolyphosphate to retain moisture,1
sodium tripolyphosphates,1
sodiumphosphate,1
sodiumtripolyphosphate contains shellfish,1
sodum stearoyl lactylate,1
soft wheat flour,1
softener,1
soghum flour,1
solid light tuna,1
solid light yellowfin tuna,1
solid white tuna,1
soluble vegetable fiber,1
sorbic acid a mold inhibitor,1
sorbic acid and calcium disodium edta added to preserve freshness,1
sorbic acid and potassium sorbate and propellant,1
sorbic acid and rennet,1
sorbic acid and rennet and natamycin,1
sorbic acid and/or citric acid,1
sorbic acid carboxymetilcelluloses,1
sorbic acid enzymes,1
sorbic acid perservative,1
sorbic acid preservative),1
sorbic acid to protect freshness,1
sorbic acid {preservative},1
sorbicacid,1
sorbitan,1
sorbitan monolaurate,1
sorbitan monosteate,1
sorbitan monosterate,1
sorbitol fd&c yellow #5 and red #40 and potassium sorbate as a preservative,1
sorbitol from tapioca,1
sorbitol. lactic acid,1
sorbitol. maltitol,1
soribitan tristearate,1
soudium benzoate and potassium sorbate f.d.&c yellow no.5 and 6,1
soum nitrite,1
"sour cream (cultured cream [from milki), vital wheat gluten, whey",1
sour cream flavoring,1
sour cream solids,1
sour cream substitute,1
sour cream {grade a cultured milk and cream,1
sour cream**,1
sour red cherry,1
sour starter,1
sourced from the united kingdom,1
sourdough bread: unbleached enriched wheat flour,1
soy & wheat,1
soy and wheat protein disodium phosphate,1
soy and/or canola oil,1
soy and/or sunflower lecithin,1
soy bean and cottonseed oil,1
soy bean and/or cotton seed oil,1
soy bean oil and salt,1
soy bean sauce,1
soy bean sauce citric acid,1
soy bran,1
soy crips,1
soy derived,1
soy flour egg whites,1
soy flour. granulated sugar: sugar,1
soy flour. plain: sugar,1
soy flour. sauce: water,1
soy flour. vegetable protein. cornmeal. spread: vegetable oil blend,1
soy lecithin & pgpr,1
soy lecithin & polyglycerol polyricinoleic acid,1
soy lecithin - and emulsifier,1
soy lecithin . chocolate vanillin,1
soy lecithin . lactic acid,1
soy lecithin . mono- and diglycerides,1
soy lecithin . unsweetened chocolate and vanilla,1
soy lecithin . vanillin {artificial flavor)},1
soy lecithin added as an emulsifier,1
soy lecithin added as an emulsifier and natural flavors,1
soy lecithin and beta carotene for color,1
soy lecithin and citric acid,1
soy lecithin and pgpr,1
soy lecithin and vanilla artificial flavor,1
soy lecithin and vanillin an artificial flavors,1
soy lecithin azodicarbonamide,1
soy lecithin cocoa butter,1
soy lecithin emulsifier,1
soy lecithin ins-322 e-322,1
soy lecithin jan emulsifier],1
soy lecithin leavening and natural flavor,1
soy lecithin natural vanilla flavor,1
soy lecithin polysorbate 80. cellulose gum. xanthan gum polysorbate 80. glycerin,1
soy lecithin salt,1
soy lecithin vanilla,1
soy lecithin vanillin,1
soy lecithin xanthan artificial flavor,1
soy lecithin {en emulsifier},1
soy lecithin-an emulsifier vanilla-an artificial flavor,1
soy lecithin. *organic,1
soy lecithin. contains: soy. also contains propellant to dispense spray,1
soy lecithin. cooked in vegetable oil . chicken frank ingredients: mechanically separated chicken,1
soy lecithin. cookie crunch - bleached wheat flour,1
soy lecithin. guar gum. calcium propionate,1
soy lecithin. ingredients filling: white sauce,1
soy lecithin. natural flavor,1
soy lecithin. natural flavor. blue 1. red 40,1
soy lecithin. nestle butterfinger bar: corn syrup,1
soy lecithin. vitamins and minerals: calcium carbonate,1
soy lecithin. vitamins and minerals: dicalcium phosphate,1
"soy lecithin. vitamins and minerals: enrichment [dicalcium phosphate, vitamin a palmitate, niacinamide, reduced iron, cyanocobalamine , pyridoxine hydrochloride , thiamine hydrochloride , riboflavin",1
soy leghemoglobin,1
soy mono & diglycerides,1
soy nuts,1
soy oil and olive oil},1
soy oil and salt,1
soy oil salt,1
soy oil. crust: flour 0000,1
soy protein product,1
soy protein vitamins and minerals,1
"soy sauce (water, molasses, soya bean, flour & colored with caramell ginger root, sugar, monosodium glutamate, scallion, salt, sesame oil, pepper",1
soy sauce . modified corn starch,1
soy sauce . yeast extract,1
soy sauce maltodextrin and salt,1
soy sauce modified food starch,1
soy sauce packet,1
soy sauce soybeans,1
soy sauce water,1
soy sauce {fermented soybeans,1
soy sauce {soy protein,1
soy sauce {water,1
soy sauce {wheat,1
soy sauce. kelp extract. bonito extract,1
soy sauce: water,1
soy vegetable un water and salt,1
soy- beans,1
soy-derived,1
soy. and wheat gluten proteins. salt,1
soy. wheat,1
soy/cottonseed,1
soy/cottonseed oil for passover,1
soya lecithin e322 emulsifier,1
soya lecithin emulsifier e322,1
soya oil and salt,1
soyaoil,1
soybean & water,1
soybean &/or cottonseed oils,1
soybean and modified palm oil,1
soybean and olive oils,1
soybean and palm,1
soybean and palm oils,1
soybean and rapeseed oil,1
soybean and salt,1
soybean and yeast,1
soybean and/ or canola oil,1
soybean and/or,1
soybean and/or canola oil and yeast,1
soybean and/or cottonseed and/or corn and/or canola oils,1
soybean and/or cottonseed and/or corn and/or less of: yeast,1
soybean and/or rapeseed,1
soybean and/or sunflower seed oil,1
soybean in pod,1
soybean oil & yeast,1
soybean oil and chili,1
soybean oil and extra virgin olive oil,1
soybean oil and propellant isobutane and propane,1
soybean oil and water,1
soybean oil and/or corn oil,1
soybean oil and/or corn oil and/or cottonseed oil,1
soybean oil and/or sunflower oil,1
soybean oil dextrose,1
soybean oil less than of high oleic canola oil and/or soybean oil,1
soybean oil modified corn starch,1
soybean oil or safflower oil,1
soybean oil whole eggs vinegar water high fructose corn syrup. contains less than of: salt. egg yolk lemon juice concentrate. calcium disodium edta to protect flavor. natural flavor paprika spice,1
soybean oil with tbhq for freshness,1
soybean oil**,1
soybean oil+,1
soybean oil. contains or less of: salt,1
soybean oil. fried in vegetable oil,1
soybean oil. garlic spread: palm oil,1
soybean oil. parmesan cheese: pasteurized milk,1
soybean oil. salt,1
soybean oil. vegetable broth,1
soybean oil. water,1
soybean oilsugar,1
soybean oil},1
soybean or cottonseed,1
soybean or palm oil,1
soybean polysaccharide,1
soybean wheat,1
soybean with tbhq for freshness,1
soybeans alcohol,1
soybeans and salt,1
soybeans and sea salt,1
soybeans lecithin,1
soybean},1
soyle cithin,1
spanish lentils,1
spanish peanuts,1
spearmint extract,1
specially processed whey solids and nonfat dry milk,1
speed cure,1
spelt flakes,1
spent grain flour,1
spice and calcium lactate,1
spice and color,1
spice and flavor,1
spice and spice extracts,1
spice base,1
"spice base (yellow corn flour, turmeric & paprika , dough conditioner , mold inhibitor",1
spice composite,1
spice extractive & silicon dioxide to prevent caking great on pork,1
spice extractive and silicon dioxide added to prevent caking,1
spice extractives including oleoresin of paprika,1
spice extractives on dextrose,1
spice extractives. collegen casings,1
spice extractives. packed in collagen casing,1
spice extractives. smoke flavoring added,1
spice garlic granulated,1
spice onion powder,1
"spice parsley: fresh parsley. 8"""" sub roll: enriched flour",1
spice pineapple juice concentrate,1
spice xanthan gum,1
spice-s,1
spices & herbs,1
spices & seasonings,1
spices . aspic: water,1
spices . natural pork or lamb casing,1
spices . rice: water,1
spices and and flavorings. in collegan casing,1
spices and bisulfate of soda,1
spices and citric acid,1
spices and coloring potato starch,1
spices and extractives of paprika,1
spices and flavoring,1
spices and natural flavorings,1
spices and not more than silicon dioxide added to prevent caking,1
spices and paprika,1
spices and saffron,1
spices and turmeric,1
spices citric acid and sodium benzoate as preservative,1
spices dextrose,1
spices dried egg whites,1
spices extracts,1
spices garlic powder. tortilla: enriched wheat flour,1
spices herbs and sea salt,1
spices including chipotle,1
spices including onion,1
spices including paprika,1
spices marjoram,1
spices salt,1
spices sea salt,1
spices sodium benzoate and potassium sorbate added to protect flavor,1
spices yellow 5,1
spices),1
spices**,1
"spices, dill",1
spices. breaded with: breading,1
spices. may be used for passover,1
spices. pasta: semolina flour,1
spices. vinegar. yeast extract,1
spices}. contains or less of: salt,1
spicy brown mustard,1
spicy chili flavor,1
"spicy mayonnaise sauce (mayonnaise , hot sauce [chili, sugar, salt, garlic, distilled vinegar, potassium sorbate sodium bisulfite, xanthan gum), soy sauce , sesame oil)",1
spicy mix powder,1
spicy salmon roll,1
spicy sauce,1
spicy tomato sauce,1
spicy tuna,1
spinach and water,1
spinach artichoke,1
spinach contains less than of corn starch,1
spinach crisp,1
spinach dip: yogurt,1
spinach flavoring,1
spinach juice,1
spinach leaf powder,1
spinach mozzarella cheese,1
spinach parmesan seasoning,1
spinach. water,1
spirulina powder,1
splenda sucralose,1
split baby garbanzo beans,1
split mung beans,1
splited peas,1
spray dried shortening,1
spread: vegetable oil blend,1
spring onions,1
spring roll sauce,1
spring roll wrapper: wheat flour,1
sprouted brown rice flour,1
sprouted buckwheat flour,1
sprouted flaxseed,1
sprouted gluten-free organic oats,1
sprouted organic barley,1
sprouted organic brown rice,1
sprouted organic sunflower seeds,1
sprouted organic whole wheat berries,1
sprouted sesame seeds,1
sprouted sunflower seeds,1
squid,1
sri lanka,1
sriracha ranch nut seasoning,1
"sriracha sauce (cayenne pepper puree water, organic cane sugar, red jalapeno peppers, organic distilled vinegar, organic dried garlic cavenne powder, xanthan gum and citric acid",1
ss-carotene - color,1
stabilisers sorbitols & potassium chloride,1
stabilized and emulsified by locust bean gum,1
"stabilizer , crumb",1
stabilizer . magnesium chloride,1
stabilizer . mochi dough ingredients: sugar,1
stabilizer and vitamin d3,1
stabilizer blend . natural and artificial vanilla flavor,1
stabilizer: carboxymethylcellulose,1
stabilizer: gellan gum,1
stabilizer: xanthan gum,1
stabilizer],1
stabilizers ),1
stabilizers carrageenan,1
stabilizers xanthan gum,1
stablizer,1
stablizers,1
standardized with sugar,1
starch and cellulose powder to prevent caking,1
starch and powdered cellulose to prevent caking,1
starch glue,1
starch powder,1
starch sodium octenyl succinate,1
starch-modified,1
starter culture. coated in a layer of gum acacia and black pepper,1
starter distillate,1
statement parsley pasta: extra fancy durum flour,1
steak seasoning,1
steam treated cashews,1
steamed & pasteurized,1
steamed 3 color medley mix jasmine rice,1
steamed broccoli,1
steamed white rice,1
steel cut oats {whole grain oats},1
steel cut oats*,1
stevia extract and vitamin d3,1
stevia rebaudioside a. 7 live active cultures: s. thermophilus,1
steviol glycosides and yellow no.5,1
stick,1
sticky rice,1
stone ground mustard,1
stone ground non gmo corn,1
stone ground wheat flour,1
stone ground whole grain wheat flour,1
stone ground yellow corn,1
stone-ground corn,1
stone-ground sesame seeds,1
stoneground whole wheat flour,1
straeberry glaze,1
strained yogurt: cultured pasteurized nonfat grade a milk,1
straw mushroom,1
strawberries and strawberry puree,1
strawberries*,1
strawberries. apple juice concentrate. citric acid,1
strawberries. organic oat milk,1
strawberry base,1
strawberry candy: sugar,1
strawberry flavor with other natural flavors,1
strawberry flavored filling,1
strawberry flavoring,1
strawberry fruit base,1
strawberry fruit powder,1
strawberry juice from concentrate,1
strawberry puree. natural flavor,1
strawberry scan here for more food information juice concentrate,1
strawberrys,1
strengthener,1
stuffed in a collagen casing,1
stuffed in beef collagen casing,1
stuffed into lamb casing,1
stuffed into natural lamb casing,1
sub roll,1
suchalose,1
sucralose and acesulfame k,1
sucralose and acesulfame potassium,1
sucralose and calcium propionate and sorbic acid,1
sucralose) chocolate coating peanuts,1
sucralose. wafers - bleached wheat flour,1
sucrose acetate isobutyrate food grade,1
sucrose natural mango pulp not less than %25,1
sufficient to reconstitute,1
"sugar , potato starch , canola oil , eggs , frigex starch , glycerin , sugar ainoorti , cellulose",1
sugar and beef extract,1
sugar and beef fat,1
sugar and citric acid,1
sugar and dextrose,1
sugar and lemon juice,1
sugar and sodium nitrite,1
sugar and vinegar,1
sugar and xanthan gum,1
sugar and/or corn sweeteners,1
sugar beef potassium chloride,1
sugar brown sugar,1
sugar cane and/or high fructose corn syrup,1
sugar cane crystals,1
sugar cane syrup,1
sugar cane vinegar,1
sugar cocoa butter,1
sugar contains or less: fruit and vegetable juice,1
sugar corn syrup. invert sugar,1
sugar fractionated palm kernel oil yogurt,1
sugar free fruit layer,1
sugar free yogurt coating,1
sugar grape juice,1
sugar hydrogenated palm kernel oil,1
sugar milk blend,1
sugar milk powder,1
sugar or dextrose,1
sugar or honey,1
sugar snaps,1
sugar sprinkles,1
sugar sy granulated sugar,1
sugar unsweetened chocolate,1
sugar vegetable oil,1
sugar water,1
sugar whole milk,1
sugar yeast,1
sugar**,1
"sugar, parmesan crisps: parmesan cheese",1
"sugar, titanium dioxide",1
"sugar, vegetable oil , nonfat milk, corn syrup solids, whey , lactose , contains or less of: milk, cornstarch, lecithin , natural flavor and artificial flavor, salt, artificial color , tocopherols",1
sugar. contains or less of each of the following: barley malt extract,1
sugar. contains or less of: salt,1
sugar. corn oil potato flour. natural flavor,1
sugar. cornstarch,1
sugar. enriched wheat flour . bananas soybean oil,1
sugar. garlic,1
sugar. guar gum,1
sugar. in a natural lamb casing,1
sugar. lemon juice concentrate,1
sugar. mozzarella,1
sugar. peanuts,1
sugar. salt. barley malt extract,1
sugar. soybean oil. contains or less of: rye flour,1
sugar. vinegar,1
sugar. water,1
sugar. yeast,1
sugarcane fiber,1
sugarcane molsses,1
sugared heart cookie: enriched flour,1
sugared yolks,1
sugars from fiber,1
sugars*,1
sugar},1
sulfites {naturally occurring,1
sulfiting agents},1
sulfur dioxide.) sprinkles: sugar,1
sulphite,1
sulphites,1
sulphur,1
sulphur dioxide to promote color retention,1
sumac,1
sun dried tomato,1
sun dried tomato with so2,1
sun-dried chili mix,1
sun-dried sea salt,1
sun-dried tomato,1
sunflower and soybean,1
sunflower and/or corn oil,1
sunflower and/or palm oil,1
sunflower and/or safflower,1
sunflower and/or soybean oil,1
sunflower and/or soybean oil*,1
sunflower extracts,1
sunflower kernels peanuts oil and/or cottonseed oil and/or soybean or and/or canola oil and/or sunflower oil,1
"sunflower kernels, soy protein isolate, sugar, whey protein concentrate , sunflower oil, cornstarch, lecithin , sea salt, garlic powder, yeast extract, onion powder, spice, natural flavor",1
sunflower lecithin cane flour,1
sunflower nuts,1
sunflower oi! silicon dioxide,1
sunflower oil and citric acid,1
sunflower oil and natural flavor,1
sunflower oil and rosemary extract,1
sunflower oil and salt,1
sunflower oil and sea salt,1
sunflower oil and/or nongmo canola oil,1
sunflower oil and/or peanut oil,1
sunflower oil and/or peanut oil and/or cottonseed oil and/or soybean oil and/or canola oil,1
sunflower oil and/or safflower oil and/or canola oil,1
sunflower oil and/or soybean oil,1
sunflower oil onion powder,1
sunflower oil or canola oil,1
sunflower oil or corn oil,1
sunflower oil sugar,1
sunflower oil with natural tocopherols added to preserve freshness,1
sunflower oil**,1
sunflower seed butter,1
sunflower seed meat,1
sunflower seed oil and salt,1
sunflower seed paste,1
sunflower seeds kernels oil roasted,1
sunflower seeds sunflower oil,1
sunflower seeds. sesame seeds,1
sunset yellow fcf,1
super extra large virginia peanuts,1
super extra-large virginia peanuts,1
super sweet corn,1
suralose,1
surface ripened semisoft cheese,1
surimi,1
surimi mix,1
"sushi rice (water, white rice, sushi vinegar , ran tuna, avocado, pickled ginger , sesame seed, green leaf lettuce, seaweed",1
"sushi rice (water, white rice, sushi vinegar , raw tuna, raw salmon, avocado, pickled ginger , seaweed",1
sushi rice ),1
sushi rice . spicy salmon,1
sushi vinegar sugar,1
sustainable,1
sustainable ethical palm fruit*+,1
sustainable organic palm oil+,1
sustains freshness,1
sweeneted coconut,1
sweet,1
sweet baby ray's jerky base,1
sweet baby rays jerky base,1
sweet basil cold pressed extra virgin olive oil,1
sweet butter,1
sweet chili glaze,1
sweet chili sauce,1
sweet citrus sauce,1
sweet cooking rice wine,1
sweet cooling rice wine {glutinous lice,1
sweet corn,1
sweet corn powder,1
sweet cream butter milk solids,1
sweet cream butter-milk,1
sweet cream whey,1
sweet green peppers,1
sweet lettuce,1
sweet onion,1
sweet onions,1
sweet paprika*,1
sweet pepper,1
sweet peppers,1
sweet pickle emulsion,1
sweet piquante pepper,1
sweet potato juice,1
sweet potato puree,1
sweet potato puree*,1
sweet red pepper,1
sweet rice wine,1
sweet spanish onions,1
sweet whey powder,1
sweet whey {milk},1
sweet white rice flour,1
sweet yellow pepper,1
sweetcorn,1
sweetened coconut flakes,1
sweetened condensed butter,1
sweetened cranberries*,1
sweetened only with fruit juice concentrates,1
sweetened strawberries,1
sweetener blend,1
sweetener contains live active & probiotic cultures,1
sweetener: steviol glycosides,1
swimming crab and or snow crab,1
swiss chard,1
synthetic bitter almond oil,1
synthetic calcium silicate {anticaking agent},1
syrups,1
tabasco brand chipotle sauce,1
tabasco brand pepper pulp,1
tabasco peppers,1
tack blend maltodextrin,1
taco seasoning,1
tahini paste . flatbread: enriched wheat flour,1
talc,1
tamari powder,1
tamari sauce*,1
tamarind chutney,1
tamarind natural flavor,1
tamarind paste,1
tamarind paste*,1
tamarind puree,1
tamarind shells & pitts,1
tamarinds,1
tamarino,1
tandoori chickpeas lemon juice,1
tangerine fragrance,1
tangerine peel granules,1
tangle extract,1
tangle powder,1
tango*,1
tapica starch,1
tapioca and rice starch,1
tapioca dextrin starch,1
tapioca food starch,1
tapioca modified starch,1
tapioca multidextrin,1
tapioca solids,1
tapioca starch xanthan gum,1
tapioca starch*,1
tapioca starch-modified,1
taploca flour,1
taploca starch,1
tarragon leaves,1
tart cherries,1
tartness,1
tasteless smoke as a preservative to promote color rentention,1
tatso,1
tbhq added to protect flavor,1
tbhq and citric acid . seasoning: maltodextrin,1
tbhq and citric acid added as preservatives and dimethylpolysiloxane added as an anti-foaming agent,1
tbhq and citric acid added as stabilizers,1
tbhq and citric acid added to protect flavor. beta carotene,1
tbhq and citric acid in propylene glycol,1
tbhq anti-oxidant,1
tbhq as an antioxidant and citric acid as an acidulant,1
tbqh,1
tea leaf extract,1
tea powder,1
tehq,1
tejocote pulp,1
tempeh culture,1
tempura crisps,1
tempura shrimp: farm-raised shrimp,1
tenderized with bromelain,1
tequila,1
teriyaki rice cracker,1
tertiary butyl hydroquinone,1
tertiary butylhydroquinone,1
tetra sodium pyrophosphate,1
tetrasodium phosphate,1
texmati light brown rice,1
textured soy flour seasoning,1
textured vegetable protein . contains or less of: salt,1
textured vegetable protein contains or less of the following: salt,1
textured vegetable protein soy fines ramano cheese,1
textured vegetableprotein,1
texturized vegetable protein,1
thai basil noodle,1
thai chile,1
thai tea . chia seed,1
thaimine monoitrate,1
thamin mononitrate,1
thbq,1
the following added to promote color retention,1
the following contains less than : green bell peppers,1
the quinoa ingredients filtered water,1
theragra chalcogramma,1
thiamin hcl,1
thiamin mono-nitrate,1
thiamin monoitrate,1
thiamin mononitrate . riboflavin,1
thiamin mononitrate . riboflavin vitamin b2,1
thiamin mononitrate and folic acid,1
thiamin mononitrate riboflavin,1
thiamin mononitrate vitamin b1,1
thiamin mononitrate),1
thiamine as vit. b1,1
thiamine chloride hydrochloride,1
thiamine hcl,1
thiamine hydrochloride and partially hydrogenated soybean oil,1
thiamine hydrochloride b1,1
thiamine hydrochloride. vitamin d3,1
thiamine hydrocholride,1
thiamine monitrate,1
thiamine mono-nitrate,1
thiamine monoitrate,1
thiamine mononitarte,1
thiamine mononitpate,1
thiamine mononitrate & folic acid,1
thiamine mononitrate and folic acid,1
thiamine mononitrate riboflavin,1
thiamine mononitrate riboflavin folic acid,1
thiamine mononitrate-b1 riboflavin-b2,1
thiamine mononitrate-b1. riboflavin-b2,1
thiamine monotriate,1
thiamine monotritate riboflavin,1
thiamine syrup enriched wheat flour vegetable shortening half & half water fresh egg yolks,1
thiamn mononitrate,1
thickeners carrageenan & xanthan gum,1
thickening agent,1
thickening agent citric acid artificial color,1
thickening agents: pectin,1
this is a naturally grown soybean that does not contain genetically modified organisms,1
thompson raisins*,1
threadfin bream,1
threadfin bream surimi. water,1
three colour mix organic quinoa seeds,1
through feed,1
thunnus spp,1
thyme & bay,1
thyme ground white pepper,1
titanium dioxide . canola oil,1
titanium dioxide and silicon dioxide),1
titanium dioxide glycerine,1
titanium dioxide },1
titanium dioxide),1
titanium dixoide sunflower lecithin,1
titanium doixide,1
titanium oxide,1
titanium powder baking soda,1
to acidity,1
to avoid discoloration,1
to help protect flavors,1
to include parsley,1
to inhibit foaming,1
to maintain texture,1
to preservative freshness,1
to preserve flavor,1
to preserve stability,1
to preserver freshness,1
to prevent caking powdered cellulose,1
to preventi caking,1
to promote freshness,1
to protect flavor],1
to provide thickness,1
to retain color,1
to retain whiteness,1
to retard spoilade,1
toasted almonds,1
toasted barley flour,1
toasted bread crumbs . water,1
toasted chia seeds,1
toasted corn flour,1
toasted corn germ,1
toasted crushed whole wheat,1
toasted dried onions,1
toasted garlic,1
toasted onions. contains or less of: yeast,1
toasted sesame seeds,1
toasted soy grits,1
toasted wheat crumbs spinach,1
toasted wheat germ,1
toasted whole barley,1
tocopherals to maintain freshness,1
tocopherols & ascorbyl palmitate,1
tocopherols and vitamin c palmitate,1
tocopherols to extend freshness,1
tocopherols to maintain freshness. vitamins and minerals: reduced iron,1
tocopherols to preserve freshness,1
toffee,1
tomatillo puree,1
tomato and parsley,1
tomato and salt,1
tomato and salt added,1
tomato basil seasoning,1
tomato basil tortilla,1
tomato bouillon,1
tomato catsup,1
tomato concentrate and spices,1
tomato concentrate made from vine ripened tomatoes,1
tomato concentrate {water,1
tomato juice citric acid,1
tomato lettuce,1
tomato lycopene,1
tomato passata,1
tomato paste . contains less than of food starch-modified,1
tomato paste and citric acid,1
tomato paste and/or tomato paste,1
tomato paste. contains less than of: chicory root extract. potato starch hydrolyzed corn,1
tomato paste. contains less than of: modified food starch,1
tomato paste},1
tomato powder*,1
tomato pure,1
tomato puree . water,1
tomato sauce and iodized salt,1
tomato sauce. water,1
tomato solids,1
tomato),1
tomatoes celery root,1
tomatoes in juice . contains or less of each of the following: tomato paste,1
tomatoes in puree,1
tomatoes with green chili peppers,1
tomatoes with juice,1
tootsie roll midgees,1
top round beef,1
topping,1
topping ingredients: wheat flour,1
topping packet,1
topping: farm raised shrimp,1
topping: heavy cream,1
toremote color retention,1
tortilla flour,1
tortilla pieces,1
tortilla preservative,1
torula yeast extract,1
torula yeast. vinegar,1
total sugars and added sugars,1
trace,1
trace of mineral lime,1
trace of sea salt,1
trader joe's coconut oil,1
trans p terostilbene,1
treated with ascorbic acid,1
treated with sulphur dioxide to retard browning,1
tree cucumber,1
tree nut,1
tree ripened mango,1
triacetin,1
tricalcium phospahte,1
tricalcium phosphate added to prevent caking,1
tricalcium phosphate as anti-caking agent,1
tricalcium phosphate*,1
tricalciumphosphate,1
triethyl citrate,1
triipolyphosphate,1
tripe filtered carbonated water,1
triple-filtered water,1
trisodium citrate powdered soy sauce . dextrin salt,1
trisodium phosphate. vitamin and minerals: ferric orthophosphate,1
tron,1
true cold milled golden omega flaxseed,1
truffles,1
tuber albidum pico,1
tumeric spice,1
tumeric spices,1
tun,1
tuna bone extract,1
tuna flakes,1
tuna ingredients: wild caught yellowfin tuna,1
tuna light tuna,1
tuna mac,1
"tuna salad (tuna , canola mayonnaise , celery, panko bread crumbs , croissant (unbleached, unbromated wheat flour [malted barley flour, niacin, iron , green leaf lettuce",1
"tuna salad , multi grain bread (water, whole wheat flour, enriched unbleached flour , oat fiber, 8 grain mix , tomato, lettuce",1
tuna salad base,1
tuna salad seasoning . contains egg,1
tuna water,1
turbinado sugar},1
turkey and turkey stock,1
"turkey broth (water, turkey*, rosemary extract* [antioxidant)*, wheat flour*, creme fraiche *, chicken fat*, roasted turkey*, sea salt, blackstrap molasses*, yeast*",1
turkey broth and or less of sea salt,1
turkey broth*,1
turkey broth. mechanically separated turkey,1
turkey dark meat,1
turkey fat*,1
turkey gizzards,1
turkey pepper jack fat has been reduced from 18g to 6g per serving. turkey,1
turkey polska fat has been reduced from 18g to 4.5g per serving. turkey,1
turkey sausage sticks ingredients: turkey,1
"turkey stock (filtered water, concentrated turkey stock , concentrated vegetable broth , honey, salt, concentrated chicken broth, carrot juice concentrate",1
turkey thigh meat with a portion of ground turkey thigh trim added,1
turkey thighs,1
turkey turkey turkey broth,1
turkey*,1
turmacin,1
turmeric & natural flavors,1
turmeric *,1
turmeric . annatto,1
turmeric and less than silicon dioxide,1
turmeric autolyzed yeast,1
turmeric coloring,1
turmeric concentrate,1
turmeric extract color,1
turmeric extract powder - curcuminoids,1
turmeric extract powder - curcuminoids*,1
turmeric extract],1
turmeric for color. less than silicon dioxide added to prevent caking,1
turmeric oleoresin . annatto extract,1
turmeric oleoresin . wheat starch. vitamins and minerals: ferric orthophosphate,1
turmeric oleoresin and annatto extract {colors},1
turmeric oleosin,1
turmeric root powder,1
turmeric root powder*,1
turmeric sea salt,1
turmeric {color},1
turmeric {for color}],1
turmeric. basmati rice: water,1
turmeric. filling mixture: ricotta cheese,1
turmeric. samosa crust: wheat flour,1
turmeric},1
turmetic,1
tuscan kale,1
tuscan tomato sauce,1
u.s. farm-raised catfish,1
u.s. grade a raw honey,1
udon noodles,1
uht salt,1
ultrafiltered skim milk*,1
unbleached and unbromated sifted enriched wheat flour,1
unbleached durum flour,1
unbleached enriched flour*,1
unbleached enriched high protein wheat flour,1
unbleached enriched organic flour,1
unbleached enriched wheat flour enzyme,1
unbleached enriched wheat flour flour,1
unbleached enriched white flour,1
unbleached er riched flour {wheat flour,1
unbleached hard red wheat flour,1
unbleached hard wheat enriched flour,1
unbleached pastry flour,1
unbleached unbromated,1
unbleached unbromated flour,1
unbleached unenriched organic wheat flour,1
unbleached wheat flour malted barley flour,1
unbleached wheat flour niacin,1
unbleached wheat flour sugar,1
unbleached wheat flout,1
unbleached white flour,1
unbleached whole wheat flour,1
unbleached-unbromated flour,1
unbromate unbleached enriched wheat flour,1
unbromated enriched wheat flour,1
unbromated unbleached enriched flour,1
unbromated unbleached enriched wheat flour,1
uncooked cornstarch,1
uncooked red quinoa,1
uncooked shrimp,1
uncured bacon bits,1
uncured bacon bits contain no added nitrates or nitrites except those naturally occurring in sea salt and cultured celery juice,1
uncured bacon no nitrates or nitrites added except for those naturally occurring in cultured celery juice powder,1
uncured pepperoni no nitrate or nitrite added except that which naturally occurs in sea salt and celery juice concentrate,1
uncured pepperonit,1
uncured smoked bacon,1
unenriched organic whole wheat flour,1
unenriched semolina flour,1
unenriched unbleached wheai flour,1
unfiltered apple juice,1
unfiltered cider from certified organic apples,1
unhomogenized whole milk,1
unpasteurized milk,1
unrefined cane sugar,1
unrefined cold-pressed,1
unrefined extra virgin coconut oil,1
unrefined organic extra virgin coconut oil,1
unsalted grade aa butter,1
unseasoned cream sauce mix,1
unsulphured molasses,1
unsweetened applesauce,1
unsweetened chocolate*,1
unsweetened coconut flakes,1
unsweetened pineapple,1
upcycled atlantic salmon,1
us fd&c red #40,1
used as a preservative,1
used as a processing aid,1
used to protect flavor,1
usp bicarbonate sodium,1
utah pink salt,1
utah sea salt,1
vagetable,1
vainillin,1
vaniilla,1
vanilia,1
vanilla & butter flavors,1
vanilla and sunflower lecithin,1
vanilla artificial flavor,1
vanilla bean extractives in water. alcohol,1
vanilla bean powder,1
vanilla cinnamon,1
vanilla cream swirls,1
vanilla extract and vanillin,1
vanilla extract and vanillin flavor,1
vanilla extract baking soda,1
vanilla extract. caramel swirl: sweetened condensed skim milk,1
vanilla extract. topping: wheat flour,1
vanilla ice cream: cream,1
vanilla sea salt,1
vanilla sugar. filling: farmer cheese,1
vanilla wafers,1
vanilla with other natural flavors,1
vanilla yogurt,1
vanillin - an artificial flavor,1
vanillin and confectioner's glaze,1
vanillin {artificial flavor,1
vanillin-an artificial flavor,1
vanillin: an artifcial flavor,1
vanilline,1
varietal peppers,1
various lentils*,1
veal. egg whites,1
vegan broth concentrate,1
vegan callebaut,1
vegan classic onion seasoning,1
vegan dough: durum organic wheat flour,1
vegan mayo,1
vegan mayo expeller - pressed canola oil,1
vegan mayonnaise,1
vegan natural beef flavor,1
vegan salmon,1
vegan source,1
vegan spicy mayo expeller - pressed canola oil,1
vegan sugar,1
vegan vit. b12,1
vegan wasabi sauce,1
vegatable broth and salt,1
vegetable and olive oil blend {palm oil,1
vegetable annatto color,1
vegetable anntto color,1
vegetable bouillon,1
vegetable bouillon*,1
vegetable broth carrot and pea extracts),1
vegetable broth concentrate,1
vegetable broth powder,1
vegetable broth salt,1
vegetable broth {pea and carrot extract},1
vegetable broth*,1
vegetable canola,1
vegetable chicken base,1
vegetable coloring,1
vegetable colors,1
vegetable emulsifier,1
vegetable extract,1
vegetable fats and oil,1
vegetable fats and oils,1
vegetable fats soy lecithin,1
vegetable fiber and sea salt,1
vegetable fiber or less of natural flavors,1
vegetable fibers and sea salt,1
vegetable flavor*,1
vegetable gums ._x000d_vitamins and minerals: calcium,1
vegetable juice and beta carotene,1
vegetable juice concentrates {tomato,1
vegetable juice xanthan gum,1
vegetable juices,1
vegetable juices {tomato,1
vegetable margarine eggs,1
vegetable mix,1
vegetable mixture,1
vegetable mono-diglycerides,1
vegetable monoand diglycerides,1
vegetable monoglyceride,1
"vegetable monoglycerides and sorbitan ester of fatty acids , and potassium sorbate",1
vegetable oil *palm kernel,1
vegetable oil . contains or less of annatto,1
vegetable oil . modified starch,1
vegetable oil . sea salt,1
vegetable oil as emulsifier,1
vegetable oil blend {palm oil,1
vegetable oil coconut oil,1
vegetable oil containing one or more of soy,1
vegetable oil contains one or more of the following canola oil sunflower oil,1
vegetable oil corn flour,1
vegetable oil palm kernel,1
vegetable oil palm kernel and/or palm,1
vegetable oil palm*,1
vegetable oil shortening {hydrogenated soybean and/or cottonseed oils},1
vegetable oil sodium bicarbonate,1
vegetable oil soya bean oil palm oil,1
vegetable oil {corn,1
vegetable oil {cottonseed and partially hydrogenated soybean oil with tbhq for freshness and/or canola oil},1
vegetable oil* with citric acid and tbhq added to preserve freshness,1
vegetable oil- rapeseed,1
vegetable oil. pollock fillets pollock,1
vegetable oil: and chicken broth,1
vegetable or soybean,1
vegetable palm oil,1
vegetable powder*,1
vegetable powders,1
vegetable protein from soybeans,1
vegetable protein product,1
vegetable protein),1
vegetable seasoning dehydrated vegetables,1
vegetable seasoning green onion,1
vegetable seasoning water chestnuts,1
vegetable short ening,1
vegetable shortening . cocoa . contains or less of high fructose corn syrup,1
vegetable shortening . contains of less of the following: baking powder salt,1
vegetable shortening . contains or less of each of the following: dextrose,1
vegetable shortening . contains or less of each of the following: leavening,1
vegetable shortening . contains or less of: salt,1
vegetable shortening and canola oil,1
vegetable shortening and/or lard,1
vegetable shortening contains or less of: salt,1
vegetable shortening interesterified and hydrogenated soybean oils,1
vegetable shortening palm*,1
vegetable shortening sugar,1
vegetable shortening with preservative,1
vegetable shortening {partially hydrogenated cottonseed and/or soybean oil,1
vegetable shorting,1
vegetable soup seasoning,1
vegetable stock paste,1
vegetable topper mix,1
vegetables carrots,1
vegetables fat,1
vegetables shortening,1
vegetables*,1
vegetables* and concentrated vegetables*,1
vegetables: green peas,1
vegetables: potatoes,1
vegetableshortening,1
vegetarian chicken flavor,1
velveeta cheese,1
veracruz marinade,1
vermicelli,1
vermont maple syrup,1
vindaloo sauce,1
vine ripened fresh tomatoes,1
vine ripened fresh tomatoes and citric acid,1
vine-ripened tomatoes,1
vine-ripened tomatoes with puree,1
vinegar & natural flavors,1
vinegar & salt,1
"vinegar (acetic acid, citric acid , garlic, pineapple flavor, xanthan gum",1
vinegar ),1
vinegar ). tuna,1
vinegar and natural flavor,1
vinegar concentrated lemon juice,1
vinegar dough conditioners monoglycerides,1
vinegar or acetic acid,1
vinegar spices,1
vinegar water,1
vinegar. may contain lactic acid and sodium benzoate to preserve freshness,1
vinegar},1
virgin coconut oil*,1
virgin coconut*,1
vit. a palmitate,1
vit.a palmitate,1
vital gluten,1
vital wheat gluten). oven roasted turkey breast,1
vital wheat gluten. contains or less of: salt,1
"vitamin """"a"""" palmitate",1
vitamin a palminate added,1
vitamin a palmitate and beta carotene,1
vitamin a palmitate and vitamin d3,1
vitamin a palmitate and vitamin d3 added,1
vitamin a palmitate and vitamin d3. contains active yogurt cultures,1
vitamin a palmitate*,1
vitamin a palpitate,1
vitamin a&d blend,1
vitamin b 12,1
vitamin b1 and b2,1
vitamin b12 . bht added to packaging to preserve freshness,1
vitamin b12 . contains: wheat,1
vitamin b12 vitamin d,1
"vitamin b12""",1
vitamin b12),1
vitamin b12. bht added to packaging material to help preserve freshness,1
vitamin b1],1
vitamin b2 folic acid,1
vitamin b3 and trace of lime,1
vitamin b5,1
vitamin b6 vitamin b2,1
vitamin blend,1
vitamin c . natural flavor,1
vitamin c and sweeteners,1
vitamin c and vitamin e - enriching substances,1
vitamin d mushroom powder,1
vitamin d*,1
vitamin d. bht added to packaging material to help preserve freshness,1
vitamin d2 and d-alpha- tocopherol {natural vitamin e},1
vitamin d2 bakers yeast,1
vitamin d2 mushroom powder,1
vitamin d3 and live active cultures,1
vitamin d3),1
vitamin d3*,1
vitamin d3**,1
vitamin d3***,1
vitamin ds,1
vitamin e added to preserve freshness. vitamin and minerals: calcium carbonate reduced iron and zinc oxide,1
vitamin e to protect color,1
vitamin k,1
vitamina palmitate added,1
vitaminb1,1
vitaminc,1
vitamine,1
vitamine acetate,1
vitamine b2,1
vitamins,1
vitamins a & d3,1
vitamins and minerals: ferric orthophosphate,1
vitamins and minerals: iron,1
vitamnin b1,1
wafer,1
wakame,1
walleye,1
walnut meal,1
walnut oil,1
walnut pieces,1
walnuts and/or pecans,1
walnuts in syrup,1
walnuts pecans,1
walnuts raw,1
walnuts water sour cream leavening,1
walnuts with preservative,1
"wasabi (horseradish, mustard, corn flour, spirulina], ginger [ginger, water, sugar, vinegar), soy sauce",1
wasabi oil,1
wasabi peas,1
wasabi soybeans,1
wasabi wasabi,1
wasabi: wasabi,1
water & chickpeas,1
water & lime juice,1
water & salt,1
water * black beans * quinoa * tomato puree * onion * garlic sea salt * chili & jalapeno peppers,1
water * great northern beans * partially pearled barley * tomato puree * brown rice flour * onion,1
water added as carrier for citric acid,1
water and apple juice concentrate,1
water and binder product,1
water and lime,1
water and malic acid,1
water and pasteurized fresh eggs,1
water and pea fiber,1
water and propellant,1
water and salt potassium meta bisulfate,1
water and sea salt,1
water and sodium tripolyphosphate,1
water and sugar,1
water and white quinoa,1
water as a carrier for citric acid and carrageenan,1
water beef broth*. cherry tomatoes onions carrots green beans,1
water bleached enriched flour,1
water buttermilk,1
water canola oil,1
water chestnuts water,1
water chicken broth flavor,1
water concentrated lemon juice,1
water contains less than of salt,1
water cracked whole wheat,1
water cream,1
water distilled vinegar,1
water enriched flour pinto beans cheddar cheese vegetable oil contains or less cheese sauce mix,1
water enriched wheat flour,1
water enriched wheat flour beef beans vegetable oil,1
water garlic,1
water high fructose,1
water honey,1
water modified corn starch. contains or less of calcium chloride,1
water mustard flour,1
water mustard seed,1
water nonfat dry milk,1
water organic lentils,1
water organic tomato paste,1
water pectin,1
water phosphoric acid,1
water red pepper,1
water rice,1
water semolina,1
water sorbic acid,1
water sorbitol,1
water spices,1
water strawberry puree,1
water sugar soybean oil,1
water vegetable broth,1
water vegetable shortening,1
water wheat,1
water wheat. soybeans,1
"water, high fructose corn syrup, contains less than of ascorbic acid , natural and artificial flavor, citric acid, potassium citrate, yellow 5, yellow 6, potassium sorbate",1
"water, whole grain brown rice*, red rice*, black quinoa*",1
water. contains less than of the following: sea salt,1
water. contains less than of: corn starch,1
water. corn syrup,1
water. corn syrup. egg yolks distilled vinegar,1
water. filling ingredients: ricotta cheese from cow's milk whey,1
water. filling: cheese,1
water. lemon juice {filtered water,1
water. onions,1
water. propool,1
water. salt,1
water. sauce: tomato pure,1
water. soy bean,1
water. sugar,1
water. unsalted butter,1
water. vegetable oil {soybean and/or canola} distilled vinegar egg yolk. modified food starch,1
waterchestnut,1
watermellon,1
watermelon flavor,1
watermelon flavor extract,1
watermelon rind,1
watermelon sherbet ingredients: water,1
watermelon slices,1
watre,1
wax beans,1
wayer,1
weat starch,1
weter,1
wheat and corn starch,1
wheat and salt,1
wheat berries,1
wheat berry & barley blend,1
wheat berry},1
wheat cereal*,1
wheat dextrose,1
wheat dinner rolls,1
wheat dough,1
wheat farina,1
wheat flour and rye flour,1
wheat flour and water,1
wheat flour bakery of the highest grade,1
wheat flour calcium sulfate,1
wheat flour enriched water,1
wheat flour malic acid,1
wheat flour malted barley flour,1
wheat flour modified corn starch,1
wheat flour niacin,1
wheat flour se salt,1
wheat flour water,1
wheat flour with niacin,1
wheat flour {wheat flour,1
wheat flour. malted barley flour,1
wheat flour. niacin,1
wheat flour. yeast,1
wheat flour],1
wheat germ and ferric orthophosphate,1
wheat gluten and or less of: calcium sulfate,1
wheat gluten salt,1
wheat gluten yeast. wheat bran,1
wheat gluten*,1
wheat gluten. cheese: low moisture part skim mozzarella cheese,1
wheat gluten. contains or less of: soybean oil,1
wheat grass powder,1
wheat malt,1
wheat maltodextrin,1
wheat milk,1
wheat pullman bread,1
wheat roll,1
wheat salt,1
wheat sourdough,1
wheat sourdough powder,1
wheat starch honey,1
wheat starch. non-gmo soybean oil,1
wheat starch. vitamins and minerals: reduced iron,1
wheat tortilla,1
wheat tortilla additive,1
"wheat tortilla additive may be contains one or more of this preservatives (benzoic acid, sorbic acid, fumaric acid carboxymethylcellulose as texturing",1
wheat. flour,1
wheat. manufactured on shared equipment that processes products that contain tree nuts,1
wheat. salt,1
wheatberries,1
wheatflour,1
wheat},1
whet starch,1
whey . nonfat yogurt powder,1
whey and lecithin,1
whey food starch-modified,1
whey l- cysteine hydrochloride salt,1
whey nonfat milk,1
whey permeate,1
whey powder . quinoa,1
whey powder l-cystene to keep freshness,1
whey powder milk,1
whey powder salt vinegar powder,1
whey protein blend,1
whey protein concentrate natural and artificial flavor,1
whey protein concentrate},1
whey protein solids,1
whey protein vanilla extract,1
whey salt,1
whey salt melting,1
whey solids and cellulose,1
whey soy flour,1
whey soybean oil,1
whey*,1
whey. cream,1
whey. set in vegetable oil,1
which impart color,1
whipped butter blend spread,1
whiskey,1
white & portobello mushrooms,1
white albacore tuna,1
white balsamic vinaigrette,1
white beans*,1
white beeswax,1
white bread,1
white cabbage,1
white cheddar cheese sauce,1
white cheddar cheese*,1
white cheese,1
white chicken,1
white chocolate contains: sugar,1
white coating,1
white corn cooked with lime,1
white corn cooked with lime water,1
white corn cooked with limewater,1
white corn grits,1
white corn with traces of lime,1
white degerminated corn meal,1
white distilled vinegar powder,1
white frosting mix,1
white grape juice concentrate**,1
white icing: {sugar,1
white meat turkey,1
white mustard,1
white pepper. pasta: wheat flour,1
white quinoa and red quinoa,1
white refined sugar,1
white rice meal,1
white roll,1
white spring truffles,1
white tuna fish,1
white vinegar powder,1
white wheat,1
white whole corn,1
white whole grain sorghum flour,1
white wine citric acid,1
whiteleg shrimp,1
whole amaranth,1
whole barley flour mix,1
whole black quinoa,1
whole brown flax seed,1
whole corn,1
whole cultivated blueberries,1
whole dry milk,1
whole egg and egg yolks,1
whole egg powder,1
whole egg. contains less than of salt,1
whole egg. erythritol,1
whole egg. fried in grapeseed oil,1
whole eggs with citric acid,1
whole flax seeds,1
whole golden omega organic flaxseed,1
whole grain,1
whole grain amaranth seed,1
whole grain barley,1
whole grain brown rice crisps,1
whole grain bulgur wheat,1
whole grain corn flour,1
whole grain corn meal,1
whole grain crushed wheat,1
whole grain flakes,1
whole grain flour,1
whole grain flour blend,1
whole grain flours,1
whole grain millet flour,1
whole grain millet seeds,1
whole grain oatmeal,1
whole grain quinoa,1
whole grain quinoa flour,1
whole grain red quinoa,1
whole grain red rice,1
whole grain rolled oats*,1
whole grain rolled oats. contains or less of each of the following: cocoa,1
whole grain rolled wheat,1
whole grain rolled wheat flakes,1
whole grain rye meal,1
whole grain sweet white sorghum flour,1
whole grain teff seeds,1
whole grain toast,1
whole grain wheat bread,1
whole grain wheat. freshness preserved with vitamin e,1
whole grain yellow corn flour,1
whole green beans,1
whole green peas,1
whole ground yellow corn*,1
whole hulled organic soybeans,1
whole lentils,1
whole liquid egg,1
whole liquid eggs,1
whole liquid pasteurized egg,1
whole milk chocolate liquor,1
whole milk ricotta cheese bread crumbs,1
whole milk with vitamin d3,1
whole oat flakes,1
whole pasteurized goat milk,1
whole peeled tomatoes,1
whole raw almonds,1
whole red grain quinoa,1
whole red quinoa,1
whole roasted almonds,1
whole roasted barley,1
whole rolled wheat,1
whole rye nuggets,1
whole sardines and water,1
whole shell egg,1
whole slices of pork,1
whole soy beans,1
whole triticale flour,1
whole washed quinoa seeds,1
whole wheat bread flour,1
whole wheat durum wheat flour,1
"whole wheat flour ""00""",1
whole wheat flour and enriched wheat flour,1
whole wheat flour rye meal,1
whole wheat flour smartsugar whey protein concentrate banana wheat protein isolate tapioca starch baking powder natural flavor sea salt,1
whole wheat flour water,1
whole wheat graham flour,1
whole wheat kernels,1
whole wheat orzo,1
whole wheat* *,1
whole wheat**,1
whole wheat/ graham flour,1
whole white peppercorn,1
whole white quinoa,1
whole white quinoa grain,1
whole yellow corn flour,1
wholegrain rice,1
wholemeal rye flour,1
wholesome gluten free flour mix,1
wild alaska pollock,1
wild alaskan,1
wild albacore tuna,1
wild caught,1
wild caught anchovies,1
wild caught skipjack tuna,1
wild caught tuna,1
wild cod fillet,1
wild harvested venison,1
wild pacific salmon,1
wild pepper,1
wild red whole grain rice blend,1
wild sockeye alaskan salmon,1
wild sockeye salmon,1
wild-caught atlantic cod,1
wild-caught cod,1
wild-caught shrimp,1
wildflower & alfalfa honey,1
wine solids,1
winter melon,1
with annatto extract,1
with artificial colors,1
with bha,1
with calcium stearate and silicon dioxide added to prevent caking,1
with caramel color,1
with carrageenan,1
with citric acid,1
with glyceryl lacto esters of fatty acids,1
with hydrolyzed soy protein,1
with mixed tocopherols,1
with mono & diglycerides and citric acid,1
with mono and diglycerides added,1
with mono and diglycerides added. colored with annatto. calcium disodium edta added as preservative,1
with natural flavors,1
with natural sulfites,1
with or less of the following: salt,1
with organic soybeans and autolyzed yeast extract,1
with pineapple juice and citric acid,1
with salt,1
with sorbic acid,1
with vitamins a & d,1
with yeast extract,1
without animal enzymes or rennet,1
wonf,1
woodear mushroom,1
worcestershire flavor,1
"worcestershire sauce (water, distilled vinegar, corn syrup, soy sauce , turkey base (oven roasted turkey with natural juices, maltodextrin , shallots, duon mustard , salt, garlic, black pepper",1
worcestershire sauce {distilled vinegar,1
worchestershire sauce,1
wrapper: enriched flour,1
wrapper: wheat flour,1
xantahn gum,1
xanthan & guar gums,1
xanthan &/or carob bean &/or guar gums,1
xanthan and/or carob bean,1
xanthan gum and annatto,1
xanthan gum and carboxymethyl cellulose,1
xanthan gum and citric acid,1
xanthan gum and natural extract paprika,1
xanthan gum and potassium sorbate,1
xanthan gum and sodium benzoate,1
xanthan gum and traces of food grade lime,1
xanthan gum guar gum,1
xanthan gum sodium benzoate,1
xanthan gum spice,1
xanthan gum)),1
xanthan gum*,1
xanthan gum+,1
"xanthan gum, cheese: romano type cheese",1
xanthan gum. basmati rice: water,1
xanthan gum. beef extract,1
xanthan gum. cookie crumbles: sugar,1
xanthan gum. crust: wheat flour,1
xanthan gum. garnish: enriched flour . sugar,1
xanthan gum. topping: sugar,1
xanthan gum],1
xanthan gun,1
xanthum or guar or carob bean gums,1
yearst,1
yeast ammonium bicarbonate,1
yeast and bacteria cultures,1
yeast and natural mold inhibitor,1
yeast and proteolytic enzymes,1
yeast and salt,1
yeast autolyzed,1
yeast calcium sulfate,1
yeast contains or less of: molasses,1
yeast extract and extractives of paprika,1
yeast extract and sodium tripolyphosphate,1
yeast extract beef flavor,1
yeast extract disodium inosinate,1
yeast extract onion powder,1
yeast extract salt,1
yeast extract spice dried parsley,1
yeast extract. breading set in vegetable oil,1
yeast extract},1
yeast garlic powder,1
yeast nutrients . gyros slices: beef,1
yeast salt,1
yeast topped with olive oil,1
yeast wheat gluten,1
yeast). sauce: . white cheddar cheese,1
yeast. contains or less of each of the following: corn starch,1
yeast. contains or less of each of the following: wheat gluten,1
yeast. contains or less of: corn syrup,1
yeast. contains or less of: salt,1
yeast. contains or less of: wheat bran,1
yeast. filling: salmon with sodium phosphate,1
yeast. filling: spinach,1
yeast. topping: butter blend,1
yeast. vitamins & minerals: reduced iron,1
yellow,1
yellow # 5 and blue #1,1
yellow #1,1
yellow #5 & 6,1
yellow #5 & blue # 1,1
yellow #5 and yellow #6,1
yellow #6 and calcium disodium edta to protect color,1
yellow #6 and red #40,1
yellow #6 and titanium dioxide,1
yellow #6 lake,1
yellow & blue #1,1
yellow 45,1
yellow 5 & 6. partially fried in canola oil,1
yellow 5 aluminum lake blue 1 aluminum lake,1
yellow 5 red 40,1
yellow 5 yellow 6,1
yellow 6 and bluf1,1
yellow 6 and oleoresin turmeric,1
yellow 6 and red 40,1
yellow 6. partially fried in canola oil,1
yellow 6. vitamins and minerals: reduced iron,1
yellow and blue corn tortilla strips,1
yellow and white corn,1
yellow beeswax,1
yellow carrot juice,1
yellow cheddar cheese,1
yellow com flour,1
yellow corn flour dextrose,1
yellow corn flour*,1
yellow corn mean,1
yellow corn starch,1
yellow cornmeal,1
yellow fd&c color,1
yellow flavor. dextrose corn staroh. trio alcium phosphate . aloohol,1
yellow flax seed,1
yellow lakes 5 & 6,1
yellow lemon juice,1
yellow lentil flour,1
yellow mustard flour,1
yellow mustard seed,1
yellow no.6,1
yellow peas,1
yellow pepper,1
yellow popcorn kernels,1
yellow prussiate of soda {prevents caking},1
yellow split lentils,1
yellow split pea flour,1
yellow squash,1
yellow wax beans,1
yellows,1
yerba mate,1
yodized salt,1
"yogurt (grade a pasteurized skim milk, cream, milk protein concentrate, food starch, gelatin, pectin, cultures , cucumbers, garlic, sea salt, white vinegar, dill, natamycin . contains milk",1
"yogurt (grade a pasteurized skim milk, cream, milk protein concentrate, food starch, gelatin, pectin, cultures , spinach, marinated artichokes , sea salt, roasted garlic, sugar, natamycin",1
yogurt ),1
yogurt blend nonfat milk,1
yogurt coated raisins ),1
"yogurt coating (evaporated cane syrup, fractionated palm kernel oil, yogurt powder , soy lecithin , lactic acid, vanilla, salt, mini pretzel twists",1
"yogurt coating (sugar, hydrogenated palm kernel oil, nonfat milk powder, yogurt powder , artificial color , lactic acid, soy lecithin , vanillin , pretzels",1
"yogurt coating . pretzels (unbleached enriched wheat flour [flour, niacin, reduced iron, thiamine mononitrate-b1, riboflavin-b2, folic acid), malt, salt, soybean oil, and yeast)",1
yogurt coating . pretzels: enriched flour,1
yogurt coating pretzels,1
"yogurt coating(sugar, palm kernel oil & palm oil reduced mineral whey powder, whole milk powder titanium dioxide, yogurt powder , raisins . gum arabic, corn syrup sugar & certified confectioners glaze",1
yogurt coating: sugar,1
yogurt covered pretzels,1
"yogurt flavored coating (sugar, palm kernel oil and/or palm oil, nonfat milk powder, whey powder, nonfat yogurt powder , titanium dioxide , soy lecithin [emulsifier), lactic acid, vanilla), pretzels",1
yogurt flavored coating and pretzels,1
yogurt flavored coating isugar,1
yogurt flavored coating pretzels,1
yogurt flavored confecionery coating,1
"yogurt flavored confectionery coating (sugar, vegetable oil , whey powder , dry nonfat yogurt , soy lecithin [emulsifier), salt, vanilla extract), pretzels",1
yogurt flavored confectionery coating . pretzels,1
yogurt flavoured coating,1
"yogurt powder [cultured whey protein concentrate and cultured skim milk), soy lecithin [emulsifier), artificial color , salt, lactic acid, natural flavor",1
yogurt powder cultured whey,1
yogurt powder nonfat dry milk solids,1
yogurt powder soy lecithin,1
yogurt pretzels,1
"yogurt raisins (raisins, yogurt coating , raisins",1
yogurt sauce: pasteurized yogurt,1
yogurt**,1
yogurt-flavored coating,1
yogurt: cultured pasteurized whole milk. banana: banana puree,1
yoplait lowfat vanilla yogurt cultured pasteurized grade a low fat milk,1
young coconut pulp,1
yucca extract,1
yucca mohave extract calcium disodium edta,1
yukon gold potato,1
yummi ponzu sauce,1
yummi sushi vinegar sugar,1
zaatar,1
zego seed blend*,1
zinc and iron,1
zinc oxide. pyridoxine hydrochloride,1
zinc ozide,1
{distilled vinegar,1
{reduced},1
{sauce packet] cod roe shortening .sal.t water. monosodium glutamate. sugar,1
{soybeans,1
